alert_id,timestamp,priority,category,title,detail,officer_rank,officer_name,unit,location,latitude,longitude,h3_r8,status
FA-00001,2026-03-16T10:54:00,urgent,crowd,Crowd build-up at venue gate,Entry queue spilling onto the road; requesting two more constables.,PSI,R. Chaudhary,PCR-3,Kudasan,23.19307,72.631773,8842cc6121fffff,resolved
FA-00002,2026-03-16T13:35:00,attention,infrastructure,CCTV camera not recording,Junction camera offline; control room informed.,PC,K. Thakor,Beat 4,Sector 16 Commercial,23.223151,72.64134,8842cc6157fffff,resolved
FA-00003,2026-03-16T14:54:00,attention,suspicious,Suspicious vehicle parked since morning,Hatchback without a number plate; owner not traced yet.,PC,J. Solanki,Beat 5,Sector 16 Commercial,23.226117,72.642789,8842cc6157fffff,resolved
FA-00004,2026-03-16T17:05:00,urgent,public_order,Scuffle between two groups,"Situation contained, both parties brought to the chowky.",HC,B. Gohil,Beat 6,Akshardham (Sector 20),23.23852,72.65818,8842cc6021fffff,resolved
FA-00005,2026-03-16T18:08:00,attention,suspicious,Suspicious vehicle parked since morning,Hatchback without a number plate; owner not traced yet.,HC,M. Parmar,Beat 2,GIFT City,23.161998,72.68286,8842cc6ab9fffff,resolved
FA-00006,2026-03-16T18:13:00,attention,infrastructure,Streetlights out on service road,Roughly 400 m stretch dark; recommend a night patrol pass.,PC,K. Thakor,Beat 4,Infocity,23.186495,72.63277,8842cc6121fffff,resolved
FA-00007,2026-03-17T06:13:00,info,patrol,Nakabandi point established,"Vehicle checking in progress, no incidents so far.",PC,J. Solanki,Beat 5,GIFT City,23.163527,72.679083,8842cc6a87fffff,resolved
FA-00008,2026-03-17T13:14:00,attention,suspicious,Suspicious vehicle parked since morning,Hatchback without a number plate; owner not traced yet.,PSI,R. Chaudhary,PCR-3,Sargasan Crossroads,23.172134,72.628937,8842cc6a11fffff,resolved
FA-00009,2026-03-17T15:57:00,info,patrol,Foot patrol completed,Market stretch covered; shopkeepers briefed on shutter locks.,PC,H. Zala,Beat 3,GIFT City,23.168368,72.682451,8842cc6a83fffff,resolved
FA-00010,2026-03-17T21:18:00,info,patrol,Foot patrol completed,Market stretch covered; shopkeepers briefed on shutter locks.,PC,A. Makwana,Beat 1,GIFT City,23.165186,72.680901,8842cc6a83fffff,resolved
FA-00011,2026-03-18T00:12:00,info,patrol,Foot patrol completed,Market stretch covered; shopkeepers briefed on shutter locks.,PC,A. Makwana,Beat 1,GIFT City,23.165124,72.679914,8842cc6a83fffff,resolved
FA-00012,2026-03-18T00:31:00,info,patrol,Foot patrol completed,Market stretch covered; shopkeepers briefed on shutter locks.,HC,B. Gohil,Beat 6,Sector 16 Commercial,23.227724,72.640031,8842cc6157fffff,resolved
FA-00013,2026-03-18T09:15:00,urgent,crime_in_progress,Break-in attempt at locked house,Neighbours heard the lock being forced; suspects left before arrival.,PSI,N. Desai,PCR-2,Infocity,23.189025,72.629485,8842cc6121fffff,resolved
FA-00014,2026-03-18T17:11:00,urgent,public_order,Scuffle between two groups,"Situation contained, both parties brought to the chowky.",PC,K. Thakor,Beat 4,GIFT City,23.165553,72.67998,8842cc6a83fffff,resolved
FA-00015,2026-03-18T20:50:00,attention,suspicious,Unattended bag reported,Bag checked and cleared; owner located nearby.,HC,M. Parmar,Beat 2,Sector 21 Market,23.222526,72.65128,8842cc6119fffff,resolved
FA-00016,2026-03-19T12:20:00,info,patrol,Foot patrol completed,Market stretch covered; shopkeepers briefed on shutter locks.,PC,K. Thakor,Beat 4,Sector 21 Market,23.218582,72.649761,8842cc611dfffff,resolved
FA-00017,2026-03-19T22:54:00,urgent,crime_in_progress,Break-in attempt at locked house,Neighbours heard the lock being forced; suspects left before arrival.,PC,J. Solanki,Beat 5,Sector 21 Market,23.220777,72.647999,8842cc611dfffff,resolved
FA-00018,2026-03-20T01:29:00,info,patrol,Nakabandi point established,"Vehicle checking in progress, no incidents so far.",PC,J. Solanki,Beat 5,Sargasan Crossroads,23.168936,72.631049,8842cc6a11fffff,resolved
FA-00019,2026-03-20T08:32:00,attention,suspicious,Suspicious vehicle parked since morning,Hatchback without a number plate; owner not traced yet.,ASI,D. Vaghela,PCR-1,Sector 21 Market,23.222838,72.647041,8842cc6119fffff,resolved
FA-00020,2026-03-20T09:52:00,info,patrol,Night round completed,Residential lanes checked; nothing to report.,HC,M. Parmar,Beat 2,Sector 16 Commercial,23.225138,72.641717,8842cc6157fffff,resolved
FA-00021,2026-03-20T16:52:00,attention,infrastructure,CCTV camera not recording,Junction camera offline; control room informed.,PSI,R. Chaudhary,PCR-3,Infocity,23.188217,72.624329,8842cc612dfffff,resolved
FA-00022,2026-03-20T17:25:00,urgent,crime_in_progress,Chain snatching reported,Two suspects on a motorcycle fled the spot; description circulated.,PSI,R. Chaudhary,PCR-3,Akshardham (Sector 20),23.238081,72.660558,8842cc6021fffff,resolved
FA-00023,2026-03-20T18:51:00,info,patrol,Foot patrol completed,Market stretch covered; shopkeepers briefed on shutter locks.,HC,M. Parmar,Beat 2,Sector 7 Secretariat,23.209779,72.634251,8842cc6101fffff,resolved
FA-00024,2026-03-20T19:31:00,attention,infrastructure,CCTV camera not recording,Junction camera offline; control room informed.,PSI,N. Desai,PCR-2,Kudasan,23.18987,72.632642,8842cc6121fffff,resolved
FA-00025,2026-03-21T01:52:00,attention,suspicious,Unattended bag reported,Bag checked and cleared; owner located nearby.,ASI,D. Vaghela,PCR-1,Kudasan,23.19131,72.635301,8842cc6121fffff,resolved
FA-00026,2026-03-21T11:40:00,urgent,crime_in_progress,Break-in attempt at locked house,Neighbours heard the lock being forced; suspects left before arrival.,PC,H. Zala,Beat 3,Sector 7 Secretariat,23.21512,72.630447,8842cc6109fffff,resolved
FA-00027,2026-03-21T17:04:00,urgent,public_order,Scuffle between two groups,"Situation contained, both parties brought to the chowky.",PSI,R. Chaudhary,PCR-3,Kudasan,23.188819,72.636556,8842cc6123fffff,resolved
FA-00028,2026-03-21T17:32:00,urgent,public_order,Scuffle between two groups,"Situation contained, both parties brought to the chowky.",PC,A. Makwana,Beat 1,GIFT City,23.164919,72.683154,8842cc6a83fffff,resolved
FA-00029,2026-03-21T20:32:00,info,patrol,Night round completed,Residential lanes checked; nothing to report.,PC,K. Thakor,Beat 4,Sargasan Crossroads,23.169818,72.630588,8842cc6a11fffff,resolved
FA-00030,2026-03-22T14:45:00,info,patrol,Nakabandi point established,"Vehicle checking in progress, no incidents so far.",PSI,N. Desai,PCR-2,GIFT City,23.164927,72.684075,8842cc6ab9fffff,resolved
FA-00031,2026-03-22T15:59:00,info,patrol,Nakabandi point established,"Vehicle checking in progress, no incidents so far.",PC,J. Solanki,Beat 5,Kudasan,23.190533,72.635712,8842cc6121fffff,resolved
FA-00032,2026-03-22T18:39:00,attention,suspicious,Unattended bag reported,Bag checked and cleared; owner located nearby.,PC,A. Makwana,Beat 1,Sector 16 Commercial,23.22886,72.640716,8842cc6153fffff,resolved
FA-00033,2026-03-22T19:16:00,urgent,crime_in_progress,Mobile snatching reported,Victim's phone snatched by a pillion rider; nearby units alerted.,HC,M. Parmar,Beat 2,Infocity,23.184771,72.629163,8842cc6125fffff,resolved
FA-00034,2026-03-23T01:01:00,attention,infrastructure,CCTV camera not recording,Junction camera offline; control room informed.,HC,M. Parmar,Beat 2,Sector 21 Market,23.216302,72.650932,8842cc6115fffff,resolved
FA-00035,2026-03-23T06:20:00,info,patrol,Night round completed,Residential lanes checked; nothing to report.,ASI,S. Rathod,PCR-4,GIFT City,23.16772,72.682409,8842cc6a83fffff,resolved
FA-00036,2026-03-23T07:02:00,urgent,crime_in_progress,Break-in attempt at locked house,Neighbours heard the lock being forced; suspects left before arrival.,HC,B. Gohil,Beat 6,GIFT City,23.16514,72.680901,8842cc6a83fffff,resolved
FA-00037,2026-03-23T15:37:00,attention,suspicious,Unattended bag reported,Bag checked and cleared; owner located nearby.,PC,H. Zala,Beat 3,GIFT City,23.16113,72.681764,8842cc6a87fffff,resolved
FA-00038,2026-03-23T20:02:00,attention,infrastructure,Streetlights out on service road,Roughly 400 m stretch dark; recommend a night patrol pass.,PSI,R. Chaudhary,PCR-3,Infocity,23.188896,72.629874,8842cc6121fffff,resolved
FA-00039,2026-03-23T20:30:00,urgent,public_order,Scuffle between two groups,"Situation contained, both parties brought to the chowky.",PC,J. Solanki,Beat 5,Sector 16 Commercial,23.227877,72.645198,8842cc6153fffff,resolved
FA-00040,2026-03-23T22:08:00,attention,suspicious,Unattended bag reported,Bag checked and cleared; owner located nearby.,ASI,S. Rathod,PCR-4,Sector 7 Secretariat,23.213763,72.633962,8842cc6101fffff,resolved
FA-00041,2026-03-24T13:22:00,info,patrol,Nakabandi point established,"Vehicle checking in progress, no incidents so far.",PC,A. Makwana,Beat 1,Akshardham (Sector 20),23.237419,72.661694,8842cc6027fffff,resolved
FA-00042,2026-03-24T15:49:00,urgent,crowd,Crowd build-up at venue gate,Entry queue spilling onto the road; requesting two more constables.,PC,K. Thakor,Beat 4,GIFT City,23.166166,72.680258,8842cc6a83fffff,resolved
FA-00043,2026-03-24T18:24:00,attention,infrastructure,Streetlights out on service road,Roughly 400 m stretch dark; recommend a night patrol pass.,PC,J. Solanki,Beat 5,Akshardham (Sector 20),23.241127,72.658116,8842cc6021fffff,resolved
FA-00044,2026-03-24T20:24:00,info,patrol,Nakabandi point established,"Vehicle checking in progress, no incidents so far.",PC,H. Zala,Beat 3,Sector 7 Secretariat,23.212953,72.634724,8842cc6101fffff,resolved
FA-00045,2026-03-24T20:45:00,attention,infrastructure,Streetlights out on service road,Roughly 400 m stretch dark; recommend a night patrol pass.,PSI,N. Desai,PCR-2,Sector 16 Commercial,23.230945,72.641809,8842cc6153fffff,resolved
FA-00046,2026-03-24T22:34:00,attention,suspicious,Suspicious vehicle parked since morning,Hatchback without a number plate; owner not traced yet.,PC,K. Thakor,Beat 4,Sector 16 Commercial,23.226974,72.644252,8842cc6157fffff,resolved
FA-00047,2026-03-25T07:31:00,info,patrol,Night round completed,Residential lanes checked; nothing to report.,HC,B. Gohil,Beat 6,Sector 7 Secretariat,23.211058,72.6334,8842cc6101fffff,resolved
FA-00048,2026-03-25T10:02:00,attention,traffic,Traffic congestion at junction,Signal fault causing tailback; manual regulation started.,PSI,N. Desai,PCR-2,GIFT City,23.166459,72.682305,8842cc6a83fffff,resolved
FA-00049,2026-03-25T11:03:00,attention,infrastructure,Streetlights out on service road,Roughly 400 m stretch dark; recommend a night patrol pass.,PSI,N. Desai,PCR-2,Sargasan Crossroads,23.16918,72.63141,8842cc6a11fffff,resolved
FA-00050,2026-03-25T13:09:00,attention,infrastructure,Streetlights out on service road,Roughly 400 m stretch dark; recommend a night patrol pass.,PSI,N. Desai,PCR-2,Akshardham (Sector 20),23.237991,72.662819,8842cc6023fffff,resolved
FA-00051,2026-03-25T20:04:00,attention,suspicious,Unattended bag reported,Bag checked and cleared; owner located nearby.,PSI,R. Chaudhary,PCR-3,Sargasan Crossroads,23.168657,72.63039,8842cc6a11fffff,resolved
FA-00052,2026-03-25T22:12:00,info,patrol,Foot patrol completed,Market stretch covered; shopkeepers briefed on shutter locks.,HC,M. Parmar,Beat 2,Sector 21 Market,23.221979,72.65357,8842cc6111fffff,resolved
FA-00053,2026-03-26T02:11:00,info,patrol,Night round completed,Residential lanes checked; nothing to report.,HC,B. Gohil,Beat 6,Sector 21 Market,23.220707,72.648918,8842cc611dfffff,resolved
FA-00054,2026-03-26T11:49:00,info,patrol,Nakabandi point established,"Vehicle checking in progress, no incidents so far.",PSI,R. Chaudhary,PCR-3,Sector 21 Market,23.218318,72.648371,8842cc611dfffff,resolved
FA-00055,2026-03-26T16:27:00,attention,infrastructure,Streetlights out on service road,Roughly 400 m stretch dark; recommend a night patrol pass.,HC,M. Parmar,Beat 2,Sargasan Crossroads,23.170038,72.63344,8842cc6a11fffff,resolved
FA-00056,2026-03-26T17:10:00,attention,traffic,Traffic congestion at junction,Signal fault causing tailback; manual regulation started.,PC,A. Makwana,Beat 1,Akshardham (Sector 20),23.235783,72.658393,8842cc6027fffff,resolved
FA-00057,2026-03-26T21:03:00,info,patrol,Nakabandi point established,"Vehicle checking in progress, no incidents so far.",HC,B. Gohil,Beat 6,Infocity,23.183882,72.627425,8842cc6125fffff,resolved
FA-00058,2026-03-27T08:55:00,attention,traffic,Traffic congestion at junction,Signal fault causing tailback; manual regulation started.,PC,J. Solanki,Beat 5,Kudasan,23.189731,72.63575,8842cc6121fffff,resolved
FA-00059,2026-03-27T10:40:00,info,patrol,Foot patrol completed,Market stretch covered; shopkeepers briefed on shutter locks.,PC,J. Solanki,Beat 5,GIFT City,23.162775,72.682234,8842cc6ab9fffff,resolved
FA-00060,2026-03-27T12:21:00,urgent,crime_in_progress,Chain snatching reported,Two suspects on a motorcycle fled the spot; description circulated.,ASI,D. Vaghela,PCR-1,Kudasan,23.191075,72.636228,8842cc6123fffff,resolved
FA-00061,2026-03-27T15:47:00,attention,suspicious,Unattended bag reported,Bag checked and cleared; owner located nearby.,ASI,S. Rathod,PCR-4,Sector 16 Commercial,23.228939,72.641656,8842cc6153fffff,resolved
FA-00062,2026-03-27T16:54:00,info,patrol,Night round completed,Residential lanes checked; nothing to report.,PSI,R. Chaudhary,PCR-3,Sargasan Crossroads,23.175011,72.629238,8842cc6a1bfffff,resolved
FA-00063,2026-03-27T17:11:00,attention,suspicious,Unattended bag reported,Bag checked and cleared; owner located nearby.,PC,J. Solanki,Beat 5,Sector 16 Commercial,23.224518,72.642635,8842cc6157fffff,resolved
FA-00064,2026-03-27T17:21:00,urgent,crime_in_progress,Chain snatching reported,Two suspects on a motorcycle fled the spot; description circulated.,HC,B. Gohil,Beat 6,Sector 16 Commercial,23.227107,72.640963,8842cc6157fffff,resolved
FA-00065,2026-03-27T19:51:00,urgent,crime_in_progress,Mobile snatching reported,Victim's phone snatched by a pillion rider; nearby units alerted.,ASI,D. Vaghela,PCR-1,Sector 16 Commercial,23.229699,72.641407,8842cc6153fffff,resolved
FA-00066,2026-03-28T12:06:00,urgent,crime_in_progress,Chain snatching reported,Two suspects on a motorcycle fled the spot; description circulated.,PC,A. Makwana,Beat 1,Sargasan Crossroads,23.166876,72.63364,8842cc6a11fffff,resolved
FA-00067,2026-03-28T12:53:00,info,patrol,Night round completed,Residential lanes checked; nothing to report.,PSI,R. Chaudhary,PCR-3,Sector 21 Market,23.216763,72.650345,8842cc611dfffff,resolved
FA-00068,2026-03-28T17:24:00,attention,traffic,Traffic congestion at junction,Signal fault causing tailback; manual regulation started.,HC,B. Gohil,Beat 6,Akshardham (Sector 20),23.237196,72.656315,8842cc6021fffff,resolved
FA-00069,2026-03-28T17:37:00,attention,suspicious,Unattended bag reported,Bag checked and cleared; owner located nearby.,PC,J. Solanki,Beat 5,Akshardham (Sector 20),23.240426,72.659473,8842cc6021fffff,resolved
FA-00070,2026-03-29T04:43:00,info,patrol,Nakabandi point established,"Vehicle checking in progress, no incidents so far.",HC,B. Gohil,Beat 6,Sector 21 Market,23.222514,72.647332,8842cc6119fffff,resolved
FA-00071,2026-03-29T16:05:00,info,patrol,Foot patrol completed,Market stretch covered; shopkeepers briefed on shutter locks.,HC,M. Parmar,Beat 2,GIFT City,23.16615,72.682493,8842cc6a83fffff,resolved
FA-00072,2026-03-30T02:25:00,attention,traffic,Traffic congestion at junction,Signal fault causing tailback; manual regulation started.,ASI,S. Rathod,PCR-4,Sector 21 Market,23.218039,72.652142,8842cc6111fffff,resolved
FA-00073,2026-03-31T11:02:00,attention,traffic,Traffic congestion at junction,Signal fault causing tailback; manual regulation started.,PC,K. Thakor,Beat 4,Sargasan Crossroads,23.172729,72.628525,8842cc6a11fffff,resolved
FA-00074,2026-03-31T12:01:00,info,patrol,Foot patrol completed,Market stretch covered; shopkeepers briefed on shutter locks.,PC,A. Makwana,Beat 1,Sector 21 Market,23.217703,72.651061,8842cc6111fffff,resolved
FA-00075,2026-03-31T12:45:00,attention,infrastructure,Streetlights out on service road,Roughly 400 m stretch dark; recommend a night patrol pass.,PSI,R. Chaudhary,PCR-3,Sector 16 Commercial,23.229226,72.641657,8842cc6153fffff,resolved
FA-00076,2026-03-31T17:07:00,attention,infrastructure,CCTV camera not recording,Junction camera offline; control room informed.,PC,A. Makwana,Beat 1,Sector 16 Commercial,23.226395,72.641754,8842cc6157fffff,resolved
FA-00077,2026-03-31T17:27:00,info,patrol,Nakabandi point established,"Vehicle checking in progress, no incidents so far.",HC,B. Gohil,Beat 6,GIFT City,23.164073,72.679623,8842cc6a87fffff,resolved
FA-00078,2026-03-31T20:53:00,urgent,public_order,Scuffle between two groups,"Situation contained, both parties brought to the chowky.",PSI,N. Desai,PCR-2,Sector 7 Secretariat,23.21415,72.629574,8842cc6109fffff,resolved
FA-00079,2026-04-01T06:56:00,info,patrol,Night round completed,Residential lanes checked; nothing to report.,PSI,R. Chaudhary,PCR-3,Akshardham (Sector 20),23.236272,72.657717,8842cc6021fffff,resolved
FA-00080,2026-04-01T09:24:00,attention,infrastructure,Streetlights out on service road,Roughly 400 m stretch dark; recommend a night patrol pass.,ASI,S. Rathod,PCR-4,Sector 7 Secretariat,23.213412,72.630826,8842cc6109fffff,resolved
FA-00081,2026-04-02T11:35:00,attention,traffic,Traffic congestion at junction,Signal fault causing tailback; manual regulation started.,HC,B. Gohil,Beat 6,Kudasan,23.194137,72.638555,8842cc612bfffff,resolved
FA-00082,2026-04-02T15:12:00,attention,infrastructure,CCTV camera not recording,Junction camera offline; control room informed.,ASI,D. Vaghela,PCR-1,GIFT City,23.165256,72.679402,8842cc6a83fffff,resolved
FA-00083,2026-04-03T08:30:00,urgent,crowd,Crowd build-up at venue gate,Entry queue spilling onto the road; requesting two more constables.,ASI,S. Rathod,PCR-4,Kudasan,23.193661,72.637169,8842cc612bfffff,resolved
FA-00084,2026-04-03T12:56:00,urgent,crime_in_progress,Break-in attempt at locked house,Neighbours heard the lock being forced; suspects left before arrival.,PC,K. Thakor,Beat 4,Sector 7 Secretariat,23.212097,72.633766,8842cc6101fffff,resolved
FA-00085,2026-04-03T14:36:00,info,patrol,Foot patrol completed,Market stretch covered; shopkeepers briefed on shutter locks.,ASI,D. Vaghela,PCR-1,Sector 7 Secretariat,23.2117,72.62949,8842cc6101fffff,resolved
FA-00086,2026-04-03T15:06:00,urgent,crime_in_progress,Mobile snatching reported,Victim's phone snatched by a pillion rider; nearby units alerted.,HC,M. Parmar,Beat 2,Akshardham (Sector 20),23.235498,72.664673,8842cc6027fffff,resolved
FA-00087,2026-04-03T17:09:00,urgent,public_order,Scuffle between two groups,"Situation contained, both parties brought to the chowky.",HC,M. Parmar,Beat 2,Sector 21 Market,23.216141,72.647624,8842cc611dfffff,resolved
FA-00088,2026-04-03T19:21:00,attention,suspicious,Unattended bag reported,Bag checked and cleared; owner located nearby.,PC,J. Solanki,Beat 5,GIFT City,23.168155,72.679542,8842cc6a83fffff,resolved
FA-00089,2026-04-03T20:28:00,info,patrol,Nakabandi point established,"Vehicle checking in progress, no incidents so far.",HC,M. Parmar,Beat 2,Sector 21 Market,23.220057,72.652624,8842cc6111fffff,resolved
FA-00090,2026-04-04T01:55:00,attention,suspicious,Suspicious vehicle parked since morning,Hatchback without a number plate; owner not traced yet.,HC,B. Gohil,Beat 6,Sector 21 Market,23.218129,72.651423,8842cc6111fffff,resolved
FA-00091,2026-04-04T09:55:00,attention,suspicious,Suspicious vehicle parked since morning,Hatchback without a number plate; owner not traced yet.,PSI,R. Chaudhary,PCR-3,Sector 16 Commercial,23.230209,72.640431,8842cc6153fffff,resolved
FA-00092,2026-04-04T13:07:00,info,patrol,Foot patrol completed,Market stretch covered; shopkeepers briefed on shutter locks.,PC,K. Thakor,Beat 4,GIFT City,23.165715,72.681953,8842cc6a83fffff,resolved
FA-00093,2026-04-04T15:32:00,attention,infrastructure,Streetlights out on service road,Roughly 400 m stretch dark; recommend a night patrol pass.,PC,H. Zala,Beat 3,Sector 21 Market,23.219647,72.65264,8842cc6111fffff,resolved
FA-00094,2026-04-04T15:33:00,urgent,public_order,Scuffle between two groups,"Situation contained, both parties brought to the chowky.",PC,J. Solanki,Beat 5,Sector 16 Commercial,23.227076,72.640277,8842cc6157fffff,resolved
FA-00095,2026-04-05T09:42:00,attention,infrastructure,Streetlights out on service road,Roughly 400 m stretch dark; recommend a night patrol pass.,ASI,D. Vaghela,PCR-1,Sector 21 Market,23.221202,72.648346,8842cc611dfffff,resolved
FA-00096,2026-04-06T05:27:00,info,patrol,Foot patrol completed,Market stretch covered; shopkeepers briefed on shutter locks.,PC,K. Thakor,Beat 4,Kudasan,23.189745,72.636984,8842cc6123fffff,resolved
FA-00097,2026-04-06T08:10:00,info,patrol,Nakabandi point established,"Vehicle checking in progress, no incidents so far.",PC,J. Solanki,Beat 5,GIFT City,23.161542,72.684408,8842cc6ab9fffff,resolved
FA-00098,2026-04-06T13:31:00,urgent,crime_in_progress,Mobile snatching reported,Victim's phone snatched by a pillion rider; nearby units alerted.,HC,M. Parmar,Beat 2,GIFT City,23.166498,72.681726,8842cc6a83fffff,resolved
FA-00099,2026-04-07T01:54:00,info,patrol,Foot patrol completed,Market stretch covered; shopkeepers briefed on shutter locks.,PC,H. Zala,Beat 3,GIFT City,23.163695,72.678803,8842cc6a87fffff,resolved
FA-00100,2026-04-07T14:53:00,attention,infrastructure,CCTV camera not recording,Junction camera offline; control room informed.,PC,K. Thakor,Beat 4,Sector 7 Secretariat,23.213735,72.634129,8842cc6101fffff,resolved
FA-00101,2026-04-08T10:08:00,attention,suspicious,Unattended bag reported,Bag checked and cleared; owner located nearby.,PSI,R. Chaudhary,PCR-3,Sargasan Crossroads,23.167162,72.629002,8842cc6a11fffff,resolved
FA-00102,2026-04-08T12:38:00,attention,traffic,Traffic congestion at junction,Signal fault causing tailback; manual regulation started.,PC,H. Zala,Beat 3,GIFT City,23.165146,72.682891,8842cc6a83fffff,resolved
FA-00103,2026-04-08T13:02:00,urgent,crowd,Crowd build-up at venue gate,Entry queue spilling onto the road; requesting two more constables.,HC,M. Parmar,Beat 2,Kudasan,23.192735,72.637262,8842cc6123fffff,resolved
FA-00104,2026-04-08T21:06:00,info,patrol,Nakabandi point established,"Vehicle checking in progress, no incidents so far.",PSI,R. Chaudhary,PCR-3,GIFT City,23.16445,72.681698,8842cc6a83fffff,resolved
FA-00105,2026-04-09T15:14:00,attention,traffic,Traffic congestion at junction,Signal fault causing tailback; manual regulation started.,PSI,N. Desai,PCR-2,Sector 7 Secretariat,23.210949,72.629279,8842cc6101fffff,resolved
FA-00106,2026-04-09T18:20:00,attention,infrastructure,Streetlights out on service road,Roughly 400 m stretch dark; recommend a night patrol pass.,PSI,N. Desai,PCR-2,Sargasan Crossroads,23.172598,72.629637,8842cc6a11fffff,resolved
FA-00107,2026-04-09T18:29:00,urgent,crowd,Crowd build-up at venue gate,Entry queue spilling onto the road; requesting two more constables.,PC,K. Thakor,Beat 4,Sector 21 Market,23.220876,72.651496,8842cc6111fffff,resolved
FA-00108,2026-04-09T23:04:00,info,patrol,Nakabandi point established,"Vehicle checking in progress, no incidents so far.",PSI,N. Desai,PCR-2,Infocity,23.185215,72.629727,8842cc6125fffff,resolved
FA-00109,2026-04-10T09:06:00,urgent,crime_in_progress,Mobile snatching reported,Victim's phone snatched by a pillion rider; nearby units alerted.,PSI,N. Desai,PCR-2,Sector 21 Market,23.221762,72.649453,8842cc6119fffff,resolved
FA-00110,2026-04-10T18:49:00,urgent,crime_in_progress,Chain snatching reported,Two suspects on a motorcycle fled the spot; description circulated.,ASI,D. Vaghela,PCR-1,Akshardham (Sector 20),23.241213,72.659746,8842cc6021fffff,resolved
FA-00111,2026-04-11T03:50:00,urgent,crime_in_progress,Chain snatching reported,Two suspects on a motorcycle fled the spot; description circulated.,ASI,D. Vaghela,PCR-1,Sector 21 Market,23.220611,72.651706,8842cc6111fffff,resolved
FA-00112,2026-04-11T10:05:00,attention,traffic,Traffic congestion at junction,Signal fault causing tailback; manual regulation started.,ASI,D. Vaghela,PCR-1,Akshardham (Sector 20),23.236149,72.661955,8842cc6027fffff,resolved
FA-00113,2026-04-11T10:10:00,attention,infrastructure,CCTV camera not recording,Junction camera offline; control room informed.,HC,B. Gohil,Beat 6,Sector 16 Commercial,23.227068,72.643413,8842cc6157fffff,resolved
FA-00114,2026-04-11T17:56:00,info,patrol,Night round completed,Residential lanes checked; nothing to report.,PSI,R. Chaudhary,PCR-3,Sargasan Crossroads,23.17322,72.629045,8842cc6a11fffff,resolved
FA-00115,2026-04-11T19:42:00,info,patrol,Night round completed,Residential lanes checked; nothing to report.,ASI,D. Vaghela,PCR-1,Akshardham (Sector 20),23.237085,72.661919,8842cc6027fffff,resolved
FA-00116,2026-04-11T21:52:00,urgent,public_order,Scuffle between two groups,"Situation contained, both parties brought to the chowky.",HC,M. Parmar,Beat 2,Akshardham (Sector 20),23.238824,72.657808,8842cc6021fffff,resolved
FA-00117,2026-04-12T19:11:00,urgent,crime_in_progress,Chain snatching reported,Two suspects on a motorcycle fled the spot; description circulated.,HC,B. Gohil,Beat 6,Sector 21 Market,23.218337,72.649415,8842cc611dfffff,resolved
FA-00118,2026-04-13T17:05:00,attention,traffic,Traffic congestion at junction,Signal fault causing tailback; manual regulation started.,PC,A. Makwana,Beat 1,GIFT City,23.166674,72.680477,8842cc6a83fffff,resolved
FA-00119,2026-04-13T17:25:00,attention,suspicious,Suspicious vehicle parked since morning,Hatchback without a number plate; owner not traced yet.,HC,B. Gohil,Beat 6,Akshardham (Sector 20),23.243524,72.658054,8842cc602bfffff,resolved
FA-00120,2026-04-13T21:19:00,attention,infrastructure,Streetlights out on service road,Roughly 400 m stretch dark; recommend a night patrol pass.,PC,K. Thakor,Beat 4,GIFT City,23.164219,72.680842,8842cc6a83fffff,resolved
FA-00121,2026-04-14T06:31:00,info,patrol,Nakabandi point established,"Vehicle checking in progress, no incidents so far.",HC,B. Gohil,Beat 6,Sector 16 Commercial,23.227677,72.646024,8842cc6119fffff,resolved
FA-00122,2026-04-14T10:40:00,urgent,crime_in_progress,Break-in attempt at locked house,Neighbours heard the lock being forced; suspects left before arrival.,PSI,R. Chaudhary,PCR-3,Sector 16 Commercial,23.226011,72.642489,8842cc6157fffff,resolved
FA-00123,2026-04-14T12:05:00,urgent,crime_in_progress,Break-in attempt at locked house,Neighbours heard the lock being forced; suspects left before arrival.,PSI,R. Chaudhary,PCR-3,Sector 16 Commercial,23.226322,72.640146,8842cc6157fffff,resolved
FA-00124,2026-04-14T14:03:00,attention,suspicious,Suspicious vehicle parked since morning,Hatchback without a number plate; owner not traced yet.,ASI,S. Rathod,PCR-4,Sargasan Crossroads,23.170068,72.63234,8842cc6a11fffff,resolved
FA-00125,2026-04-14T16:26:00,attention,traffic,Traffic congestion at junction,Signal fault causing tailback; manual regulation started.,PC,A. Makwana,Beat 1,GIFT City,23.164692,72.685472,8842cc6ab9fffff,resolved
FA-00126,2026-04-14T20:19:00,info,patrol,Night round completed,Residential lanes checked; nothing to report.,PSI,R. Chaudhary,PCR-3,Sargasan Crossroads,23.170898,72.632321,8842cc6a11fffff,resolved
FA-00127,2026-04-14T20:43:00,urgent,crime_in_progress,Break-in attempt at locked house,Neighbours heard the lock being forced; suspects left before arrival.,HC,B. Gohil,Beat 6,GIFT City,23.164391,72.684755,8842cc6ab9fffff,resolved
FA-00128,2026-04-14T22:25:00,urgent,crowd,Crowd build-up at venue gate,Entry queue spilling onto the road; requesting two more constables.,ASI,D. Vaghela,PCR-1,Sector 21 Market,23.221116,72.652321,8842cc6111fffff,resolved
FA-00129,2026-04-14T23:52:00,urgent,crime_in_progress,Break-in attempt at locked house,Neighbours heard the lock being forced; suspects left before arrival.,PC,K. Thakor,Beat 4,Sargasan Crossroads,23.171871,72.627557,8842cc6a11fffff,resolved
FA-00130,2026-04-15T06:37:00,info,patrol,Night round completed,Residential lanes checked; nothing to report.,PC,J. Solanki,Beat 5,Kudasan,23.191715,72.635,8842cc6121fffff,resolved
FA-00131,2026-04-15T14:34:00,info,patrol,Nakabandi point established,"Vehicle checking in progress, no incidents so far.",PC,J. Solanki,Beat 5,Sector 21 Market,23.221666,72.651198,8842cc6119fffff,resolved
FA-00132,2026-04-15T15:36:00,attention,traffic,Traffic congestion at junction,Signal fault causing tailback; manual regulation started.,ASI,S. Rathod,PCR-4,Sargasan Crossroads,23.169437,72.62928,8842cc6a11fffff,resolved
FA-00133,2026-04-15T21:11:00,info,patrol,Foot patrol completed,Market stretch covered; shopkeepers briefed on shutter locks.,ASI,D. Vaghela,PCR-1,Infocity,23.184998,72.625734,8842cc6125fffff,resolved
FA-00134,2026-04-16T10:48:00,urgent,public_order,Scuffle between two groups,"Situation contained, both parties brought to the chowky.",PC,A. Makwana,Beat 1,Sector 7 Secretariat,23.208526,72.631113,8842cc6101fffff,resolved
FA-00135,2026-04-17T00:18:00,urgent,crime_in_progress,Chain snatching reported,Two suspects on a motorcycle fled the spot; description circulated.,HC,B. Gohil,Beat 6,Sector 7 Secretariat,23.209137,72.63596,8842cc6101fffff,resolved
FA-00136,2026-04-17T12:12:00,urgent,crowd,Crowd build-up at venue gate,Entry queue spilling onto the road; requesting two more constables.,HC,M. Parmar,Beat 2,Akshardham (Sector 20),23.240005,72.660964,8842cc6021fffff,resolved
FA-00137,2026-04-17T13:46:00,attention,infrastructure,Streetlights out on service road,Roughly 400 m stretch dark; recommend a night patrol pass.,HC,M. Parmar,Beat 2,Sector 16 Commercial,23.226393,72.639821,8842cc6157fffff,resolved
FA-00138,2026-04-17T14:18:00,urgent,crime_in_progress,Break-in attempt at locked house,Neighbours heard the lock being forced; suspects left before arrival.,HC,B. Gohil,Beat 6,Akshardham (Sector 20),23.235563,72.660338,8842cc6027fffff,resolved
FA-00139,2026-04-17T20:28:00,attention,infrastructure,Streetlights out on service road,Roughly 400 m stretch dark; recommend a night patrol pass.,PC,J. Solanki,Beat 5,Kudasan,23.191605,72.636013,8842cc6123fffff,resolved
FA-00140,2026-04-17T20:52:00,info,patrol,Foot patrol completed,Market stretch covered; shopkeepers briefed on shutter locks.,PC,K. Thakor,Beat 4,Sector 7 Secretariat,23.213445,72.632411,8842cc6101fffff,resolved
FA-00141,2026-04-18T11:50:00,attention,suspicious,Suspicious vehicle parked since morning,Hatchback without a number plate; owner not traced yet.,ASI,D. Vaghela,PCR-1,GIFT City,23.160386,72.680651,8842cc6a87fffff,resolved
FA-00142,2026-04-18T15:04:00,attention,infrastructure,CCTV camera not recording,Junction camera offline; control room informed.,PC,J. Solanki,Beat 5,Akshardham (Sector 20),23.236565,72.662635,8842cc6027fffff,resolved
FA-00143,2026-04-18T15:37:00,info,patrol,Foot patrol completed,Market stretch covered; shopkeepers briefed on shutter locks.,PSI,N. Desai,PCR-2,Kudasan,23.194536,72.634913,8842cc612bfffff,resolved
FA-00144,2026-04-18T21:50:00,urgent,crime_in_progress,Mobile snatching reported,Victim's phone snatched by a pillion rider; nearby units alerted.,ASI,D. Vaghela,PCR-1,Akshardham (Sector 20),23.23723,72.659822,8842cc6021fffff,resolved
FA-00145,2026-04-18T23:36:00,attention,infrastructure,CCTV camera not recording,Junction camera offline; control room informed.,PC,H. Zala,Beat 3,Akshardham (Sector 20),23.234725,72.657105,8842cc6025fffff,resolved
FA-00146,2026-04-19T10:34:00,info,patrol,Night round completed,Residential lanes checked; nothing to report.,PSI,R. Chaudhary,PCR-3,Infocity,23.185304,72.632815,8842cc6127fffff,resolved
FA-00147,2026-04-19T15:52:00,info,patrol,Nakabandi point established,"Vehicle checking in progress, no incidents so far.",PC,K. Thakor,Beat 4,Sector 21 Market,23.222459,72.651385,8842cc6119fffff,resolved
FA-00148,2026-04-19T19:48:00,info,patrol,Foot patrol completed,Market stretch covered; shopkeepers briefed on shutter locks.,HC,M. Parmar,Beat 2,GIFT City,23.164378,72.678582,8842cc6a87fffff,resolved
FA-00149,2026-04-20T16:34:00,info,patrol,Night round completed,Residential lanes checked; nothing to report.,PC,K. Thakor,Beat 4,Sector 21 Market,23.222197,72.651849,8842cc6119fffff,resolved
FA-00150,2026-04-20T17:24:00,urgent,crime_in_progress,Chain snatching reported,Two suspects on a motorcycle fled the spot; description circulated.,ASI,D. Vaghela,PCR-1,Akshardham (Sector 20),23.236643,72.657874,8842cc6021fffff,resolved
FA-00151,2026-04-20T18:49:00,urgent,crime_in_progress,Mobile snatching reported,Victim's phone snatched by a pillion rider; nearby units alerted.,PSI,R. Chaudhary,PCR-3,Sector 16 Commercial,23.230152,72.641825,8842cc6153fffff,resolved
FA-00152,2026-04-20T19:21:00,info,patrol,Nakabandi point established,"Vehicle checking in progress, no incidents so far.",HC,B. Gohil,Beat 6,Akshardham (Sector 20),23.240653,72.660783,8842cc6021fffff,resolved
FA-00153,2026-04-20T20:45:00,info,patrol,Night round completed,Residential lanes checked; nothing to report.,PSI,R. Chaudhary,PCR-3,Sargasan Crossroads,23.170924,72.627034,8842cc6a11fffff,resolved
FA-00154,2026-04-21T08:05:00,attention,suspicious,Unattended bag reported,Bag checked and cleared; owner located nearby.,ASI,D. Vaghela,PCR-1,Akshardham (Sector 20),23.238981,72.659713,8842cc6021fffff,resolved
FA-00155,2026-04-22T09:08:00,attention,suspicious,Unattended bag reported,Bag checked and cleared; owner located nearby.,PSI,R. Chaudhary,PCR-3,Sector 21 Market,23.217163,72.648518,8842cc611dfffff,resolved
FA-00156,2026-04-22T11:20:00,attention,suspicious,Suspicious vehicle parked since morning,Hatchback without a number plate; owner not traced yet.,PC,J. Solanki,Beat 5,Akshardham (Sector 20),23.237328,72.660932,8842cc6027fffff,resolved
FA-00157,2026-04-22T16:25:00,attention,suspicious,Unattended bag reported,Bag checked and cleared; owner located nearby.,PC,H. Zala,Beat 3,Sector 21 Market,23.218867,72.649567,8842cc611dfffff,resolved
FA-00158,2026-04-22T17:06:00,info,patrol,Nakabandi point established,"Vehicle checking in progress, no incidents so far.",ASI,S. Rathod,PCR-4,Sector 7 Secretariat,23.215993,72.631207,8842cc6109fffff,resolved
FA-00159,2026-04-22T23:48:00,attention,infrastructure,Streetlights out on service road,Roughly 400 m stretch dark; recommend a night patrol pass.,PC,A. Makwana,Beat 1,Sector 7 Secretariat,23.211767,72.632861,8842cc6101fffff,resolved
FA-00160,2026-04-23T09:47:00,info,patrol,Night round completed,Residential lanes checked; nothing to report.,ASI,S. Rathod,PCR-4,Kudasan,23.190079,72.635778,8842cc6121fffff,resolved
FA-00161,2026-04-23T10:55:00,attention,suspicious,Unattended bag reported,Bag checked and cleared; owner located nearby.,PC,K. Thakor,Beat 4,Sector 7 Secretariat,23.210682,72.629028,8842cc6101fffff,resolved
FA-00162,2026-04-23T14:08:00,attention,suspicious,Suspicious vehicle parked since morning,Hatchback without a number plate; owner not traced yet.,HC,M. Parmar,Beat 2,Akshardham (Sector 20),23.237913,72.660866,8842cc6021fffff,resolved
FA-00163,2026-04-23T14:14:00,urgent,crowd,Crowd build-up at venue gate,Entry queue spilling onto the road; requesting two more constables.,PSI,R. Chaudhary,PCR-3,Sector 16 Commercial,23.225634,72.642782,8842cc6157fffff,resolved
FA-00164,2026-04-23T17:23:00,attention,infrastructure,CCTV camera not recording,Junction camera offline; control room informed.,PC,A. Makwana,Beat 1,Sargasan Crossroads,23.17047,72.63267,8842cc6a11fffff,resolved
FA-00165,2026-04-23T22:43:00,info,patrol,Nakabandi point established,"Vehicle checking in progress, no incidents so far.",PC,K. Thakor,Beat 4,Sector 16 Commercial,23.22906,72.642382,8842cc6153fffff,resolved
FA-00166,2026-04-23T23:20:00,info,patrol,Foot patrol completed,Market stretch covered; shopkeepers briefed on shutter locks.,PSI,N. Desai,PCR-2,Sector 16 Commercial,23.229954,72.644964,8842cc6153fffff,resolved
FA-00167,2026-04-24T19:55:00,info,patrol,Nakabandi point established,"Vehicle checking in progress, no incidents so far.",HC,M. Parmar,Beat 2,Infocity,23.185062,72.625842,8842cc6125fffff,resolved
FA-00168,2026-04-25T22:43:00,urgent,public_order,Scuffle between two groups,"Situation contained, both parties brought to the chowky.",PC,H. Zala,Beat 3,Sector 21 Market,23.221711,72.648056,8842cc6119fffff,resolved
FA-00169,2026-04-26T16:32:00,info,patrol,Foot patrol completed,Market stretch covered; shopkeepers briefed on shutter locks.,ASI,D. Vaghela,PCR-1,Kudasan,23.190533,72.6356,8842cc6121fffff,resolved
FA-00170,2026-04-26T17:37:00,urgent,crime_in_progress,Chain snatching reported,Two suspects on a motorcycle fled the spot; description circulated.,PC,H. Zala,Beat 3,GIFT City,23.165464,72.680454,8842cc6a83fffff,resolved
FA-00171,2026-04-27T22:55:00,info,patrol,Foot patrol completed,Market stretch covered; shopkeepers briefed on shutter locks.,ASI,S. Rathod,PCR-4,Kudasan,23.194372,72.639025,8842cc612bfffff,resolved
FA-00172,2026-04-28T14:43:00,info,patrol,Night round completed,Residential lanes checked; nothing to report.,PSI,R. Chaudhary,PCR-3,Sector 21 Market,23.218933,72.650737,8842cc6111fffff,resolved
FA-00173,2026-04-28T16:42:00,attention,infrastructure,CCTV camera not recording,Junction camera offline; control room informed.,PSI,N. Desai,PCR-2,Infocity,23.186806,72.629247,8842cc6121fffff,resolved
FA-00174,2026-04-28T17:39:00,info,patrol,Foot patrol completed,Market stretch covered; shopkeepers briefed on shutter locks.,PC,A. Makwana,Beat 1,Sector 16 Commercial,23.225274,72.639285,8842cc6157fffff,resolved
FA-00175,2026-04-28T19:56:00,urgent,crowd,Crowd build-up at venue gate,Entry queue spilling onto the road; requesting two more constables.,PSI,N. Desai,PCR-2,GIFT City,23.163992,72.682289,8842cc6ab9fffff,resolved
FA-00176,2026-04-28T22:00:00,attention,traffic,Traffic congestion at junction,Signal fault causing tailback; manual regulation started.,ASI,D. Vaghela,PCR-1,Sector 21 Market,23.223128,72.64817,8842cc6119fffff,resolved
FA-00177,2026-04-29T21:18:00,attention,suspicious,Unattended bag reported,Bag checked and cleared; owner located nearby.,ASI,S. Rathod,PCR-4,Sector 21 Market,23.219174,72.646963,8842cc611dfffff,resolved
FA-00178,2026-04-30T02:30:00,attention,suspicious,Unattended bag reported,Bag checked and cleared; owner located nearby.,PC,K. Thakor,Beat 4,Sector 21 Market,23.218519,72.652182,8842cc6111fffff,resolved
FA-00179,2026-04-30T05:12:00,attention,infrastructure,CCTV camera not recording,Junction camera offline; control room informed.,PC,K. Thakor,Beat 4,Kudasan,23.192253,72.635053,8842cc6121fffff,resolved
FA-00180,2026-04-30T09:11:00,urgent,crime_in_progress,Chain snatching reported,Two suspects on a motorcycle fled the spot; description circulated.,PSI,N. Desai,PCR-2,Kudasan,23.194155,72.635542,8842cc612bfffff,resolved
FA-00181,2026-04-30T18:22:00,attention,infrastructure,CCTV camera not recording,Junction camera offline; control room informed.,PSI,R. Chaudhary,PCR-3,GIFT City,23.164274,72.682666,8842cc6ab9fffff,resolved
FA-00182,2026-04-30T18:49:00,attention,suspicious,Unattended bag reported,Bag checked and cleared; owner located nearby.,PC,H. Zala,Beat 3,Sector 21 Market,23.218978,72.654982,8842cc6111fffff,resolved
FA-00183,2026-04-30T21:31:00,urgent,public_order,Scuffle between two groups,"Situation contained, both parties brought to the chowky.",PC,A. Makwana,Beat 1,Kudasan,23.192103,72.634062,8842cc6121fffff,resolved
FA-00184,2026-05-01T08:59:00,urgent,crime_in_progress,Break-in attempt at locked house,Neighbours heard the lock being forced; suspects left before arrival.,PC,A. Makwana,Beat 1,Sector 16 Commercial,23.225778,72.640117,8842cc6157fffff,resolved
FA-00185,2026-05-01T13:55:00,info,patrol,Night round completed,Residential lanes checked; nothing to report.,HC,B. Gohil,Beat 6,Kudasan,23.193004,72.638579,8842cc6123fffff,resolved
FA-00186,2026-05-01T16:12:00,attention,infrastructure,CCTV camera not recording,Junction camera offline; control room informed.,PSI,R. Chaudhary,PCR-3,Kudasan,23.188856,72.636289,8842cc6121fffff,resolved
FA-00187,2026-05-01T18:08:00,urgent,crime_in_progress,Chain snatching reported,Two suspects on a motorcycle fled the spot; description circulated.,HC,B. Gohil,Beat 6,GIFT City,23.164192,72.682084,8842cc6a83fffff,resolved
FA-00188,2026-05-01T19:36:00,info,patrol,Foot patrol completed,Market stretch covered; shopkeepers briefed on shutter locks.,ASI,S. Rathod,PCR-4,Sector 7 Secretariat,23.213165,72.630348,8842cc6109fffff,resolved
FA-00189,2026-05-01T20:57:00,urgent,crime_in_progress,Break-in attempt at locked house,Neighbours heard the lock being forced; suspects left before arrival.,HC,M. Parmar,Beat 2,Sargasan Crossroads,23.167306,72.633256,8842cc6a11fffff,resolved
FA-00190,2026-05-02T05:31:00,attention,traffic,Traffic congestion at junction,Signal fault causing tailback; manual regulation started.,HC,B. Gohil,Beat 6,Sargasan Crossroads,23.169386,72.627809,8842cc6a11fffff,resolved
FA-00191,2026-05-02T11:32:00,attention,infrastructure,CCTV camera not recording,Junction camera offline; control room informed.,ASI,S. Rathod,PCR-4,Sector 21 Market,23.221613,72.652665,8842cc6111fffff,resolved
FA-00192,2026-05-02T13:04:00,attention,suspicious,Suspicious vehicle parked since morning,Hatchback without a number plate; owner not traced yet.,PC,J. Solanki,Beat 5,Sector 21 Market,23.219099,72.648776,8842cc611dfffff,resolved
FA-00193,2026-05-02T15:26:00,urgent,public_order,Scuffle between two groups,"Situation contained, both parties brought to the chowky.",ASI,S. Rathod,PCR-4,Sector 16 Commercial,23.231584,72.643377,8842cc6153fffff,resolved
FA-00194,2026-05-02T19:12:00,urgent,crime_in_progress,Break-in attempt at locked house,Neighbours heard the lock being forced; suspects left before arrival.,ASI,S. Rathod,PCR-4,Sector 7 Secretariat,23.208654,72.629606,8842cc6101fffff,resolved
FA-00195,2026-05-02T21:33:00,urgent,crime_in_progress,Mobile snatching reported,Victim's phone snatched by a pillion rider; nearby units alerted.,PSI,N. Desai,PCR-2,Sector 16 Commercial,23.22858,72.642698,8842cc6153fffff,resolved
FA-00196,2026-05-03T01:46:00,attention,suspicious,Suspicious vehicle parked since morning,Hatchback without a number plate; owner not traced yet.,PC,H. Zala,Beat 3,Sector 16 Commercial,23.226745,72.637755,8842cc6157fffff,resolved
FA-00197,2026-05-03T14:01:00,urgent,crowd,Crowd build-up at venue gate,Entry queue spilling onto the road; requesting two more constables.,PC,J. Solanki,Beat 5,GIFT City,23.160544,72.684025,8842cc6ab9fffff,resolved
FA-00198,2026-05-04T06:29:00,urgent,crowd,Crowd build-up at venue gate,Entry queue spilling onto the road; requesting two more constables.,ASI,S. Rathod,PCR-4,Sector 16 Commercial,23.228185,72.642004,8842cc6153fffff,resolved
FA-00199,2026-05-04T15:29:00,info,patrol,Night round completed,Residential lanes checked; nothing to report.,ASI,D. Vaghela,PCR-1,Infocity,23.188712,72.63145,8842cc6121fffff,resolved
FA-00200,2026-05-04T16:04:00,urgent,crowd,Crowd build-up at venue gate,Entry queue spilling onto the road; requesting two more constables.,PC,H. Zala,Beat 3,GIFT City,23.159256,72.68286,8842cc6ab9fffff,resolved
FA-00201,2026-05-04T19:13:00,attention,infrastructure,CCTV camera not recording,Junction camera offline; control room informed.,PSI,N. Desai,PCR-2,GIFT City,23.167267,72.685291,8842cc6a83fffff,resolved
FA-00202,2026-05-04T20:20:00,attention,suspicious,Unattended bag reported,Bag checked and cleared; owner located nearby.,PC,H. Zala,Beat 3,GIFT City,23.164672,72.681213,8842cc6a83fffff,resolved
FA-00203,2026-05-05T05:21:00,info,patrol,Night round completed,Residential lanes checked; nothing to report.,PC,A. Makwana,Beat 1,Sector 16 Commercial,23.226354,72.643602,8842cc6157fffff,resolved
FA-00204,2026-05-05T11:00:00,attention,suspicious,Suspicious vehicle parked since morning,Hatchback without a number plate; owner not traced yet.,PC,J. Solanki,Beat 5,Infocity,23.185828,72.628048,8842cc6125fffff,resolved
FA-00205,2026-05-05T13:13:00,attention,suspicious,Suspicious vehicle parked since morning,Hatchback without a number plate; owner not traced yet.,PC,K. Thakor,Beat 4,GIFT City,23.163529,72.680295,8842cc6a87fffff,resolved
FA-00206,2026-05-05T13:23:00,info,patrol,Night round completed,Residential lanes checked; nothing to report.,PC,K. Thakor,Beat 4,Akshardham (Sector 20),23.238328,72.657245,8842cc6021fffff,resolved
FA-00207,2026-05-05T13:24:00,urgent,crowd,Crowd build-up at venue gate,Entry queue spilling onto the road; requesting two more constables.,PSI,N. Desai,PCR-2,Akshardham (Sector 20),23.238015,72.66306,8842cc6023fffff,resolved
FA-00208,2026-05-05T17:16:00,attention,infrastructure,Streetlights out on service road,Roughly 400 m stretch dark; recommend a night patrol pass.,HC,M. Parmar,Beat 2,Sector 21 Market,23.218787,72.644221,8842cc611dfffff,resolved
FA-00209,2026-05-05T18:00:00,info,patrol,Night round completed,Residential lanes checked; nothing to report.,PC,K. Thakor,Beat 4,Kudasan,23.18843,72.637921,8842cc6123fffff,resolved
FA-00210,2026-05-05T18:02:00,urgent,crime_in_progress,Mobile snatching reported,Victim's phone snatched by a pillion rider; nearby units alerted.,ASI,D. Vaghela,PCR-1,Infocity,23.188005,72.630357,8842cc6121fffff,resolved
FA-00211,2026-05-05T23:00:00,urgent,crime_in_progress,Break-in attempt at locked house,Neighbours heard the lock being forced; suspects left before arrival.,PC,J. Solanki,Beat 5,GIFT City,23.165866,72.681295,8842cc6a83fffff,resolved
FA-00212,2026-05-05T23:40:00,urgent,crime_in_progress,Chain snatching reported,Two suspects on a motorcycle fled the spot; description circulated.,PSI,N. Desai,PCR-2,Sector 7 Secretariat,23.213216,72.632464,8842cc6101fffff,resolved
FA-00213,2026-05-06T18:18:00,urgent,crowd,Crowd build-up at venue gate,Entry queue spilling onto the road; requesting two more constables.,PC,J. Solanki,Beat 5,Infocity,23.182896,72.629026,8842cc6125fffff,resolved
FA-00214,2026-05-06T20:36:00,urgent,crime_in_progress,Chain snatching reported,Two suspects on a motorcycle fled the spot; description circulated.,ASI,S. Rathod,PCR-4,Sector 16 Commercial,23.227561,72.641281,8842cc6157fffff,resolved
FA-00215,2026-05-07T00:17:00,attention,suspicious,Suspicious vehicle parked since morning,Hatchback without a number plate; owner not traced yet.,PC,J. Solanki,Beat 5,GIFT City,23.161155,72.677832,8842cc6a87fffff,resolved
FA-00216,2026-05-07T06:57:00,urgent,public_order,Scuffle between two groups,"Situation contained, both parties brought to the chowky.",PSI,R. Chaudhary,PCR-3,Sector 21 Market,23.222201,72.646344,8842cc6119fffff,resolved
FA-00217,2026-05-07T07:41:00,attention,infrastructure,CCTV camera not recording,Junction camera offline; control room informed.,ASI,D. Vaghela,PCR-1,Akshardham (Sector 20),23.244285,72.662214,8842cc602bfffff,resolved
FA-00218,2026-05-07T13:00:00,attention,suspicious,Suspicious vehicle parked since morning,Hatchback without a number plate; owner not traced yet.,ASI,S. Rathod,PCR-4,GIFT City,23.163284,72.679891,8842cc6a87fffff,resolved
FA-00219,2026-05-07T16:55:00,info,patrol,Night round completed,Residential lanes checked; nothing to report.,HC,M. Parmar,Beat 2,Sector 21 Market,23.219125,72.650884,8842cc6111fffff,resolved
FA-00220,2026-05-07T17:16:00,urgent,crime_in_progress,Break-in attempt at locked house,Neighbours heard the lock being forced; suspects left before arrival.,HC,B. Gohil,Beat 6,Akshardham (Sector 20),23.239728,72.65742,8842cc6021fffff,resolved
FA-00221,2026-05-07T17:17:00,urgent,crime_in_progress,Chain snatching reported,Two suspects on a motorcycle fled the spot; description circulated.,PC,K. Thakor,Beat 4,Sector 16 Commercial,23.227534,72.64098,8842cc6157fffff,resolved
FA-00222,2026-05-07T17:53:00,info,patrol,Nakabandi point established,"Vehicle checking in progress, no incidents so far.",PC,J. Solanki,Beat 5,Infocity,23.188448,72.62973,8842cc6121fffff,resolved
FA-00223,2026-05-07T18:31:00,attention,suspicious,Suspicious vehicle parked since morning,Hatchback without a number plate; owner not traced yet.,ASI,S. Rathod,PCR-4,Sector 21 Market,23.219315,72.645861,8842cc611dfffff,resolved
FA-00224,2026-05-07T19:08:00,info,patrol,Foot patrol completed,Market stretch covered; shopkeepers briefed on shutter locks.,HC,B. Gohil,Beat 6,Akshardham (Sector 20),23.239081,72.659649,8842cc6021fffff,resolved
FA-00225,2026-05-08T08:17:00,info,patrol,Nakabandi point established,"Vehicle checking in progress, no incidents so far.",ASI,D. Vaghela,PCR-1,Sector 7 Secretariat,23.211597,72.631318,8842cc6101fffff,resolved
FA-00226,2026-05-08T08:24:00,urgent,crime_in_progress,Break-in attempt at locked house,Neighbours heard the lock being forced; suspects left before arrival.,PC,H. Zala,Beat 3,Akshardham (Sector 20),23.237834,72.658459,8842cc6021fffff,resolved
FA-00227,2026-05-08T11:33:00,info,patrol,Foot patrol completed,Market stretch covered; shopkeepers briefed on shutter locks.,PC,J. Solanki,Beat 5,Kudasan,23.189888,72.635279,8842cc6121fffff,resolved
FA-00228,2026-05-08T15:04:00,urgent,public_order,Scuffle between two groups,"Situation contained, both parties brought to the chowky.",ASI,D. Vaghela,PCR-1,Sargasan Crossroads,23.170291,72.630663,8842cc6a11fffff,resolved
FA-00229,2026-05-09T10:29:00,attention,traffic,Traffic congestion at junction,Signal fault causing tailback; manual regulation started.,PC,A. Makwana,Beat 1,Sargasan Crossroads,23.171098,72.626596,8842cc6a11fffff,resolved
FA-00230,2026-05-09T12:30:00,attention,suspicious,Unattended bag reported,Bag checked and cleared; owner located nearby.,ASI,S. Rathod,PCR-4,Sector 16 Commercial,23.226553,72.638769,8842cc6157fffff,resolved
FA-00231,2026-05-09T14:03:00,urgent,crowd,Crowd build-up at venue gate,Entry queue spilling onto the road; requesting two more constables.,PC,A. Makwana,Beat 1,Akshardham (Sector 20),23.235067,72.659814,8842cc6027fffff,resolved
FA-00232,2026-05-09T15:35:00,attention,traffic,Traffic congestion at junction,Signal fault causing tailback; manual regulation started.,PC,H. Zala,Beat 3,Kudasan,23.191503,72.633292,8842cc6121fffff,resolved
FA-00233,2026-05-09T16:24:00,attention,traffic,Traffic congestion at junction,Signal fault causing tailback; manual regulation started.,ASI,D. Vaghela,PCR-1,Infocity,23.188146,72.627048,8842cc612dfffff,resolved
FA-00234,2026-05-09T19:44:00,info,patrol,Nakabandi point established,"Vehicle checking in progress, no incidents so far.",PC,J. Solanki,Beat 5,Kudasan,23.193923,72.633471,8842cc612bfffff,resolved
FA-00235,2026-05-09T20:12:00,info,patrol,Foot patrol completed,Market stretch covered; shopkeepers briefed on shutter locks.,ASI,S. Rathod,PCR-4,Sector 21 Market,23.220236,72.650415,8842cc6111fffff,resolved
FA-00236,2026-05-09T22:36:00,info,patrol,Night round completed,Residential lanes checked; nothing to report.,PC,H. Zala,Beat 3,Sector 21 Market,23.221482,72.650977,8842cc6111fffff,resolved
FA-00237,2026-05-10T09:28:00,attention,suspicious,Suspicious vehicle parked since morning,Hatchback without a number plate; owner not traced yet.,PC,K. Thakor,Beat 4,Sargasan Crossroads,23.173587,72.627176,8842cc6a19fffff,resolved
FA-00238,2026-05-10T11:27:00,urgent,crime_in_progress,Chain snatching reported,Two suspects on a motorcycle fled the spot; description circulated.,PC,K. Thakor,Beat 4,Infocity,23.191455,72.627621,8842cc6121fffff,resolved
FA-00239,2026-05-10T20:53:00,attention,infrastructure,Streetlights out on service road,Roughly 400 m stretch dark; recommend a night patrol pass.,ASI,D. Vaghela,PCR-1,Akshardham (Sector 20),23.234339,72.659486,8842cc6027fffff,resolved
FA-00240,2026-05-10T21:09:00,attention,suspicious,Unattended bag reported,Bag checked and cleared; owner located nearby.,PC,A. Makwana,Beat 1,Sector 21 Market,23.219605,72.648124,8842cc611dfffff,resolved
FA-00241,2026-05-11T18:07:00,attention,suspicious,Unattended bag reported,Bag checked and cleared; owner located nearby.,PSI,N. Desai,PCR-2,Sector 16 Commercial,23.229681,72.643821,8842cc6153fffff,resolved
FA-00242,2026-05-11T21:03:00,urgent,crime_in_progress,Break-in attempt at locked house,Neighbours heard the lock being forced; suspects left before arrival.,ASI,D. Vaghela,PCR-1,Infocity,23.189924,72.628618,8842cc6121fffff,resolved
FA-00243,2026-05-12T12:00:00,urgent,crime_in_progress,Mobile snatching reported,Victim's phone snatched by a pillion rider; nearby units alerted.,PSI,N. Desai,PCR-2,Sector 21 Market,23.221353,72.64738,8842cc611dfffff,resolved
FA-00244,2026-05-12T17:26:00,attention,infrastructure,Streetlights out on service road,Roughly 400 m stretch dark; recommend a night patrol pass.,PSI,N. Desai,PCR-2,Sector 21 Market,23.216446,72.65026,8842cc611dfffff,resolved
FA-00245,2026-05-12T20:30:00,info,patrol,Nakabandi point established,"Vehicle checking in progress, no incidents so far.",PC,A. Makwana,Beat 1,Sector 21 Market,23.221349,72.65314,8842cc6111fffff,resolved
FA-00246,2026-05-12T23:30:00,info,patrol,Night round completed,Residential lanes checked; nothing to report.,HC,M. Parmar,Beat 2,Sector 7 Secretariat,23.212891,72.63195,8842cc6101fffff,resolved
FA-00247,2026-05-13T12:38:00,attention,infrastructure,CCTV camera not recording,Junction camera offline; control room informed.,ASI,D. Vaghela,PCR-1,Kudasan,23.18995,72.633381,8842cc6121fffff,resolved
FA-00248,2026-05-13T18:46:00,attention,infrastructure,Streetlights out on service road,Roughly 400 m stretch dark; recommend a night patrol pass.,PSI,R. Chaudhary,PCR-3,Akshardham (Sector 20),23.240018,72.656721,8842cc6021fffff,resolved
FA-00249,2026-05-13T23:01:00,attention,suspicious,Suspicious vehicle parked since morning,Hatchback without a number plate; owner not traced yet.,PC,H. Zala,Beat 3,Sector 16 Commercial,23.223594,72.643723,8842cc6157fffff,resolved
FA-00250,2026-05-14T17:42:00,attention,suspicious,Unattended bag reported,Bag checked and cleared; owner located nearby.,PSI,R. Chaudhary,PCR-3,Sector 16 Commercial,23.23101,72.64351,8842cc6153fffff,resolved
FA-00251,2026-05-14T18:03:00,attention,suspicious,Unattended bag reported,Bag checked and cleared; owner located nearby.,ASI,S. Rathod,PCR-4,Infocity,23.186206,72.627818,8842cc6125fffff,resolved
FA-00252,2026-05-14T19:39:00,urgent,crowd,Crowd build-up at venue gate,Entry queue spilling onto the road; requesting two more constables.,ASI,S. Rathod,PCR-4,Sector 16 Commercial,23.229481,72.64222,8842cc6153fffff,resolved
FA-00253,2026-05-14T19:41:00,attention,traffic,Traffic congestion at junction,Signal fault causing tailback; manual regulation started.,HC,B. Gohil,Beat 6,Sector 16 Commercial,23.227221,72.642696,8842cc6157fffff,resolved
FA-00254,2026-05-14T23:47:00,urgent,crime_in_progress,Mobile snatching reported,Victim's phone snatched by a pillion rider; nearby units alerted.,PC,A. Makwana,Beat 1,Sector 16 Commercial,23.227555,72.640039,8842cc6157fffff,resolved
FA-00255,2026-05-14T23:52:00,attention,traffic,Traffic congestion at junction,Signal fault causing tailback; manual regulation started.,HC,M. Parmar,Beat 2,Infocity,23.184858,72.630073,8842cc6125fffff,resolved
FA-00256,2026-05-15T07:36:00,attention,infrastructure,CCTV camera not recording,Junction camera offline; control room informed.,PC,J. Solanki,Beat 5,Infocity,23.188775,72.631462,8842cc6121fffff,resolved
FA-00257,2026-05-15T08:41:00,attention,infrastructure,CCTV camera not recording,Junction camera offline; control room informed.,ASI,S. Rathod,PCR-4,Sargasan Crossroads,23.171519,72.632908,8842cc6a11fffff,resolved
FA-00258,2026-05-15T16:54:00,attention,suspicious,Suspicious vehicle parked since morning,Hatchback without a number plate; owner not traced yet.,PC,A. Makwana,Beat 1,Akshardham (Sector 20),23.237538,72.659705,8842cc6021fffff,resolved
FA-00259,2026-05-15T17:24:00,urgent,public_order,Scuffle between two groups,"Situation contained, both parties brought to the chowky.",PC,A. Makwana,Beat 1,Akshardham (Sector 20),23.23967,72.661016,8842cc6021fffff,resolved
FA-00260,2026-05-15T18:21:00,info,patrol,Night round completed,Residential lanes checked; nothing to report.,PC,K. Thakor,Beat 4,Infocity,23.186493,72.629252,8842cc6121fffff,resolved
FA-00261,2026-05-16T09:54:00,info,patrol,Night round completed,Residential lanes checked; nothing to report.,PC,A. Makwana,Beat 1,Sector 7 Secretariat,23.214685,72.630931,8842cc6109fffff,resolved
FA-00262,2026-05-16T10:08:00,info,patrol,Night round completed,Residential lanes checked; nothing to report.,PSI,R. Chaudhary,PCR-3,Kudasan,23.189217,72.635568,8842cc6121fffff,resolved
FA-00263,2026-05-16T14:58:00,urgent,public_order,Scuffle between two groups,"Situation contained, both parties brought to the chowky.",PC,J. Solanki,Beat 5,Kudasan,23.19086,72.634152,8842cc6121fffff,resolved
FA-00264,2026-05-16T18:38:00,info,patrol,Night round completed,Residential lanes checked; nothing to report.,HC,B. Gohil,Beat 6,Sargasan Crossroads,23.174438,72.630558,8842cc6a1bfffff,resolved
FA-00265,2026-05-17T22:55:00,urgent,crowd,Crowd build-up at venue gate,Entry queue spilling onto the road; requesting two more constables.,HC,B. Gohil,Beat 6,Sector 7 Secretariat,23.209103,72.631032,8842cc6101fffff,resolved
FA-00266,2026-05-18T06:44:00,urgent,crime_in_progress,Mobile snatching reported,Victim's phone snatched by a pillion rider; nearby units alerted.,PC,H. Zala,Beat 3,Sector 16 Commercial,23.229586,72.642537,8842cc6153fffff,resolved
FA-00267,2026-05-18T07:28:00,info,patrol,Foot patrol completed,Market stretch covered; shopkeepers briefed on shutter locks.,HC,M. Parmar,Beat 2,Sargasan Crossroads,23.168687,72.629561,8842cc6a11fffff,resolved
FA-00268,2026-05-18T13:48:00,urgent,crowd,Crowd build-up at venue gate,Entry queue spilling onto the road; requesting two more constables.,PC,H. Zala,Beat 3,Sargasan Crossroads,23.168588,72.62787,8842cc6a11fffff,resolved
FA-00269,2026-05-18T14:27:00,attention,infrastructure,Streetlights out on service road,Roughly 400 m stretch dark; recommend a night patrol pass.,ASI,S. Rathod,PCR-4,Sector 16 Commercial,23.229178,72.640691,8842cc6153fffff,resolved
FA-00270,2026-05-18T17:50:00,info,patrol,Foot patrol completed,Market stretch covered; shopkeepers briefed on shutter locks.,ASI,D. Vaghela,PCR-1,Sector 7 Secretariat,23.211519,72.630189,8842cc6101fffff,resolved
FA-00271,2026-05-18T19:44:00,info,patrol,Foot patrol completed,Market stretch covered; shopkeepers briefed on shutter locks.,PC,K. Thakor,Beat 4,Sargasan Crossroads,23.168343,72.628187,8842cc6a11fffff,resolved
FA-00272,2026-05-18T22:38:00,info,patrol,Nakabandi point established,"Vehicle checking in progress, no incidents so far.",PC,H. Zala,Beat 3,Sector 21 Market,23.219429,72.650358,8842cc6111fffff,resolved
FA-00273,2026-05-18T23:04:00,attention,traffic,Traffic congestion at junction,Signal fault causing tailback; manual regulation started.,PC,J. Solanki,Beat 5,Kudasan,23.192585,72.634067,8842cc6121fffff,resolved
FA-00274,2026-05-19T13:58:00,attention,infrastructure,Streetlights out on service road,Roughly 400 m stretch dark; recommend a night patrol pass.,PC,K. Thakor,Beat 4,Sector 21 Market,23.218539,72.652201,8842cc6111fffff,resolved
FA-00275,2026-05-19T14:41:00,attention,suspicious,Unattended bag reported,Bag checked and cleared; owner located nearby.,ASI,S. Rathod,PCR-4,Sector 16 Commercial,23.225412,72.640972,8842cc6157fffff,resolved
FA-00276,2026-05-19T18:30:00,info,patrol,Nakabandi point established,"Vehicle checking in progress, no incidents so far.",HC,B. Gohil,Beat 6,Sargasan Crossroads,23.171665,72.628371,8842cc6a11fffff,resolved
FA-00277,2026-05-19T20:42:00,attention,suspicious,Suspicious vehicle parked since morning,Hatchback without a number plate; owner not traced yet.,ASI,S. Rathod,PCR-4,Sector 16 Commercial,23.225913,72.640956,8842cc6157fffff,resolved
FA-00278,2026-05-20T20:27:00,attention,infrastructure,Streetlights out on service road,Roughly 400 m stretch dark; recommend a night patrol pass.,PC,H. Zala,Beat 3,Kudasan,23.192574,72.635688,8842cc612bfffff,resolved
FA-00279,2026-05-20T20:42:00,urgent,crime_in_progress,Chain snatching reported,Two suspects on a motorcycle fled the spot; description circulated.,HC,B. Gohil,Beat 6,Infocity,23.186727,72.62796,8842cc6121fffff,resolved
FA-00280,2026-05-21T07:46:00,urgent,crime_in_progress,Chain snatching reported,Two suspects on a motorcycle fled the spot; description circulated.,PC,A. Makwana,Beat 1,Sector 7 Secretariat,23.212399,72.631403,8842cc6101fffff,resolved
FA-00281,2026-05-21T15:22:00,urgent,crowd,Crowd build-up at venue gate,Entry queue spilling onto the road; requesting two more constables.,PC,K. Thakor,Beat 4,Infocity,23.18641,72.631745,8842cc6121fffff,resolved
FA-00282,2026-05-21T16:00:00,info,patrol,Foot patrol completed,Market stretch covered; shopkeepers briefed on shutter locks.,PSI,N. Desai,PCR-2,Kudasan,23.191792,72.636875,8842cc6123fffff,resolved
FA-00283,2026-05-21T17:08:00,info,patrol,Night round completed,Residential lanes checked; nothing to report.,ASI,D. Vaghela,PCR-1,Sector 21 Market,23.221157,72.648593,8842cc611dfffff,resolved
FA-00284,2026-05-21T20:09:00,info,patrol,Nakabandi point established,"Vehicle checking in progress, no incidents so far.",HC,B. Gohil,Beat 6,GIFT City,23.162891,72.681729,8842cc6ab9fffff,resolved
FA-00285,2026-05-21T20:27:00,attention,infrastructure,CCTV camera not recording,Junction camera offline; control room informed.,HC,B. Gohil,Beat 6,Sargasan Crossroads,23.171,72.630128,8842cc6a11fffff,resolved
FA-00286,2026-05-22T06:28:00,attention,suspicious,Suspicious vehicle parked since morning,Hatchback without a number plate; owner not traced yet.,PC,J. Solanki,Beat 5,Kudasan,23.189526,72.637456,8842cc6123fffff,resolved
FA-00287,2026-05-22T07:01:00,attention,infrastructure,CCTV camera not recording,Junction camera offline; control room informed.,PC,H. Zala,Beat 3,Sector 16 Commercial,23.228416,72.643529,8842cc6153fffff,resolved
FA-00288,2026-05-22T16:27:00,attention,suspicious,Suspicious vehicle parked since morning,Hatchback without a number plate; owner not traced yet.,PC,H. Zala,Beat 3,Akshardham (Sector 20),23.236232,72.661518,8842cc6027fffff,resolved
FA-00289,2026-05-22T18:04:00,attention,infrastructure,CCTV camera not recording,Junction camera offline; control room informed.,PC,J. Solanki,Beat 5,Sector 7 Secretariat,23.211108,72.634199,8842cc6101fffff,resolved
FA-00290,2026-05-23T08:23:00,urgent,public_order,Scuffle between two groups,"Situation contained, both parties brought to the chowky.",PC,A. Makwana,Beat 1,Sector 7 Secretariat,23.211053,72.631547,8842cc6101fffff,resolved
FA-00291,2026-05-23T18:09:00,urgent,crime_in_progress,Break-in attempt at locked house,Neighbours heard the lock being forced; suspects left before arrival.,ASI,D. Vaghela,PCR-1,Sargasan Crossroads,23.17105,72.628674,8842cc6a11fffff,resolved
FA-00292,2026-05-23T19:43:00,info,patrol,Nakabandi point established,"Vehicle checking in progress, no incidents so far.",ASI,S. Rathod,PCR-4,Infocity,23.191136,72.628756,8842cc6121fffff,resolved
FA-00293,2026-05-23T22:15:00,urgent,public_order,Scuffle between two groups,"Situation contained, both parties brought to the chowky.",ASI,D. Vaghela,PCR-1,Akshardham (Sector 20),23.240588,72.658093,8842cc6021fffff,resolved
FA-00294,2026-05-24T15:01:00,info,patrol,Night round completed,Residential lanes checked; nothing to report.,PC,J. Solanki,Beat 5,Sargasan Crossroads,23.170713,72.632064,8842cc6a11fffff,resolved
FA-00295,2026-05-24T16:55:00,urgent,public_order,Scuffle between two groups,"Situation contained, both parties brought to the chowky.",HC,B. Gohil,Beat 6,Infocity,23.189407,72.629861,8842cc6121fffff,resolved
FA-00296,2026-05-24T18:32:00,info,patrol,Nakabandi point established,"Vehicle checking in progress, no incidents so far.",ASI,S. Rathod,PCR-4,Sector 21 Market,23.220756,72.649627,8842cc611dfffff,resolved
FA-00297,2026-05-24T21:31:00,info,patrol,Foot patrol completed,Market stretch covered; shopkeepers briefed on shutter locks.,HC,M. Parmar,Beat 2,Sector 7 Secretariat,23.213456,72.631414,8842cc6101fffff,resolved
FA-00298,2026-05-24T22:41:00,info,patrol,Foot patrol completed,Market stretch covered; shopkeepers briefed on shutter locks.,PC,K. Thakor,Beat 4,Sector 7 Secretariat,23.212529,72.632581,8842cc6101fffff,resolved
FA-00299,2026-05-25T00:47:00,info,patrol,Night round completed,Residential lanes checked; nothing to report.,ASI,S. Rathod,PCR-4,Sargasan Crossroads,23.172576,72.629054,8842cc6a11fffff,resolved
FA-00300,2026-05-25T02:27:00,attention,suspicious,Suspicious vehicle parked since morning,Hatchback without a number plate; owner not traced yet.,HC,M. Parmar,Beat 2,Sector 7 Secretariat,23.213149,72.63273,8842cc6101fffff,resolved
FA-00301,2026-05-25T08:37:00,urgent,crowd,Crowd build-up at venue gate,Entry queue spilling onto the road; requesting two more constables.,ASI,S. Rathod,PCR-4,Sector 21 Market,23.219474,72.649457,8842cc611dfffff,resolved
FA-00302,2026-05-25T16:45:00,info,patrol,Nakabandi point established,"Vehicle checking in progress, no incidents so far.",PSI,N. Desai,PCR-2,Sector 16 Commercial,23.228466,72.643447,8842cc6153fffff,resolved
FA-00303,2026-05-25T18:14:00,info,patrol,Nakabandi point established,"Vehicle checking in progress, no incidents so far.",PC,H. Zala,Beat 3,GIFT City,23.163351,72.681424,8842cc6a87fffff,resolved
FA-00304,2026-05-26T08:38:00,attention,suspicious,Unattended bag reported,Bag checked and cleared; owner located nearby.,PSI,N. Desai,PCR-2,GIFT City,23.163163,72.681969,8842cc6ab9fffff,resolved
FA-00305,2026-05-26T12:07:00,info,patrol,Night round completed,Residential lanes checked; nothing to report.,ASI,S. Rathod,PCR-4,Sargasan Crossroads,23.170201,72.627743,8842cc6a11fffff,resolved
FA-00306,2026-05-26T12:46:00,attention,infrastructure,CCTV camera not recording,Junction camera offline; control room informed.,HC,B. Gohil,Beat 6,Kudasan,23.19305,72.633257,8842cc6121fffff,resolved
FA-00307,2026-05-27T15:45:00,info,patrol,Night round completed,Residential lanes checked; nothing to report.,ASI,D. Vaghela,PCR-1,GIFT City,23.160612,72.680064,8842cc6a87fffff,resolved
FA-00308,2026-05-27T21:40:00,urgent,crime_in_progress,Chain snatching reported,Two suspects on a motorcycle fled the spot; description circulated.,ASI,D. Vaghela,PCR-1,Sector 7 Secretariat,23.21087,72.632007,8842cc6101fffff,resolved
FA-00309,2026-05-28T10:56:00,info,patrol,Foot patrol completed,Market stretch covered; shopkeepers briefed on shutter locks.,PC,A. Makwana,Beat 1,Akshardham (Sector 20),23.241715,72.6558,8842cc6021fffff,resolved
FA-00310,2026-05-28T11:59:00,attention,infrastructure,Streetlights out on service road,Roughly 400 m stretch dark; recommend a night patrol pass.,PSI,N. Desai,PCR-2,Infocity,23.188545,72.627852,8842cc6121fffff,resolved
FA-00311,2026-05-28T14:39:00,attention,traffic,Traffic congestion at junction,Signal fault causing tailback; manual regulation started.,ASI,D. Vaghela,PCR-1,Kudasan,23.192679,72.63708,8842cc6123fffff,resolved
FA-00312,2026-05-28T19:10:00,urgent,crime_in_progress,Break-in attempt at locked house,Neighbours heard the lock being forced; suspects left before arrival.,PC,J. Solanki,Beat 5,Sector 7 Secretariat,23.208873,72.629346,8842cc6101fffff,resolved
FA-00313,2026-05-28T21:14:00,urgent,public_order,Scuffle between two groups,"Situation contained, both parties brought to the chowky.",PC,H. Zala,Beat 3,GIFT City,23.160991,72.680529,8842cc6a87fffff,resolved
FA-00314,2026-05-29T02:08:00,info,patrol,Night round completed,Residential lanes checked; nothing to report.,PC,K. Thakor,Beat 4,Sector 16 Commercial,23.23099,72.643263,8842cc6153fffff,resolved
FA-00315,2026-05-29T13:08:00,urgent,crime_in_progress,Chain snatching reported,Two suspects on a motorcycle fled the spot; description circulated.,PC,H. Zala,Beat 3,Sector 7 Secretariat,23.214943,72.632203,8842cc6109fffff,resolved
FA-00316,2026-05-29T13:09:00,urgent,crime_in_progress,Break-in attempt at locked house,Neighbours heard the lock being forced; suspects left before arrival.,HC,M. Parmar,Beat 2,Sector 21 Market,23.220172,72.649398,8842cc611dfffff,resolved
FA-00317,2026-05-29T18:38:00,attention,infrastructure,CCTV camera not recording,Junction camera offline; control room informed.,HC,M. Parmar,Beat 2,Sector 21 Market,23.215856,72.650264,8842cc6115fffff,resolved
FA-00318,2026-05-29T18:43:00,attention,infrastructure,Streetlights out on service road,Roughly 400 m stretch dark; recommend a night patrol pass.,ASI,S. Rathod,PCR-4,Sector 21 Market,23.223485,72.646667,8842cc6119fffff,resolved
FA-00319,2026-05-29T23:51:00,urgent,crime_in_progress,Break-in attempt at locked house,Neighbours heard the lock being forced; suspects left before arrival.,PSI,R. Chaudhary,PCR-3,GIFT City,23.164742,72.679311,8842cc6a83fffff,resolved
FA-00320,2026-05-30T04:09:00,attention,infrastructure,CCTV camera not recording,Junction camera offline; control room informed.,HC,M. Parmar,Beat 2,Sargasan Crossroads,23.172299,72.630614,8842cc6a11fffff,resolved
FA-00321,2026-05-30T19:29:00,attention,infrastructure,Streetlights out on service road,Roughly 400 m stretch dark; recommend a night patrol pass.,PSI,N. Desai,PCR-2,Sector 21 Market,23.221973,72.651128,8842cc6119fffff,resolved
FA-00322,2026-05-30T20:11:00,attention,infrastructure,CCTV camera not recording,Junction camera offline; control room informed.,HC,M. Parmar,Beat 2,Sector 21 Market,23.222855,72.651359,8842cc6119fffff,resolved
FA-00323,2026-05-30T23:35:00,attention,traffic,Traffic congestion at junction,Signal fault causing tailback; manual regulation started.,ASI,S. Rathod,PCR-4,GIFT City,23.161833,72.680343,8842cc6a87fffff,resolved
FA-00324,2026-05-31T14:16:00,info,patrol,Night round completed,Residential lanes checked; nothing to report.,HC,M. Parmar,Beat 2,Sector 16 Commercial,23.226098,72.643463,8842cc6157fffff,resolved
FA-00325,2026-05-31T17:18:00,attention,infrastructure,CCTV camera not recording,Junction camera offline; control room informed.,ASI,D. Vaghela,PCR-1,Sargasan Crossroads,23.170889,72.631303,8842cc6a11fffff,resolved
FA-00326,2026-06-01T10:40:00,urgent,crowd,Crowd build-up at venue gate,Entry queue spilling onto the road; requesting two more constables.,HC,M. Parmar,Beat 2,Sector 21 Market,23.220231,72.649865,8842cc611dfffff,resolved
FA-00327,2026-06-01T10:50:00,info,patrol,Nakabandi point established,"Vehicle checking in progress, no incidents so far.",PSI,R. Chaudhary,PCR-3,Akshardham (Sector 20),23.241811,72.661687,8842cc6023fffff,resolved
FA-00328,2026-06-01T16:18:00,info,patrol,Foot patrol completed,Market stretch covered; shopkeepers briefed on shutter locks.,HC,B. Gohil,Beat 6,Sector 16 Commercial,23.225817,72.642318,8842cc6157fffff,resolved
FA-00329,2026-06-01T18:20:00,urgent,public_order,Scuffle between two groups,"Situation contained, both parties brought to the chowky.",ASI,D. Vaghela,PCR-1,Sector 7 Secretariat,23.21285,72.632978,8842cc6101fffff,resolved
FA-00330,2026-06-02T01:57:00,urgent,public_order,Scuffle between two groups,"Situation contained, both parties brought to the chowky.",PC,A. Makwana,Beat 1,GIFT City,23.163722,72.68071,8842cc6a87fffff,resolved
FA-00331,2026-06-02T09:06:00,attention,traffic,Traffic congestion at junction,Signal fault causing tailback; manual regulation started.,PC,J. Solanki,Beat 5,Akshardham (Sector 20),23.238824,72.65821,8842cc6021fffff,resolved
FA-00332,2026-06-02T12:21:00,attention,infrastructure,Streetlights out on service road,Roughly 400 m stretch dark; recommend a night patrol pass.,PC,H. Zala,Beat 3,GIFT City,23.165079,72.684159,8842cc6ab9fffff,resolved
FA-00333,2026-06-02T20:15:00,urgent,crowd,Crowd build-up at venue gate,Entry queue spilling onto the road; requesting two more constables.,PC,A. Makwana,Beat 1,Sector 16 Commercial,23.227508,72.639849,8842cc6157fffff,resolved
FA-00334,2026-06-03T13:48:00,attention,traffic,Traffic congestion at junction,Signal fault causing tailback; manual regulation started.,PSI,N. Desai,PCR-2,Akshardham (Sector 20),23.238946,72.660296,8842cc6021fffff,resolved
FA-00335,2026-06-03T17:43:00,attention,suspicious,Unattended bag reported,Bag checked and cleared; owner located nearby.,PC,K. Thakor,Beat 4,Kudasan,23.188387,72.635302,8842cc6121fffff,resolved
FA-00336,2026-06-03T18:56:00,info,patrol,Nakabandi point established,"Vehicle checking in progress, no incidents so far.",PC,H. Zala,Beat 3,Akshardham (Sector 20),23.235851,72.661958,8842cc6027fffff,resolved
FA-00337,2026-06-03T20:58:00,urgent,crime_in_progress,Chain snatching reported,Two suspects on a motorcycle fled the spot; description circulated.,PC,A. Makwana,Beat 1,Sector 16 Commercial,23.229823,72.638623,8842cc6151fffff,resolved
FA-00338,2026-06-04T06:11:00,attention,traffic,Traffic congestion at junction,Signal fault causing tailback; manual regulation started.,ASI,S. Rathod,PCR-4,Sector 21 Market,23.220091,72.650772,8842cc6111fffff,resolved
FA-00339,2026-06-04T14:09:00,attention,traffic,Traffic congestion at junction,Signal fault causing tailback; manual regulation started.,PC,J. Solanki,Beat 5,Kudasan,23.192454,72.636614,8842cc6123fffff,resolved
FA-00340,2026-06-04T15:30:00,urgent,crime_in_progress,Chain snatching reported,Two suspects on a motorcycle fled the spot; description circulated.,PC,K. Thakor,Beat 4,Sector 21 Market,23.216918,72.649686,8842cc611dfffff,resolved
FA-00341,2026-06-04T18:08:00,attention,infrastructure,Streetlights out on service road,Roughly 400 m stretch dark; recommend a night patrol pass.,HC,B. Gohil,Beat 6,GIFT City,23.164453,72.680003,8842cc6a83fffff,resolved
FA-00342,2026-06-05T08:46:00,info,patrol,Nakabandi point established,"Vehicle checking in progress, no incidents so far.",PC,K. Thakor,Beat 4,Sector 16 Commercial,23.226026,72.644458,8842cc6157fffff,resolved
FA-00343,2026-06-05T17:26:00,info,patrol,Nakabandi point established,"Vehicle checking in progress, no incidents so far.",ASI,S. Rathod,PCR-4,Akshardham (Sector 20),23.236202,72.658492,8842cc6021fffff,resolved
FA-00344,2026-06-05T18:54:00,urgent,crime_in_progress,Break-in attempt at locked house,Neighbours heard the lock being forced; suspects left before arrival.,ASI,S. Rathod,PCR-4,Infocity,23.188596,72.631627,8842cc6121fffff,resolved
FA-00345,2026-06-05T20:39:00,attention,infrastructure,Streetlights out on service road,Roughly 400 m stretch dark; recommend a night patrol pass.,PC,A. Makwana,Beat 1,Akshardham (Sector 20),23.23377,72.65791,8842cc6027fffff,resolved
FA-00346,2026-06-05T22:04:00,info,patrol,Foot patrol completed,Market stretch covered; shopkeepers briefed on shutter locks.,ASI,D. Vaghela,PCR-1,Sector 16 Commercial,23.228739,72.639274,8842cc6151fffff,resolved
FA-00347,2026-06-06T17:06:00,urgent,crime_in_progress,Mobile snatching reported,Victim's phone snatched by a pillion rider; nearby units alerted.,PC,K. Thakor,Beat 4,Infocity,23.184541,72.630566,8842cc6125fffff,resolved
FA-00348,2026-06-06T19:25:00,info,patrol,Nakabandi point established,"Vehicle checking in progress, no incidents so far.",HC,B. Gohil,Beat 6,Sector 7 Secretariat,23.213134,72.632206,8842cc6101fffff,resolved
FA-00349,2026-06-06T22:02:00,urgent,public_order,Scuffle between two groups,"Situation contained, both parties brought to the chowky.",PC,K. Thakor,Beat 4,Sargasan Crossroads,23.171867,72.627204,8842cc6a11fffff,resolved
FA-00350,2026-06-07T04:54:00,attention,suspicious,Unattended bag reported,Bag checked and cleared; owner located nearby.,HC,B. Gohil,Beat 6,Infocity,23.186491,72.627344,8842cc6125fffff,resolved
FA-00351,2026-06-07T12:35:00,info,patrol,Foot patrol completed,Market stretch covered; shopkeepers briefed on shutter locks.,ASI,D. Vaghela,PCR-1,Sector 21 Market,23.219201,72.647156,8842cc611dfffff,resolved
FA-00352,2026-06-07T12:37:00,attention,traffic,Traffic congestion at junction,Signal fault causing tailback; manual regulation started.,ASI,S. Rathod,PCR-4,Sector 21 Market,23.219271,72.650932,8842cc6111fffff,resolved
FA-00353,2026-06-07T16:00:00,urgent,crime_in_progress,Chain snatching reported,Two suspects on a motorcycle fled the spot; description circulated.,ASI,S. Rathod,PCR-4,GIFT City,23.164265,72.684128,8842cc6ab9fffff,resolved
FA-00354,2026-06-07T20:38:00,attention,suspicious,Suspicious vehicle parked since morning,Hatchback without a number plate; owner not traced yet.,ASI,D. Vaghela,PCR-1,Sargasan Crossroads,23.170548,72.63009,8842cc6a11fffff,resolved
FA-00355,2026-06-08T02:57:00,info,patrol,Foot patrol completed,Market stretch covered; shopkeepers briefed on shutter locks.,ASI,D. Vaghela,PCR-1,Infocity,23.186629,72.625506,8842cc612dfffff,resolved
FA-00356,2026-06-08T10:22:00,attention,suspicious,Suspicious vehicle parked since morning,Hatchback without a number plate; owner not traced yet.,ASI,D. Vaghela,PCR-1,Infocity,23.187047,72.628648,8842cc6121fffff,resolved
FA-00357,2026-06-08T14:47:00,info,patrol,Night round completed,Residential lanes checked; nothing to report.,HC,M. Parmar,Beat 2,Sector 21 Market,23.216947,72.652729,8842cc6111fffff,resolved
FA-00358,2026-06-08T15:23:00,attention,infrastructure,Streetlights out on service road,Roughly 400 m stretch dark; recommend a night patrol pass.,PC,H. Zala,Beat 3,Akshardham (Sector 20),23.239374,72.661368,8842cc6023fffff,resolved
FA-00359,2026-06-08T15:42:00,urgent,crowd,Crowd build-up at venue gate,Entry queue spilling onto the road; requesting two more constables.,PC,H. Zala,Beat 3,Infocity,23.186678,72.630729,8842cc6121fffff,resolved
FA-00360,2026-06-08T18:11:00,urgent,crime_in_progress,Chain snatching reported,Two suspects on a motorcycle fled the spot; description circulated.,PSI,R. Chaudhary,PCR-3,Kudasan,23.192487,72.635444,8842cc612bfffff,resolved
FA-00361,2026-06-08T19:32:00,info,patrol,Night round completed,Residential lanes checked; nothing to report.,PC,H. Zala,Beat 3,Sector 16 Commercial,23.231897,72.641891,8842cc6153fffff,resolved
FA-00362,2026-06-09T17:05:00,attention,suspicious,Suspicious vehicle parked since morning,Hatchback without a number plate; owner not traced yet.,PSI,N. Desai,PCR-2,GIFT City,23.165497,72.682497,8842cc6a83fffff,resolved
FA-00363,2026-06-09T20:41:00,attention,infrastructure,CCTV camera not recording,Junction camera offline; control room informed.,ASI,S. Rathod,PCR-4,Sargasan Crossroads,23.169293,72.632117,8842cc6a11fffff,resolved
FA-00364,2026-06-09T21:37:00,attention,infrastructure,CCTV camera not recording,Junction camera offline; control room informed.,PC,J. Solanki,Beat 5,Sector 21 Market,23.220034,72.651437,8842cc6111fffff,resolved
FA-00365,2026-06-11T13:15:00,urgent,crime_in_progress,Mobile snatching reported,Victim's phone snatched by a pillion rider; nearby units alerted.,PSI,R. Chaudhary,PCR-3,Infocity,23.189713,72.625934,8842cc612dfffff,resolved
FA-00366,2026-06-11T16:56:00,attention,suspicious,Unattended bag reported,Bag checked and cleared; owner located nearby.,PC,J. Solanki,Beat 5,Sargasan Crossroads,23.170725,72.62968,8842cc6a11fffff,resolved
FA-00367,2026-06-12T07:48:00,info,patrol,Nakabandi point established,"Vehicle checking in progress, no incidents so far.",ASI,S. Rathod,PCR-4,Sargasan Crossroads,23.171776,72.632899,8842cc6a11fffff,resolved
FA-00368,2026-06-12T18:17:00,attention,suspicious,Suspicious vehicle parked since morning,Hatchback without a number plate; owner not traced yet.,PC,H. Zala,Beat 3,Akshardham (Sector 20),23.234603,72.659717,8842cc6027fffff,resolved
FA-00369,2026-06-12T21:24:00,info,patrol,Foot patrol completed,Market stretch covered; shopkeepers briefed on shutter locks.,ASI,D. Vaghela,PCR-1,Sector 7 Secretariat,23.21186,72.631201,8842cc6101fffff,resolved
FA-00370,2026-06-13T09:55:00,urgent,public_order,Scuffle between two groups,"Situation contained, both parties brought to the chowky.",PC,H. Zala,Beat 3,GIFT City,23.163203,72.681233,8842cc6a87fffff,resolved
FA-00371,2026-06-13T11:47:00,attention,suspicious,Suspicious vehicle parked since morning,Hatchback without a number plate; owner not traced yet.,HC,B. Gohil,Beat 6,Sector 16 Commercial,23.228769,72.64266,8842cc6153fffff,resolved
FA-00372,2026-06-13T17:18:00,info,patrol,Night round completed,Residential lanes checked; nothing to report.,PC,J. Solanki,Beat 5,Akshardham (Sector 20),23.236245,72.657145,8842cc6021fffff,resolved
FA-00373,2026-06-13T17:39:00,urgent,crowd,Crowd build-up at venue gate,Entry queue spilling onto the road; requesting two more constables.,PSI,N. Desai,PCR-2,Infocity,23.189607,72.629273,8842cc6121fffff,resolved
FA-00374,2026-06-13T17:59:00,attention,suspicious,Suspicious vehicle parked since morning,Hatchback without a number plate; owner not traced yet.,ASI,D. Vaghela,PCR-1,Sector 16 Commercial,23.229148,72.641757,8842cc6153fffff,resolved
FA-00375,2026-06-13T20:36:00,info,patrol,Foot patrol completed,Market stretch covered; shopkeepers briefed on shutter locks.,PC,J. Solanki,Beat 5,Sector 21 Market,23.220442,72.64972,8842cc611dfffff,resolved
FA-00376,2026-06-14T09:12:00,info,patrol,Nakabandi point established,"Vehicle checking in progress, no incidents so far.",ASI,D. Vaghela,PCR-1,Kudasan,23.193022,72.634331,8842cc612bfffff,resolved
FA-00377,2026-06-14T16:43:00,info,patrol,Foot patrol completed,Market stretch covered; shopkeepers briefed on shutter locks.,HC,M. Parmar,Beat 2,Sargasan Crossroads,23.171664,72.629672,8842cc6a11fffff,resolved
FA-00378,2026-06-14T17:13:00,urgent,crime_in_progress,Break-in attempt at locked house,Neighbours heard the lock being forced; suspects left before arrival.,HC,B. Gohil,Beat 6,GIFT City,23.165744,72.682633,8842cc6a83fffff,resolved
FA-00379,2026-06-14T22:51:00,urgent,crime_in_progress,Chain snatching reported,Two suspects on a motorcycle fled the spot; description circulated.,ASI,D. Vaghela,PCR-1,Sector 21 Market,23.221873,72.649315,8842cc6119fffff,resolved
FA-00380,2026-06-15T17:00:00,info,patrol,Foot patrol completed,Market stretch covered; shopkeepers briefed on shutter locks.,PSI,R. Chaudhary,PCR-3,Kudasan,23.191499,72.635016,8842cc6121fffff,resolved
FA-00381,2026-06-15T22:12:00,attention,infrastructure,Streetlights out on service road,Roughly 400 m stretch dark; recommend a night patrol pass.,PC,A. Makwana,Beat 1,Kudasan,23.194161,72.634906,8842cc612bfffff,resolved
FA-00382,2026-06-16T08:08:00,urgent,crowd,Crowd build-up at venue gate,Entry queue spilling onto the road; requesting two more constables.,HC,B. Gohil,Beat 6,Sector 21 Market,23.217998,72.652593,8842cc6111fffff,resolved
FA-00383,2026-06-16T15:53:00,attention,suspicious,Unattended bag reported,Bag checked and cleared; owner located nearby.,PSI,R. Chaudhary,PCR-3,Sector 21 Market,23.219275,72.647261,8842cc611dfffff,resolved
FA-00384,2026-06-16T19:01:00,urgent,crime_in_progress,Break-in attempt at locked house,Neighbours heard the lock being forced; suspects left before arrival.,ASI,D. Vaghela,PCR-1,GIFT City,23.169105,72.679006,8842cc6a83fffff,resolved
FA-00385,2026-06-16T19:03:00,urgent,crime_in_progress,Break-in attempt at locked house,Neighbours heard the lock being forced; suspects left before arrival.,PC,A. Makwana,Beat 1,Infocity,23.188571,72.625089,8842cc612dfffff,resolved
FA-00386,2026-06-16T19:10:00,urgent,crowd,Crowd build-up at venue gate,Entry queue spilling onto the road; requesting two more constables.,PC,J. Solanki,Beat 5,Sector 21 Market,23.218784,72.652843,8842cc6111fffff,resolved
FA-00387,2026-06-16T21:07:00,urgent,crime_in_progress,Break-in attempt at locked house,Neighbours heard the lock being forced; suspects left before arrival.,PC,A. Makwana,Beat 1,GIFT City,23.165724,72.682787,8842cc6a83fffff,resolved
FA-00388,2026-06-16T21:15:00,attention,infrastructure,CCTV camera not recording,Junction camera offline; control room informed.,PSI,N. Desai,PCR-2,GIFT City,23.163717,72.68196,8842cc6ab9fffff,resolved
FA-00389,2026-06-16T21:48:00,info,patrol,Nakabandi point established,"Vehicle checking in progress, no incidents so far.",PSI,N. Desai,PCR-2,Akshardham (Sector 20),23.237467,72.6607,8842cc6027fffff,resolved
FA-00390,2026-06-16T22:14:00,attention,infrastructure,Streetlights out on service road,Roughly 400 m stretch dark; recommend a night patrol pass.,PC,K. Thakor,Beat 4,Sector 21 Market,23.220956,72.648147,8842cc611dfffff,resolved
FA-00391,2026-06-17T09:33:00,attention,suspicious,Unattended bag reported,Bag checked and cleared; owner located nearby.,PSI,R. Chaudhary,PCR-3,Sector 21 Market,23.219581,72.648364,8842cc611dfffff,resolved
FA-00392,2026-06-17T18:49:00,attention,infrastructure,Streetlights out on service road,Roughly 400 m stretch dark; recommend a night patrol pass.,PC,H. Zala,Beat 3,Sector 16 Commercial,23.226931,72.640799,8842cc6157fffff,resolved
FA-00393,2026-06-18T08:49:00,attention,infrastructure,CCTV camera not recording,Junction camera offline; control room informed.,PSI,R. Chaudhary,PCR-3,GIFT City,23.165146,72.680225,8842cc6a83fffff,resolved
FA-00394,2026-06-18T09:16:00,urgent,crime_in_progress,Chain snatching reported,Two suspects on a motorcycle fled the spot; description circulated.,PC,J. Solanki,Beat 5,Akshardham (Sector 20),23.238276,72.660275,8842cc6021fffff,resolved
FA-00395,2026-06-18T15:38:00,urgent,crime_in_progress,Chain snatching reported,Two suspects on a motorcycle fled the spot; description circulated.,PSI,R. Chaudhary,PCR-3,GIFT City,23.166503,72.681402,8842cc6a83fffff,resolved
FA-00396,2026-06-18T18:34:00,attention,traffic,Traffic congestion at junction,Signal fault causing tailback; manual regulation started.,ASI,D. Vaghela,PCR-1,GIFT City,23.16673,72.681391,8842cc6a83fffff,resolved
FA-00397,2026-06-19T03:08:00,attention,suspicious,Suspicious vehicle parked since morning,Hatchback without a number plate; owner not traced yet.,PC,K. Thakor,Beat 4,Sector 16 Commercial,23.224676,72.642075,8842cc6157fffff,resolved
FA-00398,2026-06-19T20:41:00,attention,suspicious,Suspicious vehicle parked since morning,Hatchback without a number plate; owner not traced yet.,PC,A. Makwana,Beat 1,Sector 16 Commercial,23.228627,72.643339,8842cc6153fffff,resolved
FA-00399,2026-06-19T20:51:00,info,patrol,Foot patrol completed,Market stretch covered; shopkeepers briefed on shutter locks.,HC,M. Parmar,Beat 2,Akshardham (Sector 20),23.237295,72.661282,8842cc6027fffff,resolved
FA-00400,2026-06-19T20:53:00,attention,infrastructure,Streetlights out on service road,Roughly 400 m stretch dark; recommend a night patrol pass.,HC,B. Gohil,Beat 6,Akshardham (Sector 20),23.235712,72.660255,8842cc6027fffff,resolved
FA-00401,2026-06-20T06:59:00,urgent,crime_in_progress,Chain snatching reported,Two suspects on a motorcycle fled the spot; description circulated.,PSI,R. Chaudhary,PCR-3,Sargasan Crossroads,23.169516,72.631787,8842cc6a11fffff,resolved
FA-00402,2026-06-20T11:32:00,urgent,crowd,Crowd build-up at venue gate,Entry queue spilling onto the road; requesting two more constables.,HC,M. Parmar,Beat 2,GIFT City,23.163759,72.683614,8842cc6ab9fffff,resolved
FA-00403,2026-06-21T02:02:00,urgent,crime_in_progress,Break-in attempt at locked house,Neighbours heard the lock being forced; suspects left before arrival.,ASI,D. Vaghela,PCR-1,Kudasan,23.194458,72.63503,8842cc612bfffff,resolved
FA-00404,2026-06-21T18:36:00,info,patrol,Foot patrol completed,Market stretch covered; shopkeepers briefed on shutter locks.,HC,B. Gohil,Beat 6,GIFT City,23.162473,72.681069,8842cc6a87fffff,resolved
FA-00405,2026-06-21T20:07:00,attention,suspicious,Unattended bag reported,Bag checked and cleared; owner located nearby.,HC,M. Parmar,Beat 2,Sector 21 Market,23.220318,72.650331,8842cc6111fffff,resolved
FA-00406,2026-06-21T20:16:00,urgent,crime_in_progress,Chain snatching reported,Two suspects on a motorcycle fled the spot; description circulated.,PC,H. Zala,Beat 3,GIFT City,23.169682,72.684319,8842cc6a83fffff,resolved
FA-00407,2026-06-22T13:45:00,info,patrol,Nakabandi point established,"Vehicle checking in progress, no incidents so far.",PC,A. Makwana,Beat 1,Sargasan Crossroads,23.172447,72.628214,8842cc6a11fffff,resolved
FA-00408,2026-06-22T16:16:00,info,patrol,Foot patrol completed,Market stretch covered; shopkeepers briefed on shutter locks.,ASI,D. Vaghela,PCR-1,Sector 21 Market,23.221744,72.65284,8842cc6111fffff,resolved
FA-00409,2026-06-23T18:22:00,attention,suspicious,Unattended bag reported,Bag checked and cleared; owner located nearby.,PC,H. Zala,Beat 3,Infocity,23.187679,72.629154,8842cc6121fffff,resolved
FA-00410,2026-06-23T18:36:00,urgent,crime_in_progress,Break-in attempt at locked house,Neighbours heard the lock being forced; suspects left before arrival.,PC,A. Makwana,Beat 1,Infocity,23.190627,72.625406,8842cc612dfffff,resolved
FA-00411,2026-06-23T22:23:00,info,patrol,Foot patrol completed,Market stretch covered; shopkeepers briefed on shutter locks.,ASI,D. Vaghela,PCR-1,Sector 7 Secretariat,23.210142,72.629018,8842cc6101fffff,resolved
FA-00412,2026-06-24T00:57:00,attention,infrastructure,CCTV camera not recording,Junction camera offline; control room informed.,HC,M. Parmar,Beat 2,GIFT City,23.165549,72.679401,8842cc6a83fffff,resolved
FA-00413,2026-06-24T05:08:00,attention,infrastructure,Streetlights out on service road,Roughly 400 m stretch dark; recommend a night patrol pass.,PC,J. Solanki,Beat 5,Sector 7 Secretariat,23.211381,72.631543,8842cc6101fffff,resolved
FA-00414,2026-06-24T11:52:00,attention,suspicious,Suspicious vehicle parked since morning,Hatchback without a number plate; owner not traced yet.,PC,J. Solanki,Beat 5,Kudasan,23.190303,72.637115,8842cc6123fffff,resolved
FA-00415,2026-06-24T16:50:00,info,patrol,Nakabandi point established,"Vehicle checking in progress, no incidents so far.",HC,B. Gohil,Beat 6,Kudasan,23.193256,72.636962,8842cc612bfffff,resolved
FA-00416,2026-06-24T21:41:00,info,patrol,Night round completed,Residential lanes checked; nothing to report.,PC,A. Makwana,Beat 1,GIFT City,23.162252,72.684296,8842cc6ab9fffff,resolved
FA-00417,2026-06-25T10:17:00,attention,suspicious,Suspicious vehicle parked since morning,Hatchback without a number plate; owner not traced yet.,PSI,N. Desai,PCR-2,Infocity,23.189706,72.626335,8842cc612dfffff,resolved
FA-00418,2026-06-25T10:39:00,attention,infrastructure,Streetlights out on service road,Roughly 400 m stretch dark; recommend a night patrol pass.,PC,H. Zala,Beat 3,Infocity,23.187766,72.627084,8842cc612dfffff,resolved
FA-00419,2026-06-25T10:39:00,attention,traffic,Traffic congestion at junction,Signal fault causing tailback; manual regulation started.,PC,A. Makwana,Beat 1,GIFT City,23.160651,72.680655,8842cc6a87fffff,resolved
FA-00420,2026-06-25T15:30:00,info,patrol,Night round completed,Residential lanes checked; nothing to report.,PC,A. Makwana,Beat 1,Infocity,23.18833,72.631749,8842cc6121fffff,resolved
FA-00421,2026-06-25T20:19:00,urgent,crime_in_progress,Mobile snatching reported,Victim's phone snatched by a pillion rider; nearby units alerted.,PC,J. Solanki,Beat 5,Akshardham (Sector 20),23.239524,72.660134,8842cc6021fffff,resolved
FA-00422,2026-06-26T11:13:00,attention,infrastructure,CCTV camera not recording,Junction camera offline; control room informed.,ASI,S. Rathod,PCR-4,Kudasan,23.192323,72.634321,8842cc6121fffff,resolved
FA-00423,2026-06-26T17:38:00,attention,suspicious,Suspicious vehicle parked since morning,Hatchback without a number plate; owner not traced yet.,ASI,S. Rathod,PCR-4,Sector 21 Market,23.220926,72.650808,8842cc6111fffff,resolved
FA-00424,2026-06-26T19:45:00,info,patrol,Night round completed,Residential lanes checked; nothing to report.,PC,K. Thakor,Beat 4,Akshardham (Sector 20),23.237629,72.657893,8842cc6021fffff,resolved
FA-00425,2026-06-27T17:03:00,attention,traffic,Traffic congestion at junction,Signal fault causing tailback; manual regulation started.,PC,K. Thakor,Beat 4,Infocity,23.190045,72.628073,8842cc6121fffff,resolved
FA-00426,2026-06-27T18:30:00,info,patrol,Night round completed,Residential lanes checked; nothing to report.,PSI,R. Chaudhary,PCR-3,Sargasan Crossroads,23.167904,72.63278,8842cc6a11fffff,resolved
FA-00427,2026-06-27T18:41:00,attention,suspicious,Unattended bag reported,Bag checked and cleared; owner located nearby.,PC,J. Solanki,Beat 5,Sector 21 Market,23.223268,72.64974,8842cc6119fffff,resolved
FA-00428,2026-06-27T19:41:00,attention,infrastructure,Streetlights out on service road,Roughly 400 m stretch dark; recommend a night patrol pass.,PSI,N. Desai,PCR-2,Sector 16 Commercial,23.228753,72.64303,8842cc6153fffff,resolved
FA-00429,2026-06-28T11:37:00,info,patrol,Nakabandi point established,"Vehicle checking in progress, no incidents so far.",PC,H. Zala,Beat 3,Infocity,23.188007,72.629453,8842cc6121fffff,resolved
FA-00430,2026-06-28T12:59:00,info,patrol,Nakabandi point established,"Vehicle checking in progress, no incidents so far.",PC,J. Solanki,Beat 5,Sector 16 Commercial,23.223955,72.642291,8842cc6157fffff,resolved
FA-00431,2026-06-28T17:58:00,info,patrol,Foot patrol completed,Market stretch covered; shopkeepers briefed on shutter locks.,ASI,D. Vaghela,PCR-1,Akshardham (Sector 20),23.238714,72.658902,8842cc6021fffff,resolved
FA-00432,2026-06-28T18:16:00,info,patrol,Night round completed,Residential lanes checked; nothing to report.,HC,M. Parmar,Beat 2,Sector 7 Secretariat,23.212855,72.631884,8842cc6101fffff,resolved
FA-00433,2026-06-28T18:30:00,info,patrol,Nakabandi point established,"Vehicle checking in progress, no incidents so far.",PC,H. Zala,Beat 3,Infocity,23.187462,72.62949,8842cc6121fffff,resolved
FA-00434,2026-06-28T19:17:00,info,patrol,Night round completed,Residential lanes checked; nothing to report.,PC,H. Zala,Beat 3,Sargasan Crossroads,23.169108,72.630883,8842cc6a11fffff,resolved
FA-00435,2026-06-28T20:01:00,attention,infrastructure,CCTV camera not recording,Junction camera offline; control room informed.,PSI,N. Desai,PCR-2,Infocity,23.186679,72.628445,8842cc6121fffff,resolved
FA-00436,2026-06-28T20:40:00,urgent,public_order,Scuffle between two groups,"Situation contained, both parties brought to the chowky.",ASI,S. Rathod,PCR-4,Sector 16 Commercial,23.227644,72.643438,8842cc6153fffff,resolved
FA-00437,2026-06-29T18:11:00,attention,suspicious,Suspicious vehicle parked since morning,Hatchback without a number plate; owner not traced yet.,PC,K. Thakor,Beat 4,Sector 7 Secretariat,23.210643,72.630952,8842cc6101fffff,resolved
FA-00438,2026-06-29T23:58:00,info,patrol,Nakabandi point established,"Vehicle checking in progress, no incidents so far.",PC,K. Thakor,Beat 4,Sector 16 Commercial,23.227689,72.64012,8842cc6157fffff,resolved
FA-00439,2026-06-30T14:39:00,attention,suspicious,Unattended bag reported,Bag checked and cleared; owner located nearby.,ASI,S. Rathod,PCR-4,Infocity,23.18784,72.627164,8842cc612dfffff,resolved
FA-00440,2026-06-30T21:03:00,info,patrol,Night round completed,Residential lanes checked; nothing to report.,HC,M. Parmar,Beat 2,GIFT City,23.164661,72.676819,8842cc6a87fffff,resolved
FA-00441,2026-07-01T03:59:00,attention,traffic,Traffic congestion at junction,Signal fault causing tailback; manual regulation started.,ASI,D. Vaghela,PCR-1,Infocity,23.194106,72.630442,8842cc6129fffff,resolved
FA-00442,2026-07-01T13:12:00,info,patrol,Foot patrol completed,Market stretch covered; shopkeepers briefed on shutter locks.,PC,K. Thakor,Beat 4,Sector 16 Commercial,23.228305,72.644017,8842cc6153fffff,resolved
FA-00443,2026-07-01T18:05:00,attention,traffic,Traffic congestion at junction,Signal fault causing tailback; manual regulation started.,PSI,N. Desai,PCR-2,Sargasan Crossroads,23.170621,72.627371,8842cc6a11fffff,resolved
FA-00444,2026-07-01T18:19:00,attention,infrastructure,CCTV camera not recording,Junction camera offline; control room informed.,PSI,N. Desai,PCR-2,GIFT City,23.163553,72.68215,8842cc6ab9fffff,resolved
FA-00445,2026-07-02T10:00:00,urgent,crime_in_progress,Mobile snatching reported,Victim's phone snatched by a pillion rider; nearby units alerted.,PSI,N. Desai,PCR-2,Akshardham (Sector 20),23.23743,72.661375,8842cc6027fffff,resolved
FA-00446,2026-07-02T12:58:00,attention,infrastructure,CCTV camera not recording,Junction camera offline; control room informed.,PC,J. Solanki,Beat 5,Sargasan Crossroads,23.17135,72.631502,8842cc6a11fffff,resolved
FA-00447,2026-07-02T15:39:00,attention,infrastructure,Streetlights out on service road,Roughly 400 m stretch dark; recommend a night patrol pass.,ASI,D. Vaghela,PCR-1,Sargasan Crossroads,23.164437,72.629907,8842cc6a15fffff,resolved
FA-00448,2026-07-02T22:55:00,info,patrol,Night round completed,Residential lanes checked; nothing to report.,ASI,S. Rathod,PCR-4,Sector 16 Commercial,23.232506,72.642162,8842cc6153fffff,resolved
FA-00449,2026-07-03T05:34:00,attention,infrastructure,CCTV camera not recording,Junction camera offline; control room informed.,ASI,S. Rathod,PCR-4,GIFT City,23.162299,72.683514,8842cc6ab9fffff,resolved
FA-00450,2026-07-03T13:57:00,info,patrol,Nakabandi point established,"Vehicle checking in progress, no incidents so far.",PSI,N. Desai,PCR-2,Sector 21 Market,23.220941,72.646274,8842cc611dfffff,resolved
FA-00451,2026-07-03T15:41:00,urgent,crime_in_progress,Mobile snatching reported,Victim's phone snatched by a pillion rider; nearby units alerted.,ASI,S. Rathod,PCR-4,Sector 21 Market,23.217766,72.649927,8842cc611dfffff,resolved
FA-00452,2026-07-03T17:12:00,attention,suspicious,Suspicious vehicle parked since morning,Hatchback without a number plate; owner not traced yet.,PC,K. Thakor,Beat 4,Sector 21 Market,23.215311,72.65352,8842cc6115fffff,resolved
FA-00453,2026-07-03T18:32:00,info,patrol,Nakabandi point established,"Vehicle checking in progress, no incidents so far.",PSI,R. Chaudhary,PCR-3,Sector 7 Secretariat,23.213999,72.628564,8842cc6109fffff,resolved
FA-00454,2026-07-03T21:44:00,attention,infrastructure,CCTV camera not recording,Junction camera offline; control room informed.,PC,A. Makwana,Beat 1,Infocity,23.185481,72.627099,8842cc6125fffff,resolved
FA-00455,2026-07-04T03:46:00,attention,infrastructure,Streetlights out on service road,Roughly 400 m stretch dark; recommend a night patrol pass.,ASI,S. Rathod,PCR-4,Sector 21 Market,23.221506,72.6498,8842cc6119fffff,resolved
FA-00456,2026-07-04T07:23:00,info,patrol,Nakabandi point established,"Vehicle checking in progress, no incidents so far.",PC,H. Zala,Beat 3,Infocity,23.188209,72.627826,8842cc6121fffff,resolved
FA-00457,2026-07-04T12:57:00,urgent,public_order,Scuffle between two groups,"Situation contained, both parties brought to the chowky.",ASI,S. Rathod,PCR-4,Sector 7 Secretariat,23.216955,72.631234,8842cc6109fffff,resolved
FA-00458,2026-07-04T13:04:00,attention,suspicious,Unattended bag reported,Bag checked and cleared; owner located nearby.,HC,M. Parmar,Beat 2,Sargasan Crossroads,23.169792,72.627859,8842cc6a11fffff,resolved
FA-00459,2026-07-04T17:49:00,attention,suspicious,Unattended bag reported,Bag checked and cleared; owner located nearby.,PC,K. Thakor,Beat 4,Akshardham (Sector 20),23.234307,72.657036,8842cc6025fffff,resolved
FA-00460,2026-07-04T19:29:00,urgent,crime_in_progress,Mobile snatching reported,Victim's phone snatched by a pillion rider; nearby units alerted.,ASI,D. Vaghela,PCR-1,Kudasan,23.191341,72.639099,8842cc6123fffff,resolved
FA-00461,2026-07-04T19:51:00,urgent,crime_in_progress,Chain snatching reported,Two suspects on a motorcycle fled the spot; description circulated.,PC,J. Solanki,Beat 5,Kudasan,23.191626,72.63897,8842cc6123fffff,resolved
FA-00462,2026-07-04T20:50:00,urgent,crime_in_progress,Chain snatching reported,Two suspects on a motorcycle fled the spot; description circulated.,ASI,D. Vaghela,PCR-1,Sargasan Crossroads,23.169997,72.632362,8842cc6a11fffff,resolved
FA-00463,2026-07-04T21:14:00,attention,infrastructure,CCTV camera not recording,Junction camera offline; control room informed.,PC,J. Solanki,Beat 5,Sector 7 Secretariat,23.20904,72.633079,8842cc6101fffff,resolved
FA-00464,2026-07-05T06:40:00,info,patrol,Foot patrol completed,Market stretch covered; shopkeepers briefed on shutter locks.,ASI,D. Vaghela,PCR-1,Sector 21 Market,23.219944,72.651171,8842cc6111fffff,resolved
FA-00465,2026-07-05T08:11:00,info,patrol,Night round completed,Residential lanes checked; nothing to report.,PSI,R. Chaudhary,PCR-3,Infocity,23.185991,72.628416,8842cc6125fffff,resolved
FA-00466,2026-07-05T09:37:00,info,patrol,Foot patrol completed,Market stretch covered; shopkeepers briefed on shutter locks.,PC,J. Solanki,Beat 5,Sector 21 Market,23.224357,72.649393,8842cc6119fffff,resolved
FA-00467,2026-07-05T10:50:00,urgent,crime_in_progress,Chain snatching reported,Two suspects on a motorcycle fled the spot; description circulated.,PSI,R. Chaudhary,PCR-3,Infocity,23.19256,72.627492,8842cc6129fffff,resolved
FA-00468,2026-07-05T12:15:00,attention,suspicious,Unattended bag reported,Bag checked and cleared; owner located nearby.,PC,J. Solanki,Beat 5,Akshardham (Sector 20),23.236235,72.658931,8842cc6027fffff,resolved
FA-00469,2026-07-05T16:28:00,info,patrol,Nakabandi point established,"Vehicle checking in progress, no incidents so far.",ASI,D. Vaghela,PCR-1,Kudasan,23.190817,72.637174,8842cc6123fffff,resolved
FA-00470,2026-07-05T17:01:00,attention,suspicious,Suspicious vehicle parked since morning,Hatchback without a number plate; owner not traced yet.,HC,B. Gohil,Beat 6,GIFT City,23.164349,72.682124,8842cc6a83fffff,resolved
FA-00471,2026-07-06T06:21:00,info,patrol,Foot patrol completed,Market stretch covered; shopkeepers briefed on shutter locks.,PSI,N. Desai,PCR-2,Sector 21 Market,23.219041,72.650577,8842cc6111fffff,resolved
FA-00472,2026-07-06T17:06:00,info,patrol,Nakabandi point established,"Vehicle checking in progress, no incidents so far.",HC,B. Gohil,Beat 6,Akshardham (Sector 20),23.236552,72.658256,8842cc6021fffff,resolved
FA-00473,2026-07-07T03:48:00,attention,suspicious,Suspicious vehicle parked since morning,Hatchback without a number plate; owner not traced yet.,PC,K. Thakor,Beat 4,Sector 21 Market,23.21874,72.650083,8842cc611dfffff,resolved
FA-00474,2026-07-07T14:07:00,urgent,crime_in_progress,Mobile snatching reported,Victim's phone snatched by a pillion rider; nearby units alerted.,PC,K. Thakor,Beat 4,Sector 7 Secretariat,23.212306,72.631574,8842cc6101fffff,resolved
FA-00475,2026-07-07T15:26:00,attention,traffic,Traffic congestion at junction,Signal fault causing tailback; manual regulation started.,PC,J. Solanki,Beat 5,GIFT City,23.167601,72.678149,8842cc6a83fffff,resolved
FA-00476,2026-07-07T18:58:00,urgent,crowd,Crowd build-up at venue gate,Entry queue spilling onto the road; requesting two more constables.,PC,K. Thakor,Beat 4,Akshardham (Sector 20),23.238487,72.663125,8842cc6023fffff,resolved
FA-00477,2026-07-08T17:58:00,urgent,crime_in_progress,Break-in attempt at locked house,Neighbours heard the lock being forced; suspects left before arrival.,ASI,S. Rathod,PCR-4,Infocity,23.189673,72.626285,8842cc612dfffff,resolved
FA-00478,2026-07-08T20:35:00,urgent,public_order,Scuffle between two groups,"Situation contained, both parties brought to the chowky.",ASI,D. Vaghela,PCR-1,Sector 16 Commercial,23.232349,72.640998,8842cc6153fffff,resolved
FA-00479,2026-07-09T07:06:00,attention,suspicious,Suspicious vehicle parked since morning,Hatchback without a number plate; owner not traced yet.,PSI,R. Chaudhary,PCR-3,Sector 21 Market,23.219304,72.649647,8842cc611dfffff,resolved
FA-00480,2026-07-09T15:09:00,urgent,public_order,Scuffle between two groups,"Situation contained, both parties brought to the chowky.",PC,A. Makwana,Beat 1,Sector 21 Market,23.213395,72.649188,8842cc6115fffff,resolved
FA-00481,2026-07-09T20:14:00,info,patrol,Night round completed,Residential lanes checked; nothing to report.,ASI,D. Vaghela,PCR-1,Sector 21 Market,23.220868,72.651225,8842cc6111fffff,resolved
FA-00482,2026-07-09T21:27:00,attention,suspicious,Unattended bag reported,Bag checked and cleared; owner located nearby.,PC,H. Zala,Beat 3,Sector 7 Secretariat,23.213445,72.632061,8842cc6101fffff,resolved
FA-00483,2026-07-10T15:11:00,attention,traffic,Traffic congestion at junction,Signal fault causing tailback; manual regulation started.,PC,H. Zala,Beat 3,Sector 7 Secretariat,23.217681,72.629993,8842cc6109fffff,resolved
FA-00484,2026-07-10T18:37:00,attention,infrastructure,CCTV camera not recording,Junction camera offline; control room informed.,PC,K. Thakor,Beat 4,Sector 21 Market,23.218681,72.652497,8842cc6111fffff,resolved
FA-00485,2026-07-10T19:36:00,urgent,crowd,Crowd build-up at venue gate,Entry queue spilling onto the road; requesting two more constables.,PC,K. Thakor,Beat 4,Infocity,23.184846,72.630431,8842cc6125fffff,resolved
FA-00486,2026-07-10T23:57:00,urgent,crowd,Crowd build-up at venue gate,Entry queue spilling onto the road; requesting two more constables.,HC,B. Gohil,Beat 6,Kudasan,23.192471,72.635015,8842cc6121fffff,resolved
FA-00487,2026-07-11T10:21:00,urgent,public_order,Scuffle between two groups,"Situation contained, both parties brought to the chowky.",PC,A. Makwana,Beat 1,GIFT City,23.165849,72.684243,8842cc6a83fffff,resolved
FA-00488,2026-07-11T17:33:00,urgent,crime_in_progress,Mobile snatching reported,Victim's phone snatched by a pillion rider; nearby units alerted.,HC,M. Parmar,Beat 2,Sector 21 Market,23.218475,72.644927,8842cc611dfffff,resolved
FA-00489,2026-07-11T18:21:00,info,patrol,Foot patrol completed,Market stretch covered; shopkeepers briefed on shutter locks.,HC,B. Gohil,Beat 6,GIFT City,23.165123,72.682202,8842cc6a83fffff,resolved
FA-00490,2026-07-11T18:29:00,attention,suspicious,Unattended bag reported,Bag checked and cleared; owner located nearby.,PC,J. Solanki,Beat 5,Akshardham (Sector 20),23.236813,72.661074,8842cc6027fffff,resolved
FA-00491,2026-07-12T15:30:00,info,patrol,Nakabandi point established,"Vehicle checking in progress, no incidents so far.",PC,H. Zala,Beat 3,GIFT City,23.163209,72.679406,8842cc6a87fffff,resolved
FA-00492,2026-07-12T16:29:00,info,patrol,Night round completed,Residential lanes checked; nothing to report.,PSI,N. Desai,PCR-2,Sector 21 Market,23.21623,72.652151,8842cc6111fffff,resolved
FA-00493,2026-07-12T21:48:00,info,patrol,Foot patrol completed,Market stretch covered; shopkeepers briefed on shutter locks.,PC,A. Makwana,Beat 1,Sector 7 Secretariat,23.213091,72.636955,8842cc610bfffff,resolved
FA-00494,2026-07-13T15:05:00,attention,traffic,Traffic congestion at junction,Signal fault causing tailback; manual regulation started.,HC,B. Gohil,Beat 6,GIFT City,23.165798,72.680707,8842cc6a83fffff,resolved
FA-00495,2026-07-13T18:07:00,urgent,crime_in_progress,Mobile snatching reported,Victim's phone snatched by a pillion rider; nearby units alerted.,PSI,N. Desai,PCR-2,Sector 21 Market,23.215835,72.651885,8842cc6115fffff,resolved
FA-00496,2026-07-13T19:09:00,attention,suspicious,Unattended bag reported,Bag checked and cleared; owner located nearby.,ASI,D. Vaghela,PCR-1,Sector 16 Commercial,23.227272,72.641627,8842cc6157fffff,resolved
FA-00497,2026-07-13T21:43:00,attention,infrastructure,CCTV camera not recording,Junction camera offline; control room informed.,PSI,N. Desai,PCR-2,Sargasan Crossroads,23.172383,72.629506,8842cc6a11fffff,resolved
FA-00498,2026-07-14T20:56:00,attention,traffic,Traffic congestion at junction,Signal fault causing tailback; manual regulation started.,PC,H. Zala,Beat 3,Sargasan Crossroads,23.168419,72.630402,8842cc6a11fffff,resolved
FA-00499,2026-07-15T08:38:00,attention,suspicious,Unattended bag reported,Bag checked and cleared; owner located nearby.,PC,K. Thakor,Beat 4,Sargasan Crossroads,23.169514,72.63182,8842cc6a11fffff,resolved
FA-00500,2026-07-15T12:04:00,attention,infrastructure,Streetlights out on service road,Roughly 400 m stretch dark; recommend a night patrol pass.,ASI,S. Rathod,PCR-4,Sector 21 Market,23.220997,72.646447,8842cc611dfffff,resolved
FA-00501,2026-07-15T15:44:00,attention,infrastructure,Streetlights out on service road,Roughly 400 m stretch dark; recommend a night patrol pass.,PC,H. Zala,Beat 3,Sector 7 Secretariat,23.214823,72.63126,8842cc6109fffff,resolved
FA-00502,2026-07-16T11:22:00,urgent,crime_in_progress,Break-in attempt at locked house,Neighbours heard the lock being forced; suspects left before arrival.,HC,M. Parmar,Beat 2,Sargasan Crossroads,23.175591,72.628841,8842cc6a19fffff,resolved
FA-00503,2026-07-16T11:50:00,attention,traffic,Traffic congestion at junction,Signal fault causing tailback; manual regulation started.,PC,J. Solanki,Beat 5,GIFT City,23.16712,72.680297,8842cc6a83fffff,resolved
FA-00504,2026-07-16T12:31:00,urgent,public_order,Scuffle between two groups,"Situation contained, both parties brought to the chowky.",PC,K. Thakor,Beat 4,Akshardham (Sector 20),23.239901,72.662494,8842cc6023fffff,resolved
FA-00505,2026-07-16T13:18:00,info,patrol,Nakabandi point established,"Vehicle checking in progress, no incidents so far.",PC,A. Makwana,Beat 1,Sector 21 Market,23.222199,72.650174,8842cc6119fffff,resolved
FA-00506,2026-07-16T13:26:00,urgent,crime_in_progress,Chain snatching reported,Two suspects on a motorcycle fled the spot; description circulated.,PSI,N. Desai,PCR-2,Infocity,23.185767,72.630355,8842cc6125fffff,resolved
FA-00507,2026-07-16T13:38:00,urgent,crowd,Crowd build-up at venue gate,Entry queue spilling onto the road; requesting two more constables.,PC,J. Solanki,Beat 5,Kudasan,23.188639,72.637628,8842cc6123fffff,resolved
FA-00508,2026-07-16T13:38:00,urgent,crowd,Crowd build-up at venue gate,Entry queue spilling onto the road; requesting two more constables.,PSI,R. Chaudhary,PCR-3,Sector 21 Market,23.223233,72.64722,8842cc6119fffff,resolved
FA-00509,2026-07-16T21:43:00,attention,infrastructure,CCTV camera not recording,Junction camera offline; control room informed.,ASI,D. Vaghela,PCR-1,Sector 16 Commercial,23.22655,72.64059,8842cc6157fffff,resolved
FA-00510,2026-07-17T15:20:00,attention,infrastructure,Streetlights out on service road,Roughly 400 m stretch dark; recommend a night patrol pass.,ASI,D. Vaghela,PCR-1,Sector 21 Market,23.224714,72.647721,8842cc6119fffff,resolved
FA-00511,2026-07-17T16:16:00,info,patrol,Foot patrol completed,Market stretch covered; shopkeepers briefed on shutter locks.,PC,J. Solanki,Beat 5,Sector 16 Commercial,23.229958,72.644495,8842cc6153fffff,resolved
FA-00512,2026-07-17T18:52:00,attention,suspicious,Unattended bag reported,Bag checked and cleared; owner located nearby.,ASI,D. Vaghela,PCR-1,Sector 7 Secretariat,23.20821,72.630609,8842cc6101fffff,resolved
FA-00513,2026-07-17T19:36:00,info,patrol,Foot patrol completed,Market stretch covered; shopkeepers briefed on shutter locks.,PC,K. Thakor,Beat 4,Akshardham (Sector 20),23.23633,72.65883,8842cc6021fffff,resolved
FA-00514,2026-07-17T19:41:00,urgent,crowd,Crowd build-up at venue gate,Entry queue spilling onto the road; requesting two more constables.,ASI,D. Vaghela,PCR-1,Infocity,23.186191,72.628213,8842cc6125fffff,resolved
FA-00515,2026-07-17T20:06:00,info,patrol,Foot patrol completed,Market stretch covered; shopkeepers briefed on shutter locks.,HC,B. Gohil,Beat 6,Sector 21 Market,23.219058,72.6475,8842cc611dfffff,resolved
FA-00516,2026-07-17T20:38:00,attention,suspicious,Suspicious vehicle parked since morning,Hatchback without a number plate; owner not traced yet.,HC,B. Gohil,Beat 6,Sector 16 Commercial,23.228555,72.640658,8842cc6153fffff,resolved
FA-00517,2026-07-17T20:51:00,attention,suspicious,Suspicious vehicle parked since morning,Hatchback without a number plate; owner not traced yet.,PSI,N. Desai,PCR-2,GIFT City,23.165355,72.677103,8842cc6a83fffff,resolved
FA-00518,2026-07-18T07:17:00,info,patrol,Foot patrol completed,Market stretch covered; shopkeepers briefed on shutter locks.,PC,K. Thakor,Beat 4,Sector 16 Commercial,23.228686,72.641568,8842cc6153fffff,resolved
FA-00519,2026-07-18T11:54:00,attention,suspicious,Unattended bag reported,Bag checked and cleared; owner located nearby.,HC,M. Parmar,Beat 2,Sector 21 Market,23.222495,72.648662,8842cc6119fffff,resolved
FA-00520,2026-07-18T13:08:00,info,patrol,Night round completed,Residential lanes checked; nothing to report.,PSI,N. Desai,PCR-2,GIFT City,23.169185,72.677513,8842cc6a83fffff,resolved
FA-00521,2026-07-18T21:35:00,info,patrol,Nakabandi point established,"Vehicle checking in progress, no incidents so far.",HC,M. Parmar,Beat 2,Akshardham (Sector 20),23.23639,72.660871,8842cc6027fffff,resolved
FA-00522,2026-07-19T09:45:00,attention,suspicious,Unattended bag reported,Bag checked and cleared; owner located nearby.,PC,H. Zala,Beat 3,Akshardham (Sector 20),23.239653,72.655367,8842cc6021fffff,resolved
FA-00523,2026-07-19T12:31:00,attention,infrastructure,Streetlights out on service road,Roughly 400 m stretch dark; recommend a night patrol pass.,PC,A. Makwana,Beat 1,Kudasan,23.195054,72.636197,8842cc612bfffff,resolved
FA-00524,2026-07-19T13:43:00,attention,infrastructure,Streetlights out on service road,Roughly 400 m stretch dark; recommend a night patrol pass.,ASI,S. Rathod,PCR-4,Akshardham (Sector 20),23.239136,72.659261,8842cc6021fffff,resolved
FA-00525,2026-07-20T08:27:00,info,patrol,Nakabandi point established,"Vehicle checking in progress, no incidents so far.",ASI,D. Vaghela,PCR-1,Infocity,23.188522,72.629703,8842cc6121fffff,resolved
FA-00526,2026-07-20T10:39:00,urgent,crime_in_progress,Mobile snatching reported,Victim's phone snatched by a pillion rider; nearby units alerted.,ASI,S. Rathod,PCR-4,Akshardham (Sector 20),23.233287,72.661363,8842cc6027fffff,resolved
FA-00527,2026-07-20T22:44:00,attention,traffic,Traffic congestion at junction,Signal fault causing tailback; manual regulation started.,HC,B. Gohil,Beat 6,Kudasan,23.191688,72.635091,8842cc6121fffff,resolved
FA-00528,2026-07-21T08:36:00,attention,suspicious,Suspicious vehicle parked since morning,Hatchback without a number plate; owner not traced yet.,ASI,D. Vaghela,PCR-1,Akshardham (Sector 20),23.236176,72.662738,8842cc6027fffff,resolved
FA-00529,2026-07-21T18:07:00,attention,suspicious,Unattended bag reported,Bag checked and cleared; owner located nearby.,PC,A. Makwana,Beat 1,Akshardham (Sector 20),23.238216,72.65988,8842cc6021fffff,resolved
FA-00530,2026-07-21T18:16:00,info,patrol,Foot patrol completed,Market stretch covered; shopkeepers briefed on shutter locks.,PSI,R. Chaudhary,PCR-3,Kudasan,23.19161,72.637413,8842cc6123fffff,resolved
FA-00531,2026-07-21T18:20:00,info,patrol,Night round completed,Residential lanes checked; nothing to report.,PC,K. Thakor,Beat 4,Sector 16 Commercial,23.22424,72.637827,8842cc6157fffff,resolved
FA-00532,2026-07-22T08:22:00,attention,traffic,Traffic congestion at junction,Signal fault causing tailback; manual regulation started.,PC,A. Makwana,Beat 1,Akshardham (Sector 20),23.234958,72.659203,8842cc6027fffff,resolved
FA-00533,2026-07-22T10:11:00,info,patrol,Night round completed,Residential lanes checked; nothing to report.,PSI,N. Desai,PCR-2,Kudasan,23.191993,72.635536,8842cc6121fffff,resolved
FA-00534,2026-07-22T12:00:00,attention,suspicious,Unattended bag reported,Bag checked and cleared; owner located nearby.,PSI,R. Chaudhary,PCR-3,Kudasan,23.193026,72.633487,8842cc6121fffff,resolved
FA-00535,2026-07-22T12:15:00,info,patrol,Nakabandi point established,"Vehicle checking in progress, no incidents so far.",PC,J. Solanki,Beat 5,Sector 21 Market,23.222368,72.65191,8842cc6119fffff,resolved
FA-00536,2026-07-22T12:35:00,info,patrol,Nakabandi point established,"Vehicle checking in progress, no incidents so far.",PC,K. Thakor,Beat 4,Sector 21 Market,23.21582,72.648762,8842cc611dfffff,resolved
FA-00537,2026-07-22T15:05:00,urgent,crime_in_progress,Chain snatching reported,Two suspects on a motorcycle fled the spot; description circulated.,PSI,R. Chaudhary,PCR-3,Sargasan Crossroads,23.169953,72.62899,8842cc6a11fffff,resolved
FA-00538,2026-07-22T15:34:00,info,patrol,Night round completed,Residential lanes checked; nothing to report.,ASI,D. Vaghela,PCR-1,GIFT City,23.162366,72.679948,8842cc6a87fffff,resolved
FA-00539,2026-07-22T18:03:00,attention,traffic,Traffic congestion at junction,Signal fault causing tailback; manual regulation started.,HC,M. Parmar,Beat 2,Sargasan Crossroads,23.173563,72.626677,8842cc6a19fffff,resolved
FA-00540,2026-07-22T18:21:00,attention,suspicious,Suspicious vehicle parked since morning,Hatchback without a number plate; owner not traced yet.,HC,B. Gohil,Beat 6,Sector 16 Commercial,23.229241,72.638955,8842cc6151fffff,resolved
FA-00541,2026-07-22T20:35:00,info,patrol,Night round completed,Residential lanes checked; nothing to report.,PSI,N. Desai,PCR-2,Sector 16 Commercial,23.225482,72.644639,8842cc6157fffff,resolved
FA-00542,2026-07-23T09:33:00,info,patrol,Foot patrol completed,Market stretch covered; shopkeepers briefed on shutter locks.,PC,A. Makwana,Beat 1,Sector 16 Commercial,23.232351,72.642584,8842cc6153fffff,resolved
FA-00543,2026-07-23T12:11:00,attention,infrastructure,CCTV camera not recording,Junction camera offline; control room informed.,PC,K. Thakor,Beat 4,Akshardham (Sector 20),23.237505,72.66065,8842cc6027fffff,resolved
FA-00544,2026-07-23T19:40:00,attention,suspicious,Unattended bag reported,Bag checked and cleared; owner located nearby.,PC,H. Zala,Beat 3,GIFT City,23.169012,72.678797,8842cc6a83fffff,resolved
FA-00545,2026-07-23T21:19:00,attention,infrastructure,Streetlights out on service road,Roughly 400 m stretch dark; recommend a night patrol pass.,PC,A. Makwana,Beat 1,Sector 16 Commercial,23.226781,72.643311,8842cc6157fffff,resolved
FA-00546,2026-07-23T21:30:00,urgent,public_order,Scuffle between two groups,"Situation contained, both parties brought to the chowky.",ASI,S. Rathod,PCR-4,Sector 7 Secretariat,23.210287,72.631945,8842cc6101fffff,resolved
FA-00547,2026-07-24T00:57:00,info,patrol,Foot patrol completed,Market stretch covered; shopkeepers briefed on shutter locks.,PC,J. Solanki,Beat 5,Sector 16 Commercial,23.231636,72.64328,8842cc6153fffff,resolved
FA-00548,2026-07-24T09:27:00,info,patrol,Foot patrol completed,Market stretch covered; shopkeepers briefed on shutter locks.,PC,K. Thakor,Beat 4,Sargasan Crossroads,23.171285,72.628226,8842cc6a11fffff,resolved
FA-00549,2026-07-24T11:41:00,attention,suspicious,Suspicious vehicle parked since morning,Hatchback without a number plate; owner not traced yet.,PSI,R. Chaudhary,PCR-3,Sector 21 Market,23.221172,72.651382,8842cc6111fffff,resolved
FA-00550,2026-07-24T14:22:00,info,patrol,Nakabandi point established,"Vehicle checking in progress, no incidents so far.",PC,J. Solanki,Beat 5,Akshardham (Sector 20),23.238171,72.655009,8842cc6021fffff,resolved
FA-00551,2026-07-24T17:51:00,urgent,crime_in_progress,Chain snatching reported,Two suspects on a motorcycle fled the spot; description circulated.,PC,J. Solanki,Beat 5,Sector 21 Market,23.22206,72.649253,8842cc6119fffff,resolved
FA-00552,2026-07-25T09:38:00,urgent,crime_in_progress,Chain snatching reported,Two suspects on a motorcycle fled the spot; description circulated.,PC,A. Makwana,Beat 1,Infocity,23.189555,72.629095,8842cc6121fffff,resolved
FA-00553,2026-07-25T12:49:00,attention,suspicious,Suspicious vehicle parked since morning,Hatchback without a number plate; owner not traced yet.,PC,K. Thakor,Beat 4,Sector 16 Commercial,23.228296,72.642284,8842cc6153fffff,resolved
FA-00554,2026-07-25T15:38:00,info,patrol,Night round completed,Residential lanes checked; nothing to report.,ASI,S. Rathod,PCR-4,GIFT City,23.162245,72.68154,8842cc6a87fffff,resolved
FA-00555,2026-07-25T15:57:00,attention,suspicious,Unattended bag reported,Bag checked and cleared; owner located nearby.,HC,M. Parmar,Beat 2,Infocity,23.187984,72.628686,8842cc6121fffff,resolved
FA-00556,2026-07-25T18:43:00,info,patrol,Foot patrol completed,Market stretch covered; shopkeepers briefed on shutter locks.,HC,M. Parmar,Beat 2,Akshardham (Sector 20),23.239096,72.657239,8842cc6021fffff,resolved
FA-00557,2026-07-25T20:59:00,attention,suspicious,Unattended bag reported,Bag checked and cleared; owner located nearby.,PSI,R. Chaudhary,PCR-3,Sector 21 Market,23.22021,72.649361,8842cc611dfffff,resolved
FA-00558,2026-07-25T21:42:00,attention,suspicious,Unattended bag reported,Bag checked and cleared; owner located nearby.,HC,B. Gohil,Beat 6,Sector 7 Secretariat,23.214102,72.630205,8842cc6109fffff,resolved
FA-00559,2026-07-26T10:33:00,attention,suspicious,Suspicious vehicle parked since morning,Hatchback without a number plate; owner not traced yet.,HC,M. Parmar,Beat 2,Akshardham (Sector 20),23.236921,72.661081,8842cc6027fffff,resolved
FA-00560,2026-07-26T16:29:00,info,patrol,Foot patrol completed,Market stretch covered; shopkeepers briefed on shutter locks.,ASI,D. Vaghela,PCR-1,GIFT City,23.162995,72.680413,8842cc6a87fffff,resolved
FA-00561,2026-07-27T01:55:00,attention,traffic,Traffic congestion at junction,Signal fault causing tailback; manual regulation started.,ASI,S. Rathod,PCR-4,Sector 21 Market,23.220272,72.649805,8842cc611dfffff,resolved
FA-00562,2026-07-27T03:35:00,attention,infrastructure,CCTV camera not recording,Junction camera offline; control room informed.,PC,A. Makwana,Beat 1,GIFT City,23.162922,72.682384,8842cc6ab9fffff,resolved
FA-00563,2026-07-27T16:48:00,urgent,crime_in_progress,Chain snatching reported,Two suspects on a motorcycle fled the spot; description circulated.,PSI,N. Desai,PCR-2,Kudasan,23.18795,72.633569,8842cc6121fffff,resolved
FA-00564,2026-07-27T18:22:00,attention,infrastructure,Streetlights out on service road,Roughly 400 m stretch dark; recommend a night patrol pass.,ASI,S. Rathod,PCR-4,Kudasan,23.194474,72.633669,8842cc612bfffff,resolved
FA-00565,2026-07-27T18:33:00,attention,traffic,Traffic congestion at junction,Signal fault causing tailback; manual regulation started.,PSI,R. Chaudhary,PCR-3,Sector 7 Secretariat,23.213149,72.632941,8842cc6101fffff,resolved
FA-00566,2026-07-27T21:04:00,urgent,crime_in_progress,Chain snatching reported,Two suspects on a motorcycle fled the spot; description circulated.,ASI,S. Rathod,PCR-4,Sargasan Crossroads,23.171654,72.6291,8842cc6a11fffff,resolved
FA-00567,2026-07-28T10:37:00,info,patrol,Nakabandi point established,"Vehicle checking in progress, no incidents so far.",PC,K. Thakor,Beat 4,Sector 7 Secretariat,23.212478,72.629744,8842cc6101fffff,resolved
FA-00568,2026-07-28T19:10:00,info,patrol,Nakabandi point established,"Vehicle checking in progress, no incidents so far.",ASI,D. Vaghela,PCR-1,GIFT City,23.162588,72.680519,8842cc6a87fffff,resolved
FA-00569,2026-07-28T19:56:00,urgent,crime_in_progress,Break-in attempt at locked house,Neighbours heard the lock being forced; suspects left before arrival.,PC,J. Solanki,Beat 5,Kudasan,23.189392,72.634646,8842cc6121fffff,resolved
FA-00570,2026-07-28T21:44:00,info,patrol,Nakabandi point established,"Vehicle checking in progress, no incidents so far.",PC,J. Solanki,Beat 5,Sector 7 Secretariat,23.211211,72.63424,8842cc6101fffff,resolved
FA-00571,2026-07-29T10:24:00,attention,suspicious,Suspicious vehicle parked since morning,Hatchback without a number plate; owner not traced yet.,PSI,N. Desai,PCR-2,Sector 16 Commercial,23.226113,72.641494,8842cc6157fffff,resolved
FA-00572,2026-07-30T10:05:00,urgent,crime_in_progress,Break-in attempt at locked house,Neighbours heard the lock being forced; suspects left before arrival.,ASI,D. Vaghela,PCR-1,Sector 21 Market,23.220159,72.655252,8842cc6111fffff,resolved
FA-00573,2026-07-30T16:12:00,urgent,public_order,Scuffle between two groups,"Situation contained, both parties brought to the chowky.",PC,A. Makwana,Beat 1,Sector 21 Market,23.221518,72.645176,8842cc611dfffff,resolved
FA-00574,2026-07-30T16:55:00,urgent,crowd,Crowd build-up at venue gate,Entry queue spilling onto the road; requesting two more constables.,ASI,D. Vaghela,PCR-1,Akshardham (Sector 20),23.243288,72.656233,8842cc6021fffff,resolved
FA-00575,2026-07-30T22:25:00,info,patrol,Nakabandi point established,"Vehicle checking in progress, no incidents so far.",PSI,R. Chaudhary,PCR-3,Sector 21 Market,23.221211,72.650478,8842cc6119fffff,resolved
FA-00576,2026-07-31T07:50:00,attention,infrastructure,CCTV camera not recording,Junction camera offline; control room informed.,ASI,S. Rathod,PCR-4,Sargasan Crossroads,23.16863,72.628805,8842cc6a11fffff,resolved
FA-00577,2026-07-31T08:28:00,attention,suspicious,Suspicious vehicle parked since morning,Hatchback without a number plate; owner not traced yet.,PC,K. Thakor,Beat 4,Kudasan,23.191992,72.634102,8842cc6121fffff,resolved
FA-00578,2026-07-31T09:00:00,attention,infrastructure,CCTV camera not recording,Junction camera offline; control room informed.,PSI,N. Desai,PCR-2,GIFT City,23.164745,72.681387,8842cc6a83fffff,resolved
FA-00579,2026-07-31T15:03:00,attention,suspicious,Unattended bag reported,Bag checked and cleared; owner located nearby.,PC,J. Solanki,Beat 5,Kudasan,23.190196,72.636294,8842cc6123fffff,resolved
FA-00580,2026-07-31T15:34:00,urgent,crime_in_progress,Mobile snatching reported,Victim's phone snatched by a pillion rider; nearby units alerted.,PSI,N. Desai,PCR-2,Kudasan,23.190658,72.636996,8842cc6123fffff,resolved
FA-00581,2026-07-31T16:27:00,attention,suspicious,Suspicious vehicle parked since morning,Hatchback without a number plate; owner not traced yet.,PSI,N. Desai,PCR-2,Infocity,23.190162,72.629238,8842cc6121fffff,resolved
FA-00582,2026-07-31T18:57:00,urgent,crime_in_progress,Chain snatching reported,Two suspects on a motorcycle fled the spot; description circulated.,ASI,D. Vaghela,PCR-1,Akshardham (Sector 20),23.236073,72.660064,8842cc6027fffff,resolved
FA-00583,2026-08-01T09:56:00,info,patrol,Nakabandi point established,"Vehicle checking in progress, no incidents so far.",PSI,N. Desai,PCR-2,GIFT City,23.163198,72.684498,8842cc6ab9fffff,resolved
FA-00584,2026-08-01T15:35:00,attention,infrastructure,Streetlights out on service road,Roughly 400 m stretch dark; recommend a night patrol pass.,PSI,N. Desai,PCR-2,Sector 21 Market,23.220263,72.650743,8842cc6111fffff,resolved
FA-00585,2026-08-01T17:02:00,info,patrol,Foot patrol completed,Market stretch covered; shopkeepers briefed on shutter locks.,HC,B. Gohil,Beat 6,Kudasan,23.188942,72.633004,8842cc6121fffff,resolved
FA-00586,2026-08-01T17:03:00,info,patrol,Foot patrol completed,Market stretch covered; shopkeepers briefed on shutter locks.,PSI,N. Desai,PCR-2,Akshardham (Sector 20),23.233507,72.662384,8842cc6027fffff,resolved
FA-00587,2026-08-01T17:30:00,attention,suspicious,Unattended bag reported,Bag checked and cleared; owner located nearby.,PC,K. Thakor,Beat 4,Infocity,23.186078,72.630439,8842cc6121fffff,resolved
FA-00588,2026-08-01T21:03:00,attention,traffic,Traffic congestion at junction,Signal fault causing tailback; manual regulation started.,PC,A. Makwana,Beat 1,GIFT City,23.159961,72.682068,8842cc6a87fffff,resolved
FA-00589,2026-08-01T21:52:00,info,patrol,Night round completed,Residential lanes checked; nothing to report.,PC,A. Makwana,Beat 1,Sargasan Crossroads,23.171834,72.629591,8842cc6a11fffff,resolved
FA-00590,2026-08-02T10:41:00,urgent,public_order,Scuffle between two groups,"Situation contained, both parties brought to the chowky.",ASI,S. Rathod,PCR-4,Akshardham (Sector 20),23.239608,72.663082,8842cc6023fffff,resolved
FA-00591,2026-08-02T16:22:00,info,patrol,Foot patrol completed,Market stretch covered; shopkeepers briefed on shutter locks.,HC,B. Gohil,Beat 6,Infocity,23.187717,72.630818,8842cc6121fffff,resolved
FA-00592,2026-08-03T17:24:00,attention,suspicious,Suspicious vehicle parked since morning,Hatchback without a number plate; owner not traced yet.,HC,M. Parmar,Beat 2,Kudasan,23.192051,72.632996,8842cc6121fffff,resolved
FA-00593,2026-08-04T05:29:00,attention,infrastructure,Streetlights out on service road,Roughly 400 m stretch dark; recommend a night patrol pass.,PSI,N. Desai,PCR-2,Kudasan,23.191669,72.636109,8842cc6123fffff,resolved
FA-00594,2026-08-04T09:02:00,attention,suspicious,Unattended bag reported,Bag checked and cleared; owner located nearby.,PC,A. Makwana,Beat 1,Sargasan Crossroads,23.175296,72.629623,8842cc6a1bfffff,resolved
FA-00595,2026-08-04T09:20:00,attention,infrastructure,Streetlights out on service road,Roughly 400 m stretch dark; recommend a night patrol pass.,PC,K. Thakor,Beat 4,Kudasan,23.194644,72.638456,8842cc612bfffff,resolved
FA-00596,2026-08-04T10:46:00,attention,traffic,Traffic congestion at junction,Signal fault causing tailback; manual regulation started.,HC,M. Parmar,Beat 2,Infocity,23.188568,72.626461,8842cc612dfffff,resolved
FA-00597,2026-08-04T18:12:00,attention,suspicious,Unattended bag reported,Bag checked and cleared; owner located nearby.,PC,J. Solanki,Beat 5,GIFT City,23.162919,72.681288,8842cc6a87fffff,resolved
FA-00598,2026-08-04T21:38:00,attention,traffic,Traffic congestion at junction,Signal fault causing tailback; manual regulation started.,PSI,N. Desai,PCR-2,Sargasan Crossroads,23.173649,72.628801,8842cc6a19fffff,resolved
FA-00599,2026-08-05T13:31:00,urgent,crime_in_progress,Mobile snatching reported,Victim's phone snatched by a pillion rider; nearby units alerted.,PC,H. Zala,Beat 3,Sector 16 Commercial,23.227814,72.640554,8842cc6157fffff,resolved
FA-00600,2026-08-05T16:05:00,attention,infrastructure,Streetlights out on service road,Roughly 400 m stretch dark; recommend a night patrol pass.,PSI,R. Chaudhary,PCR-3,Sector 21 Market,23.216274,72.648286,8842cc611dfffff,resolved
FA-00601,2026-08-05T17:22:00,urgent,crime_in_progress,Chain snatching reported,Two suspects on a motorcycle fled the spot; description circulated.,PSI,R. Chaudhary,PCR-3,Sector 16 Commercial,23.227193,72.643777,8842cc6157fffff,resolved
FA-00602,2026-08-05T19:44:00,attention,suspicious,Unattended bag reported,Bag checked and cleared; owner located nearby.,PSI,N. Desai,PCR-2,Infocity,23.18689,72.631654,8842cc6121fffff,resolved
FA-00603,2026-08-05T21:18:00,info,patrol,Nakabandi point established,"Vehicle checking in progress, no incidents so far.",ASI,S. Rathod,PCR-4,Akshardham (Sector 20),23.240176,72.659963,8842cc6021fffff,resolved
FA-00604,2026-08-06T18:11:00,urgent,crime_in_progress,Chain snatching reported,Two suspects on a motorcycle fled the spot; description circulated.,PSI,R. Chaudhary,PCR-3,Akshardham (Sector 20),23.240077,72.658129,8842cc6021fffff,resolved
FA-00605,2026-08-06T19:58:00,info,patrol,Night round completed,Residential lanes checked; nothing to report.,PC,A. Makwana,Beat 1,Sector 21 Market,23.218888,72.649777,8842cc611dfffff,resolved
FA-00606,2026-08-07T08:08:00,attention,traffic,Traffic congestion at junction,Signal fault causing tailback; manual regulation started.,ASI,S. Rathod,PCR-4,Akshardham (Sector 20),23.237644,72.661641,8842cc6027fffff,resolved
FA-00607,2026-08-07T13:26:00,attention,traffic,Traffic congestion at junction,Signal fault causing tailback; manual regulation started.,PSI,N. Desai,PCR-2,Sargasan Crossroads,23.17093,72.630515,8842cc6a11fffff,resolved
FA-00608,2026-08-07T14:39:00,urgent,crime_in_progress,Break-in attempt at locked house,Neighbours heard the lock being forced; suspects left before arrival.,ASI,S. Rathod,PCR-4,Sector 7 Secretariat,23.210238,72.632984,8842cc6101fffff,resolved
FA-00609,2026-08-07T17:51:00,attention,traffic,Traffic congestion at junction,Signal fault causing tailback; manual regulation started.,PC,H. Zala,Beat 3,Infocity,23.187077,72.628239,8842cc6121fffff,resolved
FA-00610,2026-08-07T20:58:00,urgent,crime_in_progress,Chain snatching reported,Two suspects on a motorcycle fled the spot; description circulated.,PC,H. Zala,Beat 3,Sargasan Crossroads,23.17028,72.630343,8842cc6a11fffff,resolved
FA-00611,2026-08-08T08:52:00,urgent,crime_in_progress,Break-in attempt at locked house,Neighbours heard the lock being forced; suspects left before arrival.,PC,H. Zala,Beat 3,Sargasan Crossroads,23.174663,72.633294,8842cc6a1bfffff,resolved
FA-00612,2026-08-08T11:52:00,attention,traffic,Traffic congestion at junction,Signal fault causing tailback; manual regulation started.,PC,J. Solanki,Beat 5,Akshardham (Sector 20),23.235919,72.660847,8842cc6027fffff,resolved
FA-00613,2026-08-08T15:02:00,attention,suspicious,Unattended bag reported,Bag checked and cleared; owner located nearby.,PC,A. Makwana,Beat 1,Akshardham (Sector 20),23.236214,72.658527,8842cc6021fffff,resolved
FA-00614,2026-08-08T17:31:00,urgent,crime_in_progress,Mobile snatching reported,Victim's phone snatched by a pillion rider; nearby units alerted.,HC,M. Parmar,Beat 2,Sargasan Crossroads,23.169592,72.630448,8842cc6a11fffff,resolved
FA-00615,2026-08-08T17:44:00,info,patrol,Foot patrol completed,Market stretch covered; shopkeepers briefed on shutter locks.,PC,K. Thakor,Beat 4,Sargasan Crossroads,23.169116,72.627973,8842cc6a11fffff,resolved
FA-00616,2026-08-08T18:32:00,info,patrol,Nakabandi point established,"Vehicle checking in progress, no incidents so far.",PSI,R. Chaudhary,PCR-3,Sector 21 Market,23.21858,72.652208,8842cc6111fffff,resolved
FA-00617,2026-08-08T19:05:00,attention,suspicious,Unattended bag reported,Bag checked and cleared; owner located nearby.,PC,A. Makwana,Beat 1,Sector 21 Market,23.219544,72.648883,8842cc611dfffff,resolved
FA-00618,2026-08-08T20:13:00,attention,infrastructure,Streetlights out on service road,Roughly 400 m stretch dark; recommend a night patrol pass.,PC,H. Zala,Beat 3,Akshardham (Sector 20),23.241872,72.660917,8842cc6023fffff,resolved
FA-00619,2026-08-08T22:20:00,info,patrol,Foot patrol completed,Market stretch covered; shopkeepers briefed on shutter locks.,PSI,R. Chaudhary,PCR-3,Sector 16 Commercial,23.226119,72.640913,8842cc6157fffff,resolved
FA-00620,2026-08-09T09:29:00,attention,suspicious,Suspicious vehicle parked since morning,Hatchback without a number plate; owner not traced yet.,PC,J. Solanki,Beat 5,Sargasan Crossroads,23.169335,72.628654,8842cc6a11fffff,resolved
FA-00621,2026-08-09T12:46:00,info,patrol,Foot patrol completed,Market stretch covered; shopkeepers briefed on shutter locks.,PC,H. Zala,Beat 3,Kudasan,23.191768,72.63413,8842cc6121fffff,resolved
FA-00622,2026-08-09T19:12:00,info,patrol,Night round completed,Residential lanes checked; nothing to report.,PC,J. Solanki,Beat 5,Sector 21 Market,23.221144,72.648047,8842cc611dfffff,resolved
FA-00623,2026-08-10T14:24:00,urgent,crowd,Crowd build-up at venue gate,Entry queue spilling onto the road; requesting two more constables.,HC,B. Gohil,Beat 6,Sector 7 Secretariat,23.210166,72.631284,8842cc6101fffff,resolved
FA-00624,2026-08-11T01:44:00,attention,suspicious,Unattended bag reported,Bag checked and cleared; owner located nearby.,ASI,S. Rathod,PCR-4,Akshardham (Sector 20),23.23676,72.662585,8842cc6027fffff,resolved
FA-00625,2026-08-11T21:51:00,info,patrol,Night round completed,Residential lanes checked; nothing to report.,ASI,D. Vaghela,PCR-1,Akshardham (Sector 20),23.238784,72.66108,8842cc6021fffff,resolved
FA-00626,2026-08-12T18:26:00,attention,suspicious,Unattended bag reported,Bag checked and cleared; owner located nearby.,PSI,R. Chaudhary,PCR-3,Sector 21 Market,23.21558,72.649886,8842cc6115fffff,resolved
FA-00627,2026-08-13T03:43:00,urgent,public_order,Scuffle between two groups,"Situation contained, both parties brought to the chowky.",PC,H. Zala,Beat 3,Infocity,23.190623,72.627702,8842cc6121fffff,resolved
FA-00628,2026-08-13T11:47:00,urgent,crime_in_progress,Chain snatching reported,Two suspects on a motorcycle fled the spot; description circulated.,ASI,S. Rathod,PCR-4,Akshardham (Sector 20),23.2385,72.658516,8842cc6021fffff,resolved
FA-00629,2026-08-13T21:41:00,attention,suspicious,Suspicious vehicle parked since morning,Hatchback without a number plate; owner not traced yet.,PSI,N. Desai,PCR-2,Sargasan Crossroads,23.17352,72.635801,8842cc6a1bfffff,resolved
FA-00630,2026-08-14T10:04:00,urgent,public_order,Scuffle between two groups,"Situation contained, both parties brought to the chowky.",HC,B. Gohil,Beat 6,Sector 21 Market,23.221414,72.649327,8842cc6119fffff,resolved
FA-00631,2026-08-14T12:00:00,attention,suspicious,Unattended bag reported,Bag checked and cleared; owner located nearby.,HC,B. Gohil,Beat 6,Kudasan,23.18951,72.634215,8842cc6121fffff,resolved
FA-00632,2026-08-14T13:47:00,attention,infrastructure,Streetlights out on service road,Roughly 400 m stretch dark; recommend a night patrol pass.,PC,K. Thakor,Beat 4,Sector 21 Market,23.222868,72.648698,8842cc6119fffff,resolved
FA-00633,2026-08-14T15:34:00,urgent,crowd,Crowd build-up at venue gate,Entry queue spilling onto the road; requesting two more constables.,PC,J. Solanki,Beat 5,GIFT City,23.166587,72.683094,8842cc6a83fffff,resolved
FA-00634,2026-08-15T07:54:00,urgent,crowd,Crowd build-up at venue gate,Entry queue spilling onto the road; requesting two more constables.,ASI,S. Rathod,PCR-4,Sector 16 Commercial,23.227965,72.640786,8842cc6157fffff,resolved
FA-00635,2026-08-15T08:50:00,urgent,crowd,Crowd build-up at venue gate,Entry queue spilling onto the road; requesting two more constables.,PC,H. Zala,Beat 3,Infocity,23.18673,72.630137,8842cc6121fffff,resolved
FA-00636,2026-08-15T13:02:00,attention,traffic,Traffic congestion at junction,Signal fault causing tailback; manual regulation started.,ASI,D. Vaghela,PCR-1,GIFT City,23.164459,72.68199,8842cc6a83fffff,resolved
FA-00637,2026-08-15T17:21:00,attention,infrastructure,Streetlights out on service road,Roughly 400 m stretch dark; recommend a night patrol pass.,PSI,N. Desai,PCR-2,Kudasan,23.194197,72.636458,8842cc612bfffff,resolved
FA-00638,2026-08-15T17:26:00,attention,suspicious,Unattended bag reported,Bag checked and cleared; owner located nearby.,PSI,R. Chaudhary,PCR-3,Sector 21 Market,23.218464,72.649458,8842cc611dfffff,resolved
FA-00639,2026-08-16T08:21:00,urgent,public_order,Scuffle between two groups,"Situation contained, both parties brought to the chowky.",ASI,D. Vaghela,PCR-1,Sargasan Crossroads,23.169749,72.630309,8842cc6a11fffff,resolved
FA-00640,2026-08-17T10:17:00,attention,suspicious,Unattended bag reported,Bag checked and cleared; owner located nearby.,PSI,R. Chaudhary,PCR-3,Akshardham (Sector 20),23.238213,72.660528,8842cc6021fffff,resolved
FA-00641,2026-08-17T12:34:00,info,patrol,Foot patrol completed,Market stretch covered; shopkeepers briefed on shutter locks.,ASI,D. Vaghela,PCR-1,Sector 7 Secretariat,23.210961,72.632234,8842cc6101fffff,resolved
FA-00642,2026-08-17T17:04:00,info,patrol,Nakabandi point established,"Vehicle checking in progress, no incidents so far.",ASI,S. Rathod,PCR-4,Kudasan,23.193885,72.636771,8842cc612bfffff,resolved
FA-00643,2026-08-17T17:50:00,info,patrol,Night round completed,Residential lanes checked; nothing to report.,HC,M. Parmar,Beat 2,GIFT City,23.163535,72.684246,8842cc6ab9fffff,resolved
FA-00644,2026-08-17T18:52:00,urgent,crowd,Crowd build-up at venue gate,Entry queue spilling onto the road; requesting two more constables.,HC,M. Parmar,Beat 2,Akshardham (Sector 20),23.240989,72.660166,8842cc6021fffff,resolved
FA-00645,2026-08-18T06:15:00,attention,infrastructure,Streetlights out on service road,Roughly 400 m stretch dark; recommend a night patrol pass.,PC,A. Makwana,Beat 1,Kudasan,23.189097,72.636059,8842cc6121fffff,resolved
FA-00646,2026-08-18T13:11:00,urgent,crowd,Crowd build-up at venue gate,Entry queue spilling onto the road; requesting two more constables.,ASI,S. Rathod,PCR-4,GIFT City,23.167219,72.683119,8842cc6a83fffff,resolved
FA-00647,2026-08-18T17:55:00,attention,suspicious,Suspicious vehicle parked since morning,Hatchback without a number plate; owner not traced yet.,PSI,N. Desai,PCR-2,Sector 21 Market,23.221032,72.652143,8842cc6111fffff,resolved
FA-00648,2026-08-18T18:20:00,attention,infrastructure,Streetlights out on service road,Roughly 400 m stretch dark; recommend a night patrol pass.,HC,B. Gohil,Beat 6,Sector 7 Secretariat,23.209833,72.633196,8842cc6101fffff,resolved
FA-00649,2026-08-19T00:27:00,attention,traffic,Traffic congestion at junction,Signal fault causing tailback; manual regulation started.,PSI,R. Chaudhary,PCR-3,Sector 16 Commercial,23.228523,72.641027,8842cc6153fffff,resolved
FA-00650,2026-08-19T14:29:00,urgent,crime_in_progress,Break-in attempt at locked house,Neighbours heard the lock being forced; suspects left before arrival.,PC,H. Zala,Beat 3,GIFT City,23.165685,72.684813,8842cc6ab9fffff,resolved
FA-00651,2026-08-19T15:23:00,info,patrol,Nakabandi point established,"Vehicle checking in progress, no incidents so far.",HC,B. Gohil,Beat 6,Sector 16 Commercial,23.224539,72.640897,8842cc6157fffff,resolved
FA-00652,2026-08-19T19:39:00,urgent,crime_in_progress,Break-in attempt at locked house,Neighbours heard the lock being forced; suspects left before arrival.,PSI,R. Chaudhary,PCR-3,Sector 7 Secretariat,23.212268,72.629817,8842cc6101fffff,resolved
FA-00653,2026-08-20T14:11:00,info,patrol,Nakabandi point established,"Vehicle checking in progress, no incidents so far.",PSI,N. Desai,PCR-2,Sector 16 Commercial,23.228503,72.639464,8842cc6157fffff,resolved
FA-00654,2026-08-20T15:39:00,attention,suspicious,Unattended bag reported,Bag checked and cleared; owner located nearby.,HC,B. Gohil,Beat 6,GIFT City,23.16471,72.684429,8842cc6ab9fffff,resolved
FA-00655,2026-08-20T20:34:00,attention,infrastructure,CCTV camera not recording,Junction camera offline; control room informed.,ASI,D. Vaghela,PCR-1,Sector 16 Commercial,23.227786,72.644954,8842cc6153fffff,resolved
FA-00656,2026-08-20T21:16:00,info,patrol,Night round completed,Residential lanes checked; nothing to report.,ASI,D. Vaghela,PCR-1,Akshardham (Sector 20),23.237669,72.659333,8842cc6021fffff,resolved
FA-00657,2026-08-20T22:12:00,attention,infrastructure,CCTV camera not recording,Junction camera offline; control room informed.,ASI,S. Rathod,PCR-4,Infocity,23.187019,72.625288,8842cc612dfffff,resolved
FA-00658,2026-08-21T08:12:00,info,patrol,Foot patrol completed,Market stretch covered; shopkeepers briefed on shutter locks.,ASI,S. Rathod,PCR-4,Sector 21 Market,23.223598,72.648547,8842cc6119fffff,resolved
FA-00659,2026-08-21T08:46:00,urgent,crowd,Crowd build-up at venue gate,Entry queue spilling onto the road; requesting two more constables.,ASI,D. Vaghela,PCR-1,Infocity,23.187994,72.631192,8842cc6121fffff,resolved
FA-00660,2026-08-21T12:59:00,attention,infrastructure,Streetlights out on service road,Roughly 400 m stretch dark; recommend a night patrol pass.,HC,B. Gohil,Beat 6,Infocity,23.183417,72.626231,8842cc6125fffff,resolved
FA-00661,2026-08-21T22:57:00,urgent,public_order,Scuffle between two groups,"Situation contained, both parties brought to the chowky.",HC,B. Gohil,Beat 6,Sargasan Crossroads,23.167294,72.627868,8842cc6a11fffff,resolved
FA-00662,2026-08-22T01:24:00,urgent,crime_in_progress,Break-in attempt at locked house,Neighbours heard the lock being forced; suspects left before arrival.,ASI,S. Rathod,PCR-4,Sector 16 Commercial,23.227569,72.642978,8842cc6153fffff,resolved
FA-00663,2026-08-22T14:58:00,attention,traffic,Traffic congestion at junction,Signal fault causing tailback; manual regulation started.,HC,M. Parmar,Beat 2,Sector 21 Market,23.219915,72.645744,8842cc611dfffff,resolved
FA-00664,2026-08-22T18:53:00,attention,infrastructure,CCTV camera not recording,Junction camera offline; control room informed.,ASI,S. Rathod,PCR-4,Sector 16 Commercial,23.231173,72.639706,8842cc6153fffff,resolved
FA-00665,2026-08-23T14:21:00,attention,infrastructure,Streetlights out on service road,Roughly 400 m stretch dark; recommend a night patrol pass.,PSI,R. Chaudhary,PCR-3,Sector 21 Market,23.221236,72.649317,8842cc6119fffff,resolved
FA-00666,2026-08-23T20:21:00,urgent,crime_in_progress,Break-in attempt at locked house,Neighbours heard the lock being forced; suspects left before arrival.,HC,B. Gohil,Beat 6,GIFT City,23.164393,72.685833,8842cc6ab9fffff,resolved
FA-00667,2026-08-23T20:39:00,attention,suspicious,Suspicious vehicle parked since morning,Hatchback without a number plate; owner not traced yet.,ASI,S. Rathod,PCR-4,Infocity,23.187906,72.629542,8842cc6121fffff,resolved
FA-00668,2026-08-23T20:52:00,attention,infrastructure,CCTV camera not recording,Junction camera offline; control room informed.,HC,B. Gohil,Beat 6,Sargasan Crossroads,23.171651,72.628941,8842cc6a11fffff,resolved
FA-00669,2026-08-24T00:54:00,info,patrol,Nakabandi point established,"Vehicle checking in progress, no incidents so far.",PSI,N. Desai,PCR-2,Sargasan Crossroads,23.168445,72.628349,8842cc6a11fffff,resolved
FA-00670,2026-08-24T09:29:00,attention,traffic,Traffic congestion at junction,Signal fault causing tailback; manual regulation started.,PC,K. Thakor,Beat 4,Sargasan Crossroads,23.167894,72.630767,8842cc6a11fffff,resolved
FA-00671,2026-08-24T12:23:00,info,patrol,Night round completed,Residential lanes checked; nothing to report.,HC,M. Parmar,Beat 2,Sector 21 Market,23.221907,72.652543,8842cc6111fffff,resolved
FA-00672,2026-08-24T13:30:00,attention,infrastructure,CCTV camera not recording,Junction camera offline; control room informed.,PC,J. Solanki,Beat 5,Infocity,23.188164,72.627602,8842cc6121fffff,resolved
FA-00673,2026-08-24T15:22:00,attention,traffic,Traffic congestion at junction,Signal fault causing tailback; manual regulation started.,PC,H. Zala,Beat 3,Sargasan Crossroads,23.169854,72.627759,8842cc6a11fffff,resolved
FA-00674,2026-08-24T17:38:00,info,patrol,Foot patrol completed,Market stretch covered; shopkeepers briefed on shutter locks.,ASI,S. Rathod,PCR-4,Infocity,23.191471,72.630159,8842cc6121fffff,resolved
FA-00675,2026-08-25T12:34:00,attention,infrastructure,CCTV camera not recording,Junction camera offline; control room informed.,PC,A. Makwana,Beat 1,Infocity,23.190717,72.625457,8842cc612dfffff,resolved
FA-00676,2026-08-25T16:31:00,urgent,crime_in_progress,Mobile snatching reported,Victim's phone snatched by a pillion rider; nearby units alerted.,HC,B. Gohil,Beat 6,Sector 16 Commercial,23.223911,72.642291,8842cc6157fffff,resolved
FA-00677,2026-08-25T20:45:00,info,patrol,Nakabandi point established,"Vehicle checking in progress, no incidents so far.",PSI,R. Chaudhary,PCR-3,Akshardham (Sector 20),23.236509,72.664146,8842cc6027fffff,resolved
FA-00678,2026-08-26T03:44:00,info,patrol,Night round completed,Residential lanes checked; nothing to report.,ASI,S. Rathod,PCR-4,Kudasan,23.192463,72.634174,8842cc6121fffff,resolved
FA-00679,2026-08-26T21:48:00,urgent,crime_in_progress,Break-in attempt at locked house,Neighbours heard the lock being forced; suspects left before arrival.,ASI,S. Rathod,PCR-4,Infocity,23.188528,72.63039,8842cc6121fffff,resolved
FA-00680,2026-08-27T12:37:00,info,patrol,Nakabandi point established,"Vehicle checking in progress, no incidents so far.",PSI,N. Desai,PCR-2,Kudasan,23.190454,72.635674,8842cc6121fffff,resolved
FA-00681,2026-08-27T14:36:00,attention,infrastructure,Streetlights out on service road,Roughly 400 m stretch dark; recommend a night patrol pass.,PC,K. Thakor,Beat 4,GIFT City,23.163762,72.681031,8842cc6a87fffff,resolved
FA-00682,2026-08-27T14:55:00,info,patrol,Night round completed,Residential lanes checked; nothing to report.,PSI,R. Chaudhary,PCR-3,Sargasan Crossroads,23.166154,72.628352,8842cc6a11fffff,resolved
FA-00683,2026-08-27T15:28:00,urgent,crowd,Crowd build-up at venue gate,Entry queue spilling onto the road; requesting two more constables.,HC,M. Parmar,Beat 2,Kudasan,23.193984,72.63484,8842cc612bfffff,resolved
FA-00684,2026-08-28T11:55:00,urgent,crime_in_progress,Mobile snatching reported,Victim's phone snatched by a pillion rider; nearby units alerted.,PC,A. Makwana,Beat 1,Sargasan Crossroads,23.172412,72.628299,8842cc6a11fffff,resolved
FA-00685,2026-08-28T13:42:00,info,patrol,Foot patrol completed,Market stretch covered; shopkeepers briefed on shutter locks.,ASI,D. Vaghela,PCR-1,Infocity,23.186541,72.62822,8842cc6125fffff,resolved
FA-00686,2026-08-28T14:48:00,info,patrol,Nakabandi point established,"Vehicle checking in progress, no incidents so far.",PSI,N. Desai,PCR-2,GIFT City,23.160298,72.683232,8842cc6ab9fffff,resolved
FA-00687,2026-08-28T16:07:00,urgent,crowd,Crowd build-up at venue gate,Entry queue spilling onto the road; requesting two more constables.,ASI,S. Rathod,PCR-4,Kudasan,23.193618,72.635558,8842cc612bfffff,resolved
FA-00688,2026-08-29T06:12:00,attention,suspicious,Suspicious vehicle parked since morning,Hatchback without a number plate; owner not traced yet.,HC,M. Parmar,Beat 2,Kudasan,23.191067,72.635529,8842cc6121fffff,resolved
FA-00689,2026-08-29T08:56:00,urgent,crowd,Crowd build-up at venue gate,Entry queue spilling onto the road; requesting two more constables.,PC,J. Solanki,Beat 5,Sargasan Crossroads,23.170155,72.630268,8842cc6a11fffff,resolved
FA-00690,2026-08-29T11:29:00,info,patrol,Nakabandi point established,"Vehicle checking in progress, no incidents so far.",PSI,R. Chaudhary,PCR-3,Sargasan Crossroads,23.170003,72.628842,8842cc6a11fffff,resolved
FA-00691,2026-08-29T15:11:00,attention,suspicious,Unattended bag reported,Bag checked and cleared; owner located nearby.,PC,J. Solanki,Beat 5,Infocity,23.193384,72.628453,8842cc6129fffff,resolved
FA-00692,2026-08-29T16:24:00,attention,suspicious,Suspicious vehicle parked since morning,Hatchback without a number plate; owner not traced yet.,HC,M. Parmar,Beat 2,Sector 21 Market,23.22196,72.649093,8842cc6119fffff,resolved
FA-00693,2026-08-29T16:58:00,info,patrol,Nakabandi point established,"Vehicle checking in progress, no incidents so far.",PSI,R. Chaudhary,PCR-3,Akshardham (Sector 20),23.240691,72.661944,8842cc6023fffff,resolved
FA-00694,2026-08-29T19:13:00,urgent,crime_in_progress,Break-in attempt at locked house,Neighbours heard the lock being forced; suspects left before arrival.,PC,K. Thakor,Beat 4,Kudasan,23.192459,72.634047,8842cc6121fffff,resolved
FA-00695,2026-08-30T09:18:00,urgent,crowd,Crowd build-up at venue gate,Entry queue spilling onto the road; requesting two more constables.,PSI,N. Desai,PCR-2,GIFT City,23.166117,72.681712,8842cc6a83fffff,resolved
FA-00696,2026-08-30T09:29:00,attention,suspicious,Unattended bag reported,Bag checked and cleared; owner located nearby.,PC,J. Solanki,Beat 5,Infocity,23.190849,72.627021,8842cc6121fffff,resolved
FA-00697,2026-08-30T19:42:00,attention,suspicious,Unattended bag reported,Bag checked and cleared; owner located nearby.,PSI,N. Desai,PCR-2,Sector 16 Commercial,23.226126,72.64421,8842cc6157fffff,resolved
FA-00698,2026-08-31T15:16:00,attention,infrastructure,CCTV camera not recording,Junction camera offline; control room informed.,PC,J. Solanki,Beat 5,Infocity,23.185341,72.629835,8842cc6125fffff,resolved
FA-00699,2026-08-31T16:56:00,info,patrol,Nakabandi point established,"Vehicle checking in progress, no incidents so far.",HC,B. Gohil,Beat 6,Sector 21 Market,23.216796,72.649178,8842cc611dfffff,resolved
FA-00700,2026-08-31T19:21:00,info,patrol,Night round completed,Residential lanes checked; nothing to report.,HC,B. Gohil,Beat 6,Infocity,23.188905,72.630932,8842cc6121fffff,resolved
FA-00701,2026-08-31T20:59:00,info,patrol,Foot patrol completed,Market stretch covered; shopkeepers briefed on shutter locks.,PC,J. Solanki,Beat 5,GIFT City,23.164755,72.68485,8842cc6ab9fffff,resolved
FA-00702,2026-09-01T15:56:00,urgent,public_order,Scuffle between two groups,"Situation contained, both parties brought to the chowky.",HC,M. Parmar,Beat 2,Akshardham (Sector 20),23.236803,72.661364,8842cc6027fffff,resolved
FA-00703,2026-09-02T10:26:00,info,patrol,Foot patrol completed,Market stretch covered; shopkeepers briefed on shutter locks.,PC,K. Thakor,Beat 4,Sector 16 Commercial,23.227553,72.64305,8842cc6153fffff,resolved
FA-00704,2026-09-02T13:33:00,urgent,crime_in_progress,Mobile snatching reported,Victim's phone snatched by a pillion rider; nearby units alerted.,PC,J. Solanki,Beat 5,Infocity,23.186631,72.627902,8842cc6125fffff,resolved
FA-00705,2026-09-02T14:00:00,urgent,crime_in_progress,Break-in attempt at locked house,Neighbours heard the lock being forced; suspects left before arrival.,PC,A. Makwana,Beat 1,Sector 21 Market,23.222386,72.64775,8842cc6119fffff,resolved
FA-00706,2026-09-02T18:09:00,attention,suspicious,Unattended bag reported,Bag checked and cleared; owner located nearby.,ASI,D. Vaghela,PCR-1,Sector 16 Commercial,23.226565,72.638457,8842cc6157fffff,resolved
FA-00707,2026-09-03T18:15:00,attention,infrastructure,CCTV camera not recording,Junction camera offline; control room informed.,PC,J. Solanki,Beat 5,Sargasan Crossroads,23.17298,72.631435,8842cc6a1bfffff,resolved
FA-00708,2026-09-03T20:00:00,urgent,crime_in_progress,Chain snatching reported,Two suspects on a motorcycle fled the spot; description circulated.,PC,K. Thakor,Beat 4,Sector 21 Market,23.220794,72.650115,8842cc6111fffff,resolved
FA-00709,2026-09-03T22:39:00,urgent,crime_in_progress,Mobile snatching reported,Victim's phone snatched by a pillion rider; nearby units alerted.,PC,J. Solanki,Beat 5,Infocity,23.185801,72.630142,8842cc6125fffff,resolved
FA-00710,2026-09-04T17:02:00,urgent,crime_in_progress,Chain snatching reported,Two suspects on a motorcycle fled the spot; description circulated.,PC,H. Zala,Beat 3,Akshardham (Sector 20),23.239791,72.657,8842cc6021fffff,resolved
FA-00711,2026-09-04T17:45:00,urgent,crime_in_progress,Break-in attempt at locked house,Neighbours heard the lock being forced; suspects left before arrival.,PC,H. Zala,Beat 3,Akshardham (Sector 20),23.234865,72.659585,8842cc6027fffff,resolved
FA-00712,2026-09-04T20:50:00,attention,suspicious,Unattended bag reported,Bag checked and cleared; owner located nearby.,ASI,D. Vaghela,PCR-1,Akshardham (Sector 20),23.235747,72.654473,8842cc6025fffff,resolved
FA-00713,2026-09-05T01:32:00,info,patrol,Night round completed,Residential lanes checked; nothing to report.,PC,H. Zala,Beat 3,Sector 16 Commercial,23.228001,72.642007,8842cc6153fffff,resolved
FA-00714,2026-09-05T10:41:00,urgent,public_order,Scuffle between two groups,"Situation contained, both parties brought to the chowky.",HC,M. Parmar,Beat 2,Akshardham (Sector 20),23.240923,72.660613,8842cc6021fffff,resolved
FA-00715,2026-09-05T19:11:00,info,patrol,Foot patrol completed,Market stretch covered; shopkeepers briefed on shutter locks.,PC,H. Zala,Beat 3,Akshardham (Sector 20),23.235538,72.657395,8842cc6021fffff,resolved
FA-00716,2026-09-05T21:13:00,urgent,crowd,Crowd build-up at venue gate,Entry queue spilling onto the road; requesting two more constables.,PSI,N. Desai,PCR-2,Infocity,23.188318,72.630817,8842cc6121fffff,resolved
FA-00717,2026-09-06T08:30:00,attention,suspicious,Suspicious vehicle parked since morning,Hatchback without a number plate; owner not traced yet.,PC,A. Makwana,Beat 1,Sargasan Crossroads,23.168858,72.62774,8842cc6a11fffff,resolved
FA-00718,2026-09-06T13:29:00,attention,infrastructure,Streetlights out on service road,Roughly 400 m stretch dark; recommend a night patrol pass.,HC,B. Gohil,Beat 6,Sector 16 Commercial,23.226004,72.643449,8842cc6157fffff,resolved
FA-00719,2026-09-06T17:17:00,attention,traffic,Traffic congestion at junction,Signal fault causing tailback; manual regulation started.,ASI,D. Vaghela,PCR-1,Infocity,23.187328,72.633241,8842cc6121fffff,resolved
FA-00720,2026-09-06T21:59:00,urgent,crime_in_progress,Chain snatching reported,Two suspects on a motorcycle fled the spot; description circulated.,HC,B. Gohil,Beat 6,GIFT City,23.158785,72.679717,8842cc6a87fffff,resolved
FA-00721,2026-09-07T10:10:00,attention,suspicious,Unattended bag reported,Bag checked and cleared; owner located nearby.,HC,B. Gohil,Beat 6,Sargasan Crossroads,23.169772,72.630134,8842cc6a11fffff,resolved
FA-00722,2026-09-07T23:49:00,urgent,crowd,Crowd build-up at venue gate,Entry queue spilling onto the road; requesting two more constables.,PC,A. Makwana,Beat 1,Infocity,23.189093,72.63043,8842cc6121fffff,resolved
FA-00723,2026-09-08T01:08:00,info,patrol,Night round completed,Residential lanes checked; nothing to report.,ASI,S. Rathod,PCR-4,Kudasan,23.19097,72.635015,8842cc6121fffff,resolved
FA-00724,2026-09-08T13:16:00,urgent,crime_in_progress,Break-in attempt at locked house,Neighbours heard the lock being forced; suspects left before arrival.,PC,J. Solanki,Beat 5,Sector 16 Commercial,23.226192,72.642395,8842cc6157fffff,resolved
FA-00725,2026-09-08T17:07:00,attention,traffic,Traffic congestion at junction,Signal fault causing tailback; manual regulation started.,PC,K. Thakor,Beat 4,GIFT City,23.16462,72.68324,8842cc6ab9fffff,resolved
FA-00726,2026-09-08T18:23:00,info,patrol,Foot patrol completed,Market stretch covered; shopkeepers briefed on shutter locks.,HC,B. Gohil,Beat 6,Sector 21 Market,23.221035,72.645822,8842cc611dfffff,resolved
FA-00727,2026-09-08T18:57:00,urgent,crime_in_progress,Mobile snatching reported,Victim's phone snatched by a pillion rider; nearby units alerted.,ASI,D. Vaghela,PCR-1,Sector 7 Secretariat,23.210285,72.629896,8842cc6101fffff,resolved
FA-00728,2026-09-08T19:23:00,urgent,crowd,Crowd build-up at venue gate,Entry queue spilling onto the road; requesting two more constables.,PSI,R. Chaudhary,PCR-3,Sector 21 Market,23.217221,72.651064,8842cc6111fffff,resolved
FA-00729,2026-09-08T22:43:00,info,patrol,Foot patrol completed,Market stretch covered; shopkeepers briefed on shutter locks.,PSI,N. Desai,PCR-2,Kudasan,23.187515,72.636148,8842cc6127fffff,resolved
FA-00730,2026-09-09T06:27:00,attention,infrastructure,CCTV camera not recording,Junction camera offline; control room informed.,PSI,N. Desai,PCR-2,Infocity,23.186223,72.628964,8842cc6125fffff,resolved
FA-00731,2026-09-09T14:26:00,info,patrol,Foot patrol completed,Market stretch covered; shopkeepers briefed on shutter locks.,PC,A. Makwana,Beat 1,GIFT City,23.165881,72.683523,8842cc6a83fffff,resolved
FA-00732,2026-09-09T19:45:00,attention,suspicious,Suspicious vehicle parked since morning,Hatchback without a number plate; owner not traced yet.,PC,K. Thakor,Beat 4,Kudasan,23.191317,72.639674,8842cc6123fffff,resolved
FA-00733,2026-09-09T22:07:00,info,patrol,Foot patrol completed,Market stretch covered; shopkeepers briefed on shutter locks.,PSI,R. Chaudhary,PCR-3,Sector 21 Market,23.220865,72.64925,8842cc611dfffff,resolved
FA-00734,2026-09-10T07:22:00,attention,suspicious,Unattended bag reported,Bag checked and cleared; owner located nearby.,PC,J. Solanki,Beat 5,Sector 16 Commercial,23.226459,72.641887,8842cc6157fffff,resolved
FA-00735,2026-09-10T10:54:00,urgent,crowd,Crowd build-up at venue gate,Entry queue spilling onto the road; requesting two more constables.,PSI,N. Desai,PCR-2,Sargasan Crossroads,23.171907,72.629364,8842cc6a11fffff,resolved
FA-00736,2026-09-10T11:56:00,info,patrol,Nakabandi point established,"Vehicle checking in progress, no incidents so far.",PC,H. Zala,Beat 3,Sargasan Crossroads,23.169007,72.632033,8842cc6a11fffff,resolved
FA-00737,2026-09-10T14:38:00,urgent,crime_in_progress,Mobile snatching reported,Victim's phone snatched by a pillion rider; nearby units alerted.,HC,B. Gohil,Beat 6,GIFT City,23.164589,72.681559,8842cc6a83fffff,resolved
FA-00738,2026-09-10T22:54:00,info,patrol,Night round completed,Residential lanes checked; nothing to report.,HC,M. Parmar,Beat 2,Sector 16 Commercial,23.226699,72.641887,8842cc6157fffff,resolved
FA-00739,2026-09-11T11:34:00,attention,traffic,Traffic congestion at junction,Signal fault causing tailback; manual regulation started.,PSI,N. Desai,PCR-2,Kudasan,23.191259,72.635002,8842cc6121fffff,resolved
FA-00740,2026-09-11T17:28:00,attention,infrastructure,Streetlights out on service road,Roughly 400 m stretch dark; recommend a night patrol pass.,PC,K. Thakor,Beat 4,Sector 21 Market,23.219161,72.649931,8842cc611dfffff,resolved
FA-00741,2026-09-11T19:25:00,attention,infrastructure,Streetlights out on service road,Roughly 400 m stretch dark; recommend a night patrol pass.,PC,K. Thakor,Beat 4,Kudasan,23.194885,72.637401,8842cc612bfffff,resolved
FA-00742,2026-09-11T19:45:00,attention,traffic,Traffic congestion at junction,Signal fault causing tailback; manual regulation started.,ASI,D. Vaghela,PCR-1,Akshardham (Sector 20),23.23921,72.660563,8842cc6021fffff,resolved
FA-00743,2026-09-11T20:28:00,attention,suspicious,Suspicious vehicle parked since morning,Hatchback without a number plate; owner not traced yet.,PC,J. Solanki,Beat 5,Infocity,23.188171,72.629234,8842cc6121fffff,resolved
FA-00744,2026-09-11T21:31:00,info,patrol,Night round completed,Residential lanes checked; nothing to report.,HC,M. Parmar,Beat 2,Sector 7 Secretariat,23.21327,72.633177,8842cc6101fffff,resolved
FA-00745,2026-09-12T06:50:00,info,patrol,Nakabandi point established,"Vehicle checking in progress, no incidents so far.",PC,J. Solanki,Beat 5,GIFT City,23.160414,72.682844,8842cc6ab9fffff,resolved
FA-00746,2026-09-12T12:04:00,attention,traffic,Traffic congestion at junction,Signal fault causing tailback; manual regulation started.,PSI,R. Chaudhary,PCR-3,Kudasan,23.189768,72.634859,8842cc6121fffff,resolved
FA-00747,2026-09-12T19:05:00,urgent,crime_in_progress,Chain snatching reported,Two suspects on a motorcycle fled the spot; description circulated.,HC,M. Parmar,Beat 2,Sector 21 Market,23.222494,72.645434,8842cc611dfffff,resolved
FA-00748,2026-09-12T19:55:00,attention,suspicious,Suspicious vehicle parked since morning,Hatchback without a number plate; owner not traced yet.,PC,H. Zala,Beat 3,Sector 16 Commercial,23.22701,72.639703,8842cc6157fffff,resolved
FA-00749,2026-09-12T20:54:00,info,patrol,Night round completed,Residential lanes checked; nothing to report.,PSI,R. Chaudhary,PCR-3,Kudasan,23.192946,72.63253,8842cc6121fffff,resolved
FA-00750,2026-09-12T22:49:00,attention,infrastructure,CCTV camera not recording,Junction camera offline; control room informed.,HC,B. Gohil,Beat 6,Sector 16 Commercial,23.226735,72.64198,8842cc6157fffff,resolved
FA-00751,2026-09-13T07:00:00,urgent,crowd,Crowd build-up at venue gate,Entry queue spilling onto the road; requesting two more constables.,PSI,R. Chaudhary,PCR-3,Sargasan Crossroads,23.167738,72.628356,8842cc6a11fffff,resolved
FA-00752,2026-09-13T15:44:00,info,patrol,Nakabandi point established,"Vehicle checking in progress, no incidents so far.",HC,M. Parmar,Beat 2,Sector 16 Commercial,23.225946,72.644657,8842cc6119fffff,resolved
FA-00753,2026-09-13T16:48:00,attention,infrastructure,CCTV camera not recording,Junction camera offline; control room informed.,PC,K. Thakor,Beat 4,Kudasan,23.195399,72.636254,8842cc612bfffff,resolved
FA-00754,2026-09-13T17:35:00,attention,traffic,Traffic congestion at junction,Signal fault causing tailback; manual regulation started.,PC,J. Solanki,Beat 5,Sargasan Crossroads,23.171024,72.630563,8842cc6a11fffff,resolved
FA-00755,2026-09-13T20:16:00,attention,suspicious,Unattended bag reported,Bag checked and cleared; owner located nearby.,PC,A. Makwana,Beat 1,Infocity,23.185845,72.629569,8842cc6125fffff,resolved
FA-00756,2026-09-14T06:36:00,attention,infrastructure,CCTV camera not recording,Junction camera offline; control room informed.,PC,K. Thakor,Beat 4,Akshardham (Sector 20),23.239124,72.658016,8842cc6021fffff,resolved
FA-00757,2026-09-14T09:55:00,info,patrol,Nakabandi point established,"Vehicle checking in progress, no incidents so far.",PC,H. Zala,Beat 3,Infocity,23.188901,72.628715,8842cc6121fffff,resolved
FA-00758,2026-09-14T10:55:00,attention,traffic,Traffic congestion at junction,Signal fault causing tailback; manual regulation started.,PC,H. Zala,Beat 3,Infocity,23.187345,72.627327,8842cc612dfffff,resolved
FA-00759,2026-09-14T12:13:00,info,patrol,Night round completed,Residential lanes checked; nothing to report.,PC,A. Makwana,Beat 1,Sector 21 Market,23.219262,72.650656,8842cc6111fffff,resolved
FA-00760,2026-09-14T12:42:00,urgent,crime_in_progress,Chain snatching reported,Two suspects on a motorcycle fled the spot; description circulated.,HC,B. Gohil,Beat 6,Akshardham (Sector 20),23.239646,72.658816,8842cc6021fffff,resolved
FA-00761,2026-09-14T14:18:00,urgent,public_order,Scuffle between two groups,"Situation contained, both parties brought to the chowky.",PC,H. Zala,Beat 3,Kudasan,23.194431,72.635941,8842cc612bfffff,resolved
FA-00762,2026-09-14T17:05:00,attention,infrastructure,CCTV camera not recording,Junction camera offline; control room informed.,PC,A. Makwana,Beat 1,Akshardham (Sector 20),23.23785,72.661286,8842cc6027fffff,resolved
FA-00763,2026-09-14T18:36:00,attention,suspicious,Suspicious vehicle parked since morning,Hatchback without a number plate; owner not traced yet.,ASI,D. Vaghela,PCR-1,Sector 7 Secretariat,23.210481,72.631843,8842cc6101fffff,resolved
FA-00764,2026-09-14T19:00:00,attention,infrastructure,Streetlights out on service road,Roughly 400 m stretch dark; recommend a night patrol pass.,PC,K. Thakor,Beat 4,Sector 16 Commercial,23.225653,72.642042,8842cc6157fffff,resolved
FA-00765,2026-09-14T19:53:00,info,patrol,Foot patrol completed,Market stretch covered; shopkeepers briefed on shutter locks.,PC,H. Zala,Beat 3,Sector 16 Commercial,23.228445,72.644067,8842cc6153fffff,resolved
FA-00766,2026-09-14T20:35:00,attention,infrastructure,Streetlights out on service road,Roughly 400 m stretch dark; recommend a night patrol pass.,ASI,S. Rathod,PCR-4,Kudasan,23.192829,72.633122,8842cc6121fffff,resolved
FA-00767,2026-09-14T20:44:00,attention,infrastructure,Streetlights out on service road,Roughly 400 m stretch dark; recommend a night patrol pass.,PC,A. Makwana,Beat 1,Akshardham (Sector 20),23.236701,72.658604,8842cc6021fffff,resolved
FA-00768,2026-09-15T04:09:00,attention,traffic,Traffic congestion at junction,Signal fault causing tailback; manual regulation started.,HC,B. Gohil,Beat 6,Sector 16 Commercial,23.223823,72.6425,8842cc6157fffff,resolved
FA-00769,2026-09-15T07:14:00,urgent,crowd,Crowd build-up at venue gate,Entry queue spilling onto the road; requesting two more constables.,PC,K. Thakor,Beat 4,Infocity,23.185225,72.627011,8842cc6125fffff,resolved
FA-00770,2026-09-15T16:08:00,urgent,crime_in_progress,Chain snatching reported,Two suspects on a motorcycle fled the spot; description circulated.,PC,A. Makwana,Beat 1,Infocity,23.186328,72.62822,8842cc6125fffff,resolved
FA-00771,2026-09-15T18:07:00,info,patrol,Nakabandi point established,"Vehicle checking in progress, no incidents so far.",PSI,N. Desai,PCR-2,Kudasan,23.191796,72.632102,8842cc6121fffff,resolved
FA-00772,2026-09-15T21:37:00,attention,infrastructure,CCTV camera not recording,Junction camera offline; control room informed.,ASI,D. Vaghela,PCR-1,Sector 16 Commercial,23.22734,72.640854,8842cc6157fffff,resolved
FA-00773,2026-09-15T23:03:00,info,patrol,Nakabandi point established,"Vehicle checking in progress, no incidents so far.",PSI,R. Chaudhary,PCR-3,Sector 16 Commercial,23.228654,72.640015,8842cc6153fffff,resolved
FA-00774,2026-09-16T17:03:00,urgent,crime_in_progress,Mobile snatching reported,Victim's phone snatched by a pillion rider; nearby units alerted.,PC,H. Zala,Beat 3,Sector 21 Market,23.22173,72.654047,8842cc6111fffff,resolved
FA-00775,2026-09-16T18:34:00,attention,suspicious,Suspicious vehicle parked since morning,Hatchback without a number plate; owner not traced yet.,ASI,S. Rathod,PCR-4,Sector 21 Market,23.220513,72.651374,8842cc6111fffff,resolved
FA-00776,2026-09-16T19:04:00,urgent,crime_in_progress,Chain snatching reported,Two suspects on a motorcycle fled the spot; description circulated.,PC,K. Thakor,Beat 4,GIFT City,23.168367,72.685092,8842cc6a83fffff,resolved
FA-00777,2026-09-17T05:52:00,urgent,crime_in_progress,Mobile snatching reported,Victim's phone snatched by a pillion rider; nearby units alerted.,PSI,N. Desai,PCR-2,Infocity,23.190168,72.627739,8842cc6121fffff,resolved
FA-00778,2026-09-17T12:43:00,urgent,crowd,Crowd build-up at venue gate,Entry queue spilling onto the road; requesting two more constables.,HC,B. Gohil,Beat 6,Sargasan Crossroads,23.172371,72.632947,8842cc6a1bfffff,resolved
FA-00779,2026-09-17T15:42:00,attention,traffic,Traffic congestion at junction,Signal fault causing tailback; manual regulation started.,HC,M. Parmar,Beat 2,Sector 7 Secretariat,23.214452,72.63091,8842cc6109fffff,resolved
FA-00780,2026-09-17T17:23:00,attention,infrastructure,CCTV camera not recording,Junction camera offline; control room informed.,ASI,D. Vaghela,PCR-1,Sector 21 Market,23.22461,72.653914,8842cc6119fffff,resolved
FA-00781,2026-09-17T20:23:00,attention,suspicious,Unattended bag reported,Bag checked and cleared; owner located nearby.,PC,K. Thakor,Beat 4,Sector 21 Market,23.221697,72.652169,8842cc6111fffff,resolved
FA-00782,2026-09-18T12:49:00,attention,infrastructure,CCTV camera not recording,Junction camera offline; control room informed.,HC,B. Gohil,Beat 6,Sector 7 Secretariat,23.209165,72.635684,8842cc6101fffff,resolved
FA-00783,2026-09-18T13:33:00,info,patrol,Foot patrol completed,Market stretch covered; shopkeepers briefed on shutter locks.,PC,A. Makwana,Beat 1,Infocity,23.187943,72.626505,8842cc612dfffff,resolved
FA-00784,2026-09-18T16:04:00,urgent,crime_in_progress,Chain snatching reported,Two suspects on a motorcycle fled the spot; description circulated.,HC,M. Parmar,Beat 2,Akshardham (Sector 20),23.235483,72.661732,8842cc6027fffff,resolved
FA-00785,2026-09-18T16:28:00,info,patrol,Night round completed,Residential lanes checked; nothing to report.,PSI,R. Chaudhary,PCR-3,Sargasan Crossroads,23.169269,72.628154,8842cc6a11fffff,resolved
FA-00786,2026-09-18T17:31:00,info,patrol,Foot patrol completed,Market stretch covered; shopkeepers briefed on shutter locks.,HC,M. Parmar,Beat 2,Kudasan,23.188308,72.631112,8842cc6121fffff,resolved
FA-00787,2026-09-18T19:55:00,info,patrol,Nakabandi point established,"Vehicle checking in progress, no incidents so far.",ASI,D. Vaghela,PCR-1,Sector 21 Market,23.222668,72.650241,8842cc6119fffff,resolved
FA-00788,2026-09-18T20:44:00,urgent,crowd,Crowd build-up at venue gate,Entry queue spilling onto the road; requesting two more constables.,HC,M. Parmar,Beat 2,Sector 16 Commercial,23.230213,72.644412,8842cc6153fffff,resolved
FA-00789,2026-09-18T21:32:00,info,patrol,Nakabandi point established,"Vehicle checking in progress, no incidents so far.",PC,J. Solanki,Beat 5,Akshardham (Sector 20),23.236708,72.662866,8842cc6027fffff,resolved
FA-00790,2026-09-18T21:59:00,attention,suspicious,Unattended bag reported,Bag checked and cleared; owner located nearby.,PC,A. Makwana,Beat 1,Sector 21 Market,23.21872,72.650598,8842cc6111fffff,resolved
FA-00791,2026-09-19T11:57:00,urgent,public_order,Scuffle between two groups,"Situation contained, both parties brought to the chowky.",ASI,D. Vaghela,PCR-1,Sector 16 Commercial,23.229014,72.640967,8842cc6153fffff,resolved
FA-00792,2026-09-19T12:04:00,info,patrol,Night round completed,Residential lanes checked; nothing to report.,PC,J. Solanki,Beat 5,Infocity,23.185039,72.623049,8842cc612dfffff,resolved
FA-00793,2026-09-19T13:51:00,urgent,crime_in_progress,Mobile snatching reported,Victim's phone snatched by a pillion rider; nearby units alerted.,PC,H. Zala,Beat 3,Sector 16 Commercial,23.226058,72.643462,8842cc6157fffff,resolved
FA-00794,2026-09-19T15:57:00,urgent,crime_in_progress,Mobile snatching reported,Victim's phone snatched by a pillion rider; nearby units alerted.,HC,B. Gohil,Beat 6,Infocity,23.18535,72.630486,8842cc6125fffff,resolved
FA-00795,2026-09-19T16:45:00,attention,suspicious,Unattended bag reported,Bag checked and cleared; owner located nearby.,PC,J. Solanki,Beat 5,Infocity,23.188039,72.627535,8842cc6121fffff,resolved
FA-00796,2026-09-19T17:46:00,info,patrol,Foot patrol completed,Market stretch covered; shopkeepers briefed on shutter locks.,HC,M. Parmar,Beat 2,Sargasan Crossroads,23.169616,72.630825,8842cc6a11fffff,resolved
FA-00797,2026-09-19T18:42:00,info,patrol,Nakabandi point established,"Vehicle checking in progress, no incidents so far.",ASI,S. Rathod,PCR-4,GIFT City,23.167267,72.682711,8842cc6a83fffff,resolved
FA-00798,2026-09-19T18:46:00,info,patrol,Night round completed,Residential lanes checked; nothing to report.,PC,A. Makwana,Beat 1,Infocity,23.188584,72.628835,8842cc6121fffff,resolved
FA-00799,2026-09-19T18:47:00,attention,suspicious,Unattended bag reported,Bag checked and cleared; owner located nearby.,PC,A. Makwana,Beat 1,Infocity,23.188717,72.628536,8842cc6121fffff,resolved
FA-00800,2026-09-20T11:22:00,attention,suspicious,Unattended bag reported,Bag checked and cleared; owner located nearby.,PC,H. Zala,Beat 3,Infocity,23.190488,72.63094,8842cc6121fffff,acknowledged
FA-00801,2026-09-20T13:00:00,attention,infrastructure,CCTV camera not recording,Junction camera offline; control room informed.,HC,B. Gohil,Beat 6,Sector 21 Market,23.220738,72.649611,8842cc611dfffff,acknowledged
FA-00802,2026-09-20T13:26:00,attention,infrastructure,CCTV camera not recording,Junction camera offline; control room informed.,HC,B. Gohil,Beat 6,Infocity,23.185959,72.631059,8842cc6121fffff,acknowledged
FA-00803,2026-09-20T15:01:00,info,patrol,Foot patrol completed,Market stretch covered; shopkeepers briefed on shutter locks.,PC,A. Makwana,Beat 1,Sector 16 Commercial,23.229732,72.643409,8842cc6153fffff,acknowledged
FA-00804,2026-09-20T17:51:00,info,patrol,Nakabandi point established,"Vehicle checking in progress, no incidents so far.",PC,A. Makwana,Beat 1,Akshardham (Sector 20),23.23609,72.658371,8842cc6021fffff,acknowledged
FA-00805,2026-09-20T20:26:00,attention,infrastructure,CCTV camera not recording,Junction camera offline; control room informed.,PSI,R. Chaudhary,PCR-3,Infocity,23.188918,72.626963,8842cc612dfffff,acknowledged
FA-00806,2026-09-20T21:25:00,info,patrol,Foot patrol completed,Market stretch covered; shopkeepers briefed on shutter locks.,PSI,R. Chaudhary,PCR-3,Sector 7 Secretariat,23.212951,72.634319,8842cc6101fffff,open
