incident_id,fir_no,timestamp,latitude,longitude,h3_r8,crime_type,severity,reported_via,location_name,status,source,confidence
89cc9852-24a9-50eb-8cc5-b32405f59b6e,GNR/2026/00001,2026-03-16T00:33:00,23.225385,72.64029,8842cc6157fffff,chain_snatching,3,online,Sector 16 Commercial,closed,synthetic,1.0
e42187db-d2ce-5786-b33e-71bcccbe460a,GNR/2026/00002,2026-03-16T01:01:00,23.177556,72.674688,8842cc6a8bfffff,assault,4,walk_in,Gandhinagar (other),under_investigation,synthetic,1.0
843831cc-6519-5d2a-a04e-d304bc3d73b2,GNR/2026/00003,2026-03-16T01:41:00,23.170227,72.691462,8842cc6a95fffff,robbery,4,patrol,GIFT City,under_investigation,synthetic,1.0
30c2a958-311e-5eb6-b448-4513392a79d3,GNR/2026/00004,2026-03-16T02:46:00,23.247635,72.660144,8842cc602bfffff,vehicle_theft,3,online,Akshardham (Sector 20),closed,synthetic,1.0
9b87ecec-8396-5bf1-a17a-91054fe0b2ef,GNR/2026/00005,2026-03-16T15:46:00,23.215284,72.636378,8842cc610bfffff,harassment,3,patrol,Sector 7 Secretariat,chargesheeted,synthetic,1.0
22b80b0e-8a9b-5455-bc24-1c971a7190e9,GNR/2026/00006,2026-03-16T17:32:00,23.196436,72.624037,8842cc6129fffff,chain_snatching,3,helpline,Infocity,chargesheeted,synthetic,1.0
63e0a545-bc3e-5570-80c0-047c53e91bc8,GNR/2026/00007,2026-03-16T20:04:00,23.220568,72.64439,8842cc611dfffff,theft,2,helpline,Sector 21 Market,closed,synthetic,1.0
69b92f86-227c-5ee5-9ab8-276cf5453f3f,GNR/2026/00008,2026-03-16T21:08:00,23.232234,72.64435,8842cc6153fffff,chain_snatching,3,walk_in,Sector 16 Commercial,chargesheeted,synthetic,1.0
c06681b2-bc7d-51bd-9698-ab3f9b3e44b5,GNR/2026/00009,2026-03-16T23:14:00,23.188867,72.633168,8842cc6121fffff,chain_snatching,3,walk_in,Infocity,chargesheeted,synthetic,1.0
6c27c499-03e0-5295-85c6-b5038c082072,GNR/2026/00010,2026-03-17T02:53:00,23.189206,72.621731,8842cc612dfffff,vehicle_theft,3,patrol,Infocity,chargesheeted,synthetic,1.0
aa40296c-ea2d-5023-a5e6-32e5210ba100,GNR/2026/00011,2026-03-17T13:47:00,23.161156,72.686989,8842cc6ab9fffff,burglary,3,patrol,GIFT City,closed,synthetic,1.0
7831b890-8ace-50d3-8732-157f78243f4f,GNR/2026/00012,2026-03-17T15:40:00,23.169931,72.631117,8842cc6a11fffff,pickpocketing,1,online,Sargasan Crossroads,closed,synthetic,1.0
be18e8cc-2f57-5f4f-b8f7-4b0456a5d9d9,GNR/2026/00013,2026-03-17T17:39:00,23.231882,72.633914,8842cc6151fffff,theft,2,walk_in,Sector 16 Commercial,chargesheeted,synthetic,1.0
ea040aba-d267-546f-9c47-f67aa1a3ba1d,GNR/2026/00014,2026-03-17T17:43:00,23.170046,72.63155,8842cc6a11fffff,pickpocketing,1,online,Sargasan Crossroads,chargesheeted,synthetic,1.0
1f2b04d4-769b-5362-ae55-849a02222757,GNR/2026/00015,2026-03-17T18:55:00,23.219617,72.653201,8842cc6111fffff,mobile_snatching,2,walk_in,Sector 21 Market,chargesheeted,synthetic,1.0
bae9472a-44c8-5667-b7b1-52168aed1850,GNR/2026/00016,2026-03-17T22:34:00,23.169191,72.628743,8842cc6a11fffff,mobile_snatching,2,online,Sargasan Crossroads,under_investigation,synthetic,1.0
d3bb89ff-46a2-58b3-b7e1-6d9d4d06877e,GNR/2026/00017,2026-03-17T22:49:00,23.190064,72.641997,8842cc6123fffff,robbery,4,online,Kudasan,chargesheeted,synthetic,1.0
83a55446-6d89-588c-9f82-8373ab9929b4,GNR/2026/00018,2026-03-17T23:09:00,23.182693,72.627973,8842cc6125fffff,assault,4,walk_in,Infocity,closed,synthetic,1.0
ae3b7ba2-cddd-52d2-b106-a92a6723c23f,GNR/2026/00019,2026-03-18T00:27:00,23.168125,72.627953,8842cc6a11fffff,robbery,4,patrol,Sargasan Crossroads,closed,synthetic,1.0
0fd1b115-a079-58c4-b245-2048e61bf3c4,GNR/2026/00020,2026-03-18T01:07:00,23.186463,72.611749,8842cc6a5bfffff,vandalism,2,patrol,Gandhinagar (other),chargesheeted,synthetic,1.0
5e9f1d5c-02e7-5d8e-86f5-a1da2d9eccce,GNR/2026/00021,2026-03-18T01:41:00,23.219132,72.662546,8842cc6113fffff,vandalism,2,patrol,Sector 21 Market,chargesheeted,synthetic,1.0
2bbc465f-f87f-5e00-a7b4-41d22f45070a,GNR/2026/00022,2026-03-18T07:26:00,23.23351,72.661972,8842cc6027fffff,theft,2,patrol,Akshardham (Sector 20),closed,synthetic,1.0
c4c236f2-fda0-53ef-9c22-5ee2f96cb483,GNR/2026/00023,2026-03-18T13:56:00,23.19802,72.637831,8842cc612bfffff,theft,2,walk_in,Kudasan,chargesheeted,synthetic,1.0
234cf4c7-6dca-533c-ba8d-5e510790b89c,GNR/2026/00024,2026-03-18T18:38:00,23.190269,72.623241,8842cc612dfffff,harassment,3,online,Infocity,closed,synthetic,1.0
f029cdde-9d9d-5f12-82c0-afc50ebfe04c,GNR/2026/00025,2026-03-18T19:56:00,23.21266,72.642327,8842cc6103fffff,vehicle_theft,3,helpline,Sector 7 Secretariat,closed,synthetic,1.0
f29f2cdc-fa9f-5e16-965d-111bae89dff1,GNR/2026/00026,2026-03-18T22:15:00,23.253662,72.655948,8842cc6005fffff,robbery,4,walk_in,Gandhinagar (other),under_investigation,synthetic,1.0
a22b6426-1dda-5bb4-bf7f-109fee951a99,GNR/2026/00027,2026-03-19T00:09:00,23.160309,72.676795,8842cc6a87fffff,chain_snatching,3,online,GIFT City,under_investigation,synthetic,1.0
f400533f-722c-5096-8981-4329cf413ca9,GNR/2026/00028,2026-03-19T00:40:00,23.164846,72.684513,8842cc6ab9fffff,vehicle_theft,3,helpline,GIFT City,closed,synthetic,1.0
6681de4c-0ebc-56a1-8e54-f9443c8f496c,GNR/2026/00029,2026-03-19T00:55:00,23.203325,72.640531,8842cc6107fffff,assault,4,helpline,Sector 7 Secretariat,under_investigation,synthetic,1.0
061f0e08-80e1-57fb-a613-1c65c648a7e9,GNR/2026/00030,2026-03-19T04:09:00,23.181185,72.628298,8842cc6125fffff,burglary,3,patrol,Infocity,chargesheeted,synthetic,1.0
a61872b3-5f47-5d5e-98fa-0122738fe135,GNR/2026/00031,2026-03-19T04:43:00,23.162706,72.6846,8842cc6ab9fffff,vehicle_theft,3,helpline,GIFT City,chargesheeted,synthetic,1.0
352e9bc5-532d-5806-b7ad-a3f3fa2888e0,GNR/2026/00032,2026-03-19T21:48:00,23.201353,72.621179,8842cc6163fffff,chain_snatching,3,online,Gandhinagar (other),chargesheeted,synthetic,1.0
a85209fa-9ef4-518f-8366-8aafeb3070ea,GNR/2026/00033,2026-03-19T22:11:00,23.183694,72.637552,8842cc6127fffff,harassment,3,online,Kudasan,under_investigation,synthetic,1.0
10d81173-025c-51da-b877-f5ea1d6f9106,GNR/2026/00034,2026-03-19T22:18:00,23.222932,72.631744,8842cc6155fffff,vandalism,2,online,Sector 16 Commercial,chargesheeted,synthetic,1.0
d8e3e7f8-5d35-5ffb-96a6-7c9a0085db58,GNR/2026/00035,2026-03-19T22:27:00,23.223406,72.620286,8842cc6143fffff,mobile_snatching,2,online,Gandhinagar (other),chargesheeted,synthetic,1.0
8279ded8-dc9d-5c5d-86be-1b175396346c,GNR/2026/00036,2026-03-20T00:12:00,23.213096,72.652673,8842cc6115fffff,mobile_snatching,2,helpline,Sector 21 Market,under_investigation,synthetic,1.0
ddc596e0-24de-57b7-a7e2-77b37fe0ca56,GNR/2026/00037,2026-03-20T01:23:00,23.189768,72.640129,8842cc6123fffff,vehicle_theft,3,walk_in,Kudasan,chargesheeted,synthetic,1.0
e46491c4-e2a6-5e91-abc3-f6e5abccba80,GNR/2026/00038,2026-03-20T14:16:00,23.164241,72.636041,8842cc6a17fffff,chain_snatching,3,walk_in,Sargasan Crossroads,chargesheeted,synthetic,1.0
da488797-2009-5c10-90ed-b581556bc48a,GNR/2026/00039,2026-03-20T15:28:00,23.147333,72.680199,8842cc6aa3fffff,harassment,3,walk_in,Gandhinagar (other),chargesheeted,synthetic,1.0
9b78fc58-f64c-56d1-8115-258c76452b80,GNR/2026/00040,2026-03-20T16:23:00,23.16926,72.670904,8842cc6a81fffff,pickpocketing,1,online,GIFT City,chargesheeted,synthetic,1.0
601e4568-dd0e-5e1a-87dd-eb544647afd8,GNR/2026/00041,2026-03-20T18:48:00,23.232624,72.662152,8842cc6027fffff,harassment,3,walk_in,Akshardham (Sector 20),chargesheeted,synthetic,1.0
50aaff9e-9f3a-5785-8f4b-3255df970574,GNR/2026/00042,2026-03-20T21:42:00,23.208376,72.624619,8842cc610dfffff,vandalism,2,online,Sector 7 Secretariat,under_investigation,synthetic,1.0
45fbc5d6-33db-5b8c-b763-4938e2c04a2a,GNR/2026/00043,2026-03-20T22:55:00,23.19756,72.645126,8842cc613dfffff,vehicle_theft,3,walk_in,Kudasan,chargesheeted,synthetic,1.0
02f606b5-9079-5940-b647-d4bf97a4e5da,GNR/2026/00044,2026-03-21T00:23:00,23.235285,72.638223,8842cc615bfffff,vehicle_theft,3,walk_in,Sector 16 Commercial,under_investigation,synthetic,1.0
7036e821-db63-55c1-9550-85773132a59f,GNR/2026/00045,2026-03-21T08:24:00,23.168636,72.682712,8842cc6a83fffff,theft,2,helpline,GIFT City,chargesheeted,synthetic,1.0
afa25e9d-5279-5290-b4eb-cee6177b0b9f,GNR/2026/00046,2026-03-21T09:46:00,23.190786,72.639616,8842cc6123fffff,burglary,3,helpline,Kudasan,under_investigation,synthetic,1.0
87e42d21-6e0d-510a-af1a-38568dbf3993,GNR/2026/00047,2026-03-21T11:57:00,23.183149,72.628097,8842cc6125fffff,pickpocketing,1,walk_in,Infocity,chargesheeted,synthetic,1.0
3b7d2d79-ba3f-530a-b49c-d40906c99ff6,GNR/2026/00048,2026-03-21T12:50:00,23.184081,72.62601,8842cc6125fffff,theft,2,helpline,Infocity,closed,synthetic,1.0
0f8e12c5-f086-5cf6-abf6-03737b7aa280,GNR/2026/00049,2026-03-21T18:07:00,23.168043,72.68806,8842cc6a95fffff,chain_snatching,3,online,GIFT City,chargesheeted,synthetic,1.0
e5efe911-803f-5a15-b001-da160f9b68d5,GNR/2026/00050,2026-03-21T21:58:00,23.234275,72.654156,8842cc6025fffff,vandalism,2,helpline,Akshardham (Sector 20),under_investigation,synthetic,1.0
ea271743-8d43-5735-a910-e5c72f3a905f,GNR/2026/00051,2026-03-22T00:00:00,23.161345,72.626131,8842cc6a15fffff,harassment,3,patrol,Sargasan Crossroads,chargesheeted,synthetic,1.0
d614c5d1-6a5f-50f4-963e-1207ac4802e8,GNR/2026/00052,2026-03-22T02:53:00,23.180309,72.619273,8842cc6a53fffff,vehicle_theft,3,walk_in,Infocity,chargesheeted,synthetic,1.0
463c96c5-2955-5358-a7be-fd241e33f7d0,GNR/2026/00053,2026-03-22T10:40:00,23.231781,72.66126,8842cc6027fffff,burglary,3,online,Akshardham (Sector 20),closed,synthetic,1.0
ead4d8d9-031e-5b3f-9de5-c5498455e750,GNR/2026/00054,2026-03-22T15:18:00,23.218944,72.645158,8842cc611dfffff,assault,4,patrol,Sector 21 Market,chargesheeted,synthetic,1.0
f9d36888-5170-53c7-853a-8ab8107908c5,GNR/2026/00055,2026-03-22T17:47:00,23.226351,72.646702,8842cc6119fffff,chain_snatching,3,walk_in,Sector 16 Commercial,under_investigation,synthetic,1.0
d131be2e-6086-572f-bf1d-e6d6f41ef020,GNR/2026/00056,2026-03-22T22:35:00,23.163279,72.687256,8842cc6ab9fffff,chain_snatching,3,walk_in,GIFT City,closed,synthetic,1.0
b2c3eddc-4eab-516e-997a-813a85343e72,GNR/2026/00057,2026-03-23T01:00:00,23.167081,72.622978,8842cc6a1dfffff,vehicle_theft,3,online,Sargasan Crossroads,chargesheeted,synthetic,1.0
eda469fd-85f8-57bd-91c4-c727249a4358,GNR/2026/00058,2026-03-23T12:50:00,23.190701,72.632486,8842cc6121fffff,burglary,3,online,Kudasan,chargesheeted,synthetic,1.0
d85ebeda-b78a-5206-9825-95978cc5d2cd,GNR/2026/00059,2026-03-23T16:55:00,23.219422,72.636714,8842cc610bfffff,chain_snatching,3,walk_in,Sector 7 Secretariat,closed,synthetic,1.0
6852b2ca-4a8f-5650-87d0-77e2d39199af,GNR/2026/00060,2026-03-23T17:59:00,23.219185,72.655015,8842cc6111fffff,mobile_snatching,2,walk_in,Sector 21 Market,closed,synthetic,1.0
88e983fc-8d2c-5db7-8c7f-de90e9f737b4,GNR/2026/00061,2026-03-23T18:02:00,23.160572,72.675098,8842cc6a87fffff,chain_snatching,3,walk_in,GIFT City,closed,synthetic,1.0
2cd50754-14bd-5205-b964-9d50769ac513,GNR/2026/00062,2026-03-23T19:21:00,23.214748,72.669242,8842cc61e9fffff,robbery,4,walk_in,Gandhinagar (other),chargesheeted,synthetic,1.0
8142b3d2-87ea-5c43-906c-2ddba7b452a9,GNR/2026/00063,2026-03-23T21:08:00,23.180509,72.630031,8842cc6125fffff,chain_snatching,3,patrol,Infocity,chargesheeted,synthetic,1.0
7e68cd5e-0ddf-5e3f-a033-f5c70100dd9c,GNR/2026/00064,2026-03-23T22:45:00,23.211027,72.652238,8842cc6115fffff,harassment,3,online,Sector 21 Market,under_investigation,synthetic,1.0
97afc6f8-d516-5b47-a605-cc133fa4572f,GNR/2026/00065,2026-03-24T16:18:00,23.183155,72.628094,8842cc6125fffff,pickpocketing,1,helpline,Infocity,chargesheeted,synthetic,1.0
9fc005a1-ee50-5877-beec-4bf227168cb0,GNR/2026/00066,2026-03-24T16:58:00,23.18332,72.627403,8842cc6125fffff,theft,2,helpline,Infocity,closed,synthetic,1.0
c5837d38-8755-5e23-8917-46f1ac1b8d43,GNR/2026/00067,2026-03-24T17:25:00,23.209618,72.635136,8842cc6101fffff,mobile_snatching,2,online,Sector 7 Secretariat,chargesheeted,synthetic,1.0
5f51e17f-4120-5eb8-8574-6d2cea7e6564,GNR/2026/00068,2026-03-24T17:38:00,23.215899,72.644978,8842cc611dfffff,theft,2,patrol,Sector 21 Market,closed,synthetic,1.0
b03f31c3-d56b-5864-838d-c5abac47d016,GNR/2026/00069,2026-03-24T18:26:00,23.233068,72.66299,8842cc6027fffff,pickpocketing,1,helpline,Akshardham (Sector 20),closed,synthetic,1.0
5181b677-8123-5ab1-aabd-9059d4bdae20,GNR/2026/00070,2026-03-25T01:57:00,23.234342,72.652499,8842cc6025fffff,assault,4,walk_in,Akshardham (Sector 20),chargesheeted,synthetic,1.0
97248c57-e751-56c7-bf71-43127958a47f,GNR/2026/00071,2026-03-25T03:07:00,23.186478,72.613063,8842cc6a5bfffff,vehicle_theft,3,helpline,Gandhinagar (other),under_investigation,synthetic,1.0
56301774-67f1-571b-b938-f05c2fac89fc,GNR/2026/00072,2026-03-25T13:34:00,23.201481,72.621019,8842cc6163fffff,burglary,3,online,Gandhinagar (other),chargesheeted,synthetic,1.0
49f50ea8-f677-59b4-a998-8d1592352afe,GNR/2026/00073,2026-03-25T13:47:00,23.232145,72.645769,8842cc6153fffff,burglary,3,walk_in,Sector 16 Commercial,closed,synthetic,1.0
94cf52b4-82c8-5647-8681-652bf6e6cae4,GNR/2026/00074,2026-03-25T14:49:00,23.188007,72.622469,8842cc612dfffff,assault,4,patrol,Infocity,closed,synthetic,1.0
98aaecc8-dd03-5242-83bb-d52c77e7c476,GNR/2026/00075,2026-03-25T18:29:00,23.159676,72.686615,8842cc6ab9fffff,mobile_snatching,2,patrol,GIFT City,closed,synthetic,1.0
9be761d9-d561-5e9a-844e-b196e2b759b4,GNR/2026/00076,2026-03-25T19:34:00,23.157074,72.68312,8842cc6abdfffff,chain_snatching,3,walk_in,GIFT City,closed,synthetic,1.0
683c77a4-8482-58c7-92b4-d826438f9428,GNR/2026/00077,2026-03-25T21:58:00,23.175108,72.684219,8842cc6a9dfffff,chain_snatching,3,walk_in,GIFT City,closed,synthetic,1.0
8b719b0d-0cf0-5e47-b581-8eff5604f300,GNR/2026/00078,2026-03-25T22:15:00,23.226598,72.666794,8842cc61cdfffff,assault,4,walk_in,Akshardham (Sector 20),closed,synthetic,1.0
1abcddba-da47-5536-98c2-24ce17cd0074,GNR/2026/00079,2026-03-26T14:18:00,23.187901,72.620465,8842cc612dfffff,assault,4,patrol,Infocity,closed,synthetic,1.0
da9cf9c8-c8a0-50e9-8679-58e6072ace9f,GNR/2026/00080,2026-03-26T20:56:00,23.229992,72.635824,8842cc6151fffff,pickpocketing,1,patrol,Sector 16 Commercial,chargesheeted,synthetic,1.0
12252408-010d-5b19-a9eb-a911472c30f0,GNR/2026/00081,2026-03-26T21:32:00,23.232503,72.660895,8842cc6027fffff,harassment,3,walk_in,Akshardham (Sector 20),chargesheeted,synthetic,1.0
93fe5ecc-19dd-5956-97e1-1d6efc4a2041,GNR/2026/00082,2026-03-26T22:21:00,23.167199,72.669987,8842cc6a81fffff,vandalism,2,walk_in,GIFT City,chargesheeted,synthetic,1.0
6ff90ed2-d3a5-5df3-8faf-1dc16ef6ece3,GNR/2026/00083,2026-03-27T07:27:00,23.218405,72.637293,8842cc610bfffff,vehicle_theft,3,patrol,Sector 7 Secretariat,closed,synthetic,1.0
7dd780a1-f1bd-5021-a8c1-fd81b5eb7be0,GNR/2026/00084,2026-03-27T10:37:00,23.188394,72.623878,8842cc612dfffff,theft,2,online,Infocity,closed,synthetic,1.0
37b9fd7d-114d-55ad-a7a1-818ba16e9109,GNR/2026/00085,2026-03-27T11:54:00,23.229643,72.635407,8842cc6151fffff,pickpocketing,1,online,Sector 16 Commercial,closed,synthetic,1.0
835e0ac7-dd15-5e42-92c9-5cb3a1ec135f,GNR/2026/00086,2026-03-27T11:57:00,23.211733,72.641497,8842cc6103fffff,chain_snatching,3,patrol,Sector 7 Secretariat,chargesheeted,synthetic,1.0
d53cd37d-e600-5450-9c46-ff942a22cfbd,GNR/2026/00087,2026-03-27T17:10:00,23.188194,72.632219,8842cc6121fffff,chain_snatching,3,patrol,Infocity,chargesheeted,synthetic,1.0
6f25d2f7-de17-5cdc-a231-9562ec1439e2,GNR/2026/00088,2026-03-27T19:04:00,23.225855,72.657593,8842cc611bfffff,theft,2,helpline,Sector 21 Market,closed,synthetic,1.0
806cf0dc-33cf-5e7d-a185-640364bda28a,GNR/2026/00089,2026-03-27T19:19:00,23.209353,72.623986,8842cc610dfffff,mobile_snatching,2,online,Sector 7 Secretariat,closed,synthetic,1.0
79803c9b-0158-5deb-9bac-85e02900ba32,GNR/2026/00090,2026-03-27T22:32:00,23.225454,72.630034,8842cc6155fffff,harassment,3,patrol,Sector 16 Commercial,chargesheeted,synthetic,1.0
d7044ffc-9008-5d10-94b1-e52d815f6790,GNR/2026/00091,2026-03-28T00:20:00,23.211351,72.641205,8842cc6103fffff,vandalism,2,patrol,Sector 7 Secretariat,closed,synthetic,1.0
a0a37beb-683f-5839-a5a8-211ddb51b423,GNR/2026/00092,2026-03-28T01:57:00,23.244809,72.65044,8842cc6029fffff,vehicle_theft,3,walk_in,Akshardham (Sector 20),chargesheeted,synthetic,1.0
ad6deee0-36b5-5447-bdae-916623a1b77b,GNR/2026/00093,2026-03-28T02:27:00,23.148055,72.677194,8842cc6aa3fffff,assault,4,helpline,Gandhinagar (other),closed,synthetic,1.0
abeac2b4-3904-5236-94df-37373f0674cf,GNR/2026/00094,2026-03-28T06:05:00,23.214514,72.635987,8842cc610bfffff,theft,2,walk_in,Sector 7 Secretariat,chargesheeted,synthetic,1.0
670edcb3-53a7-5805-a0cc-e6f0e8c2679a,GNR/2026/00095,2026-03-28T06:56:00,23.22765,72.669367,8842cc61cdfffff,vehicle_theft,3,helpline,Akshardham (Sector 20),chargesheeted,synthetic,1.0
d38962fe-1d16-5bde-a911-e8566bc897ba,GNR/2026/00096,2026-03-28T13:08:00,23.166778,72.619291,8842cc6a1dfffff,theft,2,patrol,Sargasan Crossroads,closed,synthetic,1.0
02f0e47e-9ae9-5fdf-a0dc-37878fb24b78,GNR/2026/00097,2026-03-28T14:03:00,23.209101,72.624682,8842cc610dfffff,pickpocketing,1,walk_in,Sector 7 Secretariat,closed,synthetic,1.0
26e995e1-3a1c-5bed-a18a-ec6e4d804c02,GNR/2026/00098,2026-03-28T15:00:00,23.157496,72.684572,8842cc6abdfffff,pickpocketing,1,helpline,GIFT City,chargesheeted,synthetic,1.0
f31f1d81-23d7-55d8-be10-d6089a750bc1,GNR/2026/00099,2026-03-28T16:33:00,23.227796,72.658122,8842cc611bfffff,theft,2,patrol,Akshardham (Sector 20),closed,synthetic,1.0
48d8bf86-234d-5cca-9953-91ad96da891a,GNR/2026/00100,2026-03-28T17:11:00,23.217886,72.646282,8842cc611dfffff,harassment,3,online,Sector 21 Market,closed,synthetic,1.0
f99dec57-a950-56f3-9bb1-af5164a5f0c3,GNR/2026/00101,2026-03-28T17:46:00,23.232832,72.660763,8842cc6027fffff,chain_snatching,3,patrol,Akshardham (Sector 20),chargesheeted,synthetic,1.0
3314a166-05b4-5886-b57b-73be4436e22d,GNR/2026/00102,2026-03-28T19:37:00,23.225621,72.630218,8842cc6155fffff,theft,2,patrol,Sector 16 Commercial,closed,synthetic,1.0
589e927e-6310-590f-ae7f-1c2b24186caf,GNR/2026/00103,2026-03-28T20:12:00,23.223838,72.642755,8842cc6157fffff,harassment,3,patrol,Sector 16 Commercial,closed,synthetic,1.0
de20fcb8-28c2-5c35-ac22-7bea3aeafc72,GNR/2026/00104,2026-03-28T21:16:00,23.189193,72.623458,8842cc612dfffff,robbery,4,patrol,Infocity,chargesheeted,synthetic,1.0
f293f415-c094-5b46-bbcd-1ace4bec1f7a,GNR/2026/00105,2026-03-28T23:10:00,23.169769,72.639667,8842cc6a13fffff,mobile_snatching,2,helpline,Sargasan Crossroads,closed,synthetic,1.0
9b283c93-901d-5e52-88ee-1f52fd17ec13,GNR/2026/00106,2026-03-29T02:57:00,23.187436,72.630559,8842cc6121fffff,burglary,3,helpline,Infocity,chargesheeted,synthetic,1.0
832297ea-0998-5b81-85b1-4bcb5642a562,GNR/2026/00107,2026-03-29T09:01:00,23.175369,72.624041,8842cc6a19fffff,vehicle_theft,3,walk_in,Sargasan Crossroads,chargesheeted,synthetic,1.0
ada19845-bf89-515d-a520-16a1afeaba51,GNR/2026/00108,2026-03-29T12:52:00,23.191174,72.632588,8842cc6121fffff,burglary,3,walk_in,Kudasan,closed,synthetic,1.0
b79e07b0-08fe-5226-b4c4-d87bb9a1a826,GNR/2026/00109,2026-03-29T13:21:00,23.234238,72.668682,8842cc61c9fffff,theft,2,walk_in,Akshardham (Sector 20),closed,synthetic,1.0
443d1be1-4c64-5616-8a8c-54cb9b937793,GNR/2026/00110,2026-03-29T14:30:00,23.230118,72.643415,8842cc6153fffff,theft,2,online,Sector 16 Commercial,chargesheeted,synthetic,1.0
a692e444-cb42-5e30-a017-e3a9bead316e,GNR/2026/00111,2026-03-29T15:18:00,23.175396,72.635708,8842cc6a1bfffff,theft,2,helpline,Sargasan Crossroads,chargesheeted,synthetic,1.0
4d894486-f90f-5c10-a84e-7dc48863122f,GNR/2026/00112,2026-03-29T16:20:00,23.186292,72.646003,8842cc6ac9fffff,theft,2,patrol,Kudasan,chargesheeted,synthetic,1.0
381d7bd0-ddb1-5abd-a94a-48409a729464,GNR/2026/00113,2026-03-29T20:08:00,23.182562,72.629625,8842cc6125fffff,chain_snatching,3,online,Infocity,chargesheeted,synthetic,1.0
b2703ec3-5f59-5a38-8e4d-95884c1e54a4,GNR/2026/00114,2026-03-29T20:24:00,23.19581,72.635368,8842cc612bfffff,burglary,3,walk_in,Kudasan,closed,synthetic,1.0
0e5c387b-52c1-51d7-bfe5-78fee4bb9857,GNR/2026/00115,2026-03-29T23:39:00,23.154339,72.681793,8842cc6abdfffff,harassment,3,patrol,GIFT City,closed,synthetic,1.0
71eaf0b7-38d4-5953-8dba-f0e86e729c8a,GNR/2026/00116,2026-03-29T23:42:00,23.231485,72.652473,8842cc6025fffff,theft,2,walk_in,Akshardham (Sector 20),closed,synthetic,1.0
0d748428-0259-502c-961b-a22e8de76fab,GNR/2026/00117,2026-03-30T00:15:00,23.232218,72.636058,8842cc6151fffff,theft,2,online,Sector 16 Commercial,closed,synthetic,1.0
1c771977-1e34-5266-876f-aba14c6a5e46,GNR/2026/00118,2026-03-30T01:17:00,23.213121,72.668482,8842cc61e9fffff,chain_snatching,3,patrol,Gandhinagar (other),closed,synthetic,1.0
479cc4d9-1ddd-5489-b9b2-f7293c2871f9,GNR/2026/00119,2026-03-30T02:14:00,23.183136,72.635712,8842cc6127fffff,vandalism,2,patrol,Infocity,chargesheeted,synthetic,1.0
127c4ea8-cb3a-5fa4-9355-516a478cabbb,GNR/2026/00120,2026-03-30T06:52:00,23.216937,72.646081,8842cc611dfffff,vehicle_theft,3,patrol,Sector 21 Market,closed,synthetic,1.0
3843cda7-a058-5064-a476-e287b41aa6a0,GNR/2026/00121,2026-03-30T10:06:00,23.175244,72.625899,8842cc6a19fffff,burglary,3,patrol,Sargasan Crossroads,closed,synthetic,1.0
cf4c099e-c2f7-554b-9394-8004e7fb0e37,GNR/2026/00122,2026-03-30T13:02:00,23.22489,72.639859,8842cc6157fffff,robbery,4,online,Sector 16 Commercial,chargesheeted,synthetic,1.0
b6fcd6d3-85b4-51c4-8e2d-5c51f5e69e23,GNR/2026/00123,2026-03-30T13:15:00,23.219431,72.655333,8842cc6111fffff,theft,2,walk_in,Sector 21 Market,closed,synthetic,1.0
736805a5-6a39-5e00-8fb6-96bb1c75f246,GNR/2026/00124,2026-03-30T14:08:00,23.182138,72.619853,8842cc6a53fffff,pickpocketing,1,helpline,Infocity,closed,synthetic,1.0
6a8e329a-9260-5c35-8b6a-41f5ddd1d895,GNR/2026/00125,2026-03-30T15:19:00,23.219207,72.645142,8842cc611dfffff,burglary,3,patrol,Sector 21 Market,chargesheeted,synthetic,1.0
c1497b29-3b97-55a7-9c65-4c02d5f4c5eb,GNR/2026/00126,2026-03-30T19:59:00,23.197311,72.618798,8842cc6167fffff,theft,2,walk_in,Infocity,chargesheeted,synthetic,1.0
0af14e39-9635-5de2-9310-e72cafd5fee3,GNR/2026/00127,2026-03-30T20:06:00,23.217601,72.653994,8842cc6111fffff,mobile_snatching,2,helpline,Sector 21 Market,closed,synthetic,1.0
fb28ead2-87a1-5bba-a1ec-c079c564f196,GNR/2026/00128,2026-03-30T20:31:00,23.236219,72.661635,8842cc6027fffff,pickpocketing,1,online,Akshardham (Sector 20),chargesheeted,synthetic,1.0
ed52a236-affb-5248-8f49-0badd91c2291,GNR/2026/00129,2026-03-30T20:31:00,23.210028,72.644629,8842cc6103fffff,harassment,3,online,Sector 21 Market,chargesheeted,synthetic,1.0
59cc1d91-bf32-5efa-818b-4d2f8d4fc1a3,GNR/2026/00130,2026-03-31T12:40:00,23.240145,72.656065,8842cc6021fffff,burglary,3,helpline,Akshardham (Sector 20),closed,synthetic,1.0
ee16b99c-24ba-5aa5-84e0-cba23f97beb2,GNR/2026/00131,2026-03-31T15:03:00,23.215314,72.653858,8842cc6111fffff,pickpocketing,1,online,Sector 21 Market,closed,synthetic,1.0
57aa3a75-7e6d-554c-937a-d285f7da6937,GNR/2026/00132,2026-03-31T15:05:00,23.21778,72.645654,8842cc611dfffff,burglary,3,patrol,Sector 21 Market,closed,synthetic,1.0
43fc3c63-51ea-57dc-8145-b150e47c0ba8,GNR/2026/00133,2026-03-31T15:18:00,23.198559,72.632999,8842cc612bfffff,burglary,3,online,Kudasan,chargesheeted,synthetic,1.0
8c77de0e-c9ef-5c57-9413-899528805ff7,GNR/2026/00134,2026-03-31T15:47:00,23.226833,72.650526,8842cc6119fffff,burglary,3,online,Sector 21 Market,under_investigation,synthetic,1.0
16dc8dd0-6a7a-5094-b68f-fb16448d5e1d,GNR/2026/00135,2026-03-31T16:56:00,23.219843,72.643351,8842cc611dfffff,chain_snatching,3,helpline,Sector 21 Market,under_investigation,synthetic,1.0
97b27771-8cde-5190-a555-b87d26db9e7d,GNR/2026/00136,2026-03-31T18:04:00,23.227174,72.665964,8842cc61cdfffff,theft,2,online,Akshardham (Sector 20),chargesheeted,synthetic,1.0
df32d38f-a4f5-5710-a70c-b802e0f1346a,GNR/2026/00137,2026-03-31T20:42:00,23.205442,72.66661,8842cc61edfffff,robbery,4,patrol,Gandhinagar (other),under_investigation,synthetic,1.0
c19b4890-9498-5590-a74e-30f11095f1a0,GNR/2026/00138,2026-03-31T20:53:00,23.187257,72.620176,8842cc612dfffff,chain_snatching,3,patrol,Infocity,closed,synthetic,1.0
ef9c3a08-fb26-54bd-9972-4e7ee11b8a8a,GNR/2026/00139,2026-03-31T21:15:00,23.191119,72.639462,8842cc6123fffff,theft,2,helpline,Kudasan,chargesheeted,synthetic,1.0
46de9e85-fbbb-58b9-8df7-68f8056d08ef,GNR/2026/00140,2026-04-01T09:29:00,23.18252,72.635981,8842cc6127fffff,burglary,3,walk_in,Infocity,chargesheeted,synthetic,1.0
ee865d65-ef08-59f5-8e54-56ce7738f623,GNR/2026/00141,2026-04-01T12:33:00,23.168681,72.627698,8842cc6a11fffff,burglary,3,helpline,Sargasan Crossroads,chargesheeted,synthetic,1.0
6718beeb-f87b-5db2-9b1b-47a1b17177e9,GNR/2026/00142,2026-04-01T13:08:00,23.154952,72.690356,8842cc6ab1fffff,burglary,3,online,GIFT City,closed,synthetic,1.0
fa1ac7a7-8c3e-593e-9174-70987e790b40,GNR/2026/00143,2026-04-01T15:23:00,23.167759,72.630317,8842cc6a11fffff,pickpocketing,1,online,Sargasan Crossroads,under_investigation,synthetic,1.0
e463aac8-6389-5e89-95ec-811debbdd4ec,GNR/2026/00144,2026-04-01T16:26:00,23.188045,72.622317,8842cc612dfffff,burglary,3,walk_in,Infocity,under_investigation,synthetic,1.0
41c12d4f-3487-586f-977f-6cf24472cdce,GNR/2026/00145,2026-04-01T22:25:00,23.183192,72.629378,8842cc6125fffff,assault,4,online,Infocity,closed,synthetic,1.0
f432ff57-e911-5ed2-9a62-fb8a689484f6,GNR/2026/00146,2026-04-02T00:55:00,23.2197,72.663868,8842cc6113fffff,vehicle_theft,3,walk_in,Sector 21 Market,closed,synthetic,1.0
40f307f0-5e7b-5dcf-b026-1691378cec1a,GNR/2026/00147,2026-04-02T02:59:00,23.23858,72.657785,8842cc6021fffff,vehicle_theft,3,helpline,Akshardham (Sector 20),closed,synthetic,1.0
e5c36a4e-1d12-5fb8-8cd3-8a28c3f3322b,GNR/2026/00148,2026-04-02T03:16:00,23.223084,72.649685,8842cc6119fffff,assault,4,walk_in,Sector 21 Market,chargesheeted,synthetic,1.0
0540c2ce-cd30-5dd5-aa80-a5f02e38549d,GNR/2026/00149,2026-04-02T07:52:00,23.197684,72.633963,8842cc612bfffff,burglary,3,walk_in,Kudasan,closed,synthetic,1.0
b1f665be-098c-516e-8991-44e38fd62b43,GNR/2026/00150,2026-04-02T09:39:00,23.219456,72.645834,8842cc611dfffff,vandalism,2,walk_in,Sector 21 Market,under_investigation,synthetic,1.0
facbde40-1eda-5e7f-a8c8-f62bc19a0683,GNR/2026/00151,2026-04-02T11:48:00,23.195159,72.623945,8842cc6129fffff,burglary,3,walk_in,Infocity,closed,synthetic,1.0
6649a9a8-7323-5e77-b4ed-48af64d3415d,GNR/2026/00152,2026-04-02T13:55:00,23.205009,72.666303,8842cc61edfffff,robbery,4,helpline,Gandhinagar (other),closed,synthetic,1.0
1f817956-4ad1-5167-86aa-3446b2a5e742,GNR/2026/00153,2026-04-02T17:05:00,23.188701,72.622431,8842cc612dfffff,burglary,3,helpline,Infocity,chargesheeted,synthetic,1.0
7dbed4b3-4f0f-5529-9545-8dfcbe56c25b,GNR/2026/00154,2026-04-02T17:10:00,23.211013,72.642491,8842cc6103fffff,pickpocketing,1,walk_in,Sector 7 Secretariat,under_investigation,synthetic,1.0
d1b6b390-bdd6-5ae8-897b-70c25c3b44fe,GNR/2026/00155,2026-04-02T17:26:00,23.196245,72.636805,8842cc612bfffff,mobile_snatching,2,walk_in,Kudasan,closed,synthetic,1.0
b94b2539-12fb-59f6-a055-00a2ec521276,GNR/2026/00156,2026-04-02T18:08:00,23.16103,72.677639,8842cc6a87fffff,mobile_snatching,2,helpline,GIFT City,chargesheeted,synthetic,1.0
4f4a0d16-3beb-5ed2-885d-365633326cf6,GNR/2026/00157,2026-04-02T18:48:00,23.228545,72.634118,8842cc6151fffff,mobile_snatching,2,online,Sector 16 Commercial,chargesheeted,synthetic,1.0
5dc016cd-d434-5a3a-b5b2-2a6551b53932,GNR/2026/00158,2026-04-02T19:42:00,23.188406,72.625282,8842cc612dfffff,vehicle_theft,3,helpline,Infocity,closed,synthetic,1.0
400da7a2-6d8c-534d-b111-d2ecf53efc4b,GNR/2026/00159,2026-04-02T20:03:00,23.216073,72.637136,8842cc610bfffff,robbery,4,walk_in,Sector 7 Secretariat,closed,synthetic,1.0
7eb72875-8361-5f52-9a60-47dcf8c2f7cc,GNR/2026/00160,2026-04-02T20:04:00,23.163843,72.685718,8842cc6ab9fffff,theft,2,patrol,GIFT City,closed,synthetic,1.0
3f3d8b67-e88f-5978-bd13-57a0e41f2a41,GNR/2026/00161,2026-04-02T22:03:00,23.214476,72.659409,8842cc6117fffff,vandalism,2,helpline,Sector 21 Market,closed,synthetic,1.0
49c5388f-a7a1-52c6-b9f5-0d55eba2e1d7,GNR/2026/00162,2026-04-02T23:32:00,23.164166,72.635348,8842cc6a17fffff,robbery,4,helpline,Sargasan Crossroads,closed,synthetic,1.0
b532c511-f86d-585e-8a16-c674aba7fedb,GNR/2026/00163,2026-04-03T00:12:00,23.209661,72.624671,8842cc610dfffff,mobile_snatching,2,online,Sector 7 Secretariat,closed,synthetic,1.0
78ed18c1-e53f-5cbe-bed8-4c6a13c27437,GNR/2026/00164,2026-04-03T11:28:00,23.228568,72.667899,8842cc61cdfffff,harassment,3,helpline,Akshardham (Sector 20),chargesheeted,synthetic,1.0
078f1760-e193-5ece-8ad3-28a1443b9abe,GNR/2026/00165,2026-04-03T12:59:00,23.196417,72.645693,8842cc613dfffff,theft,2,helpline,Kudasan,chargesheeted,synthetic,1.0
1077c1c7-9a3b-586e-9d4a-065d835d367e,GNR/2026/00166,2026-04-03T13:16:00,23.21911,72.644058,8842cc611dfffff,theft,2,helpline,Sector 21 Market,closed,synthetic,1.0
861a094d-9a95-5c0b-a20f-ed8bbac8ccb6,GNR/2026/00167,2026-04-03T13:56:00,23.17528,72.634688,8842cc6a1bfffff,burglary,3,walk_in,Sargasan Crossroads,chargesheeted,synthetic,1.0
3918435b-5c24-57a9-99fa-8a267e721f7d,GNR/2026/00168,2026-04-03T14:23:00,23.176606,72.63415,8842cc6a1bfffff,pickpocketing,1,helpline,Sargasan Crossroads,closed,synthetic,1.0
4a1e4771-e5bf-5a88-96cf-4343d531781f,GNR/2026/00169,2026-04-03T15:44:00,23.239587,72.655923,8842cc6021fffff,assault,4,online,Akshardham (Sector 20),chargesheeted,synthetic,1.0
b1df22b4-47a2-5322-8370-e3e7fcee0cd4,GNR/2026/00170,2026-04-03T15:48:00,23.206316,72.640324,8842cc6107fffff,burglary,3,walk_in,Sector 7 Secretariat,chargesheeted,synthetic,1.0
64e74c36-d5f7-5401-8e06-81a564fe6e1d,GNR/2026/00171,2026-04-03T15:53:00,23.212893,72.671401,8842cc61e9fffff,robbery,4,online,Gandhinagar (other),chargesheeted,synthetic,1.0
c8604d15-e671-5873-b30f-04e132669d61,GNR/2026/00172,2026-04-03T16:03:00,23.175954,72.687117,8842cc6a9dfffff,theft,2,online,GIFT City,chargesheeted,synthetic,1.0
509d4ae7-c084-5642-a9f2-0ca067598ef0,GNR/2026/00173,2026-04-03T18:00:00,23.246936,72.647972,8842cc6029fffff,harassment,3,online,Gandhinagar (other),under_investigation,synthetic,1.0
7bfe3954-ddab-57ca-9fc1-c1c9a63b9ee6,GNR/2026/00174,2026-04-03T19:07:00,23.167484,72.67018,8842cc6a81fffff,vehicle_theft,3,helpline,GIFT City,closed,synthetic,1.0
11f50f39-2f42-5a51-a540-4c72af6ae20a,GNR/2026/00175,2026-04-03T19:14:00,23.226398,72.659564,8842cc611bfffff,robbery,4,patrol,Sector 21 Market,chargesheeted,synthetic,1.0
97f07f75-3ad3-5f58-a4f9-055c002f9b8f,GNR/2026/00176,2026-04-03T20:57:00,23.162333,72.688535,8842cc6ab9fffff,mobile_snatching,2,online,GIFT City,under_investigation,synthetic,1.0
b179f204-42f0-5d56-a564-8acd307b935a,GNR/2026/00177,2026-04-03T20:58:00,23.176035,72.632761,8842cc6a1bfffff,assault,4,walk_in,Sargasan Crossroads,chargesheeted,synthetic,1.0
2004f687-5195-5eed-9299-e4618aac35a8,GNR/2026/00178,2026-04-03T23:05:00,23.175905,72.633892,8842cc6a1bfffff,chain_snatching,3,helpline,Sargasan Crossroads,under_investigation,synthetic,1.0
fe9b5330-a498-5f22-a5db-39d9e2d34f2c,GNR/2026/00179,2026-04-03T23:46:00,23.233352,72.653009,8842cc6025fffff,vehicle_theft,3,walk_in,Akshardham (Sector 20),chargesheeted,synthetic,1.0
133f1232-434f-5e04-9841-236a8e1e340d,GNR/2026/00180,2026-04-04T01:01:00,23.240711,72.657563,8842cc6021fffff,vandalism,2,helpline,Akshardham (Sector 20),closed,synthetic,1.0
7bf62782-56ce-5435-89ad-6f161af0c521,GNR/2026/00181,2026-04-04T01:23:00,23.195952,72.63646,8842cc612bfffff,harassment,3,walk_in,Kudasan,closed,synthetic,1.0
08abb346-34ca-5337-a2cd-77ce1c84c1a7,GNR/2026/00182,2026-04-04T02:07:00,23.225989,72.649145,8842cc6119fffff,chain_snatching,3,online,Sector 21 Market,chargesheeted,synthetic,1.0
7030562c-a9d6-527e-8735-8977918d4d86,GNR/2026/00183,2026-04-04T02:46:00,23.163641,72.63246,8842cc6a17fffff,mobile_snatching,2,patrol,Sargasan Crossroads,closed,synthetic,1.0
c7968beb-73ea-5d3f-a7c6-cfe7899818f7,GNR/2026/00184,2026-04-04T09:56:00,23.182035,72.61978,8842cc6a53fffff,burglary,3,helpline,Infocity,chargesheeted,synthetic,1.0
6b99d7d4-199d-5e5e-9332-79725d79d05b,GNR/2026/00185,2026-04-04T11:34:00,23.218931,72.647636,8842cc611dfffff,burglary,3,walk_in,Sector 21 Market,under_investigation,synthetic,1.0
717e315a-d1a5-53be-ac70-8533f42b3baf,GNR/2026/00186,2026-04-04T11:51:00,23.189935,72.648425,8842cc6135fffff,theft,2,online,Kudasan,chargesheeted,synthetic,1.0
23c4185b-f385-52c0-bbe1-21546ae18698,GNR/2026/00187,2026-04-04T12:29:00,23.232605,72.653086,8842cc6025fffff,pickpocketing,1,patrol,Akshardham (Sector 20),under_investigation,synthetic,1.0
84ff4c72-be53-539a-994e-ef9b0cd8274f,GNR/2026/00188,2026-04-04T14:32:00,23.19597,72.625584,8842cc6129fffff,theft,2,walk_in,Infocity,under_investigation,synthetic,1.0
e2b559fd-f01b-56e5-94fe-f29212346ca5,GNR/2026/00189,2026-04-04T14:45:00,23.232719,72.662581,8842cc6027fffff,burglary,3,online,Akshardham (Sector 20),under_investigation,synthetic,1.0
e3680985-1b7b-529e-9fba-5e31e359ca93,GNR/2026/00190,2026-04-04T15:35:00,23.198841,72.635932,8842cc612bfffff,burglary,3,walk_in,Kudasan,chargesheeted,synthetic,1.0
8fdc001d-780b-510c-af7e-a5becc68e46b,GNR/2026/00191,2026-04-04T15:57:00,23.183112,72.637523,8842cc6127fffff,theft,2,walk_in,Kudasan,chargesheeted,synthetic,1.0
5be97d54-e187-551b-b0f5-42c432129e09,GNR/2026/00192,2026-04-05T00:36:00,23.211516,72.634783,8842cc6101fffff,pickpocketing,1,walk_in,Sector 7 Secretariat,chargesheeted,synthetic,1.0
ce1b3cac-f345-5e34-876b-82997932be2b,GNR/2026/00193,2026-04-05T12:48:00,23.19098,72.630172,8842cc6121fffff,theft,2,helpline,Infocity,closed,synthetic,1.0
73884a78-01f5-581e-9fe6-5b14b7d9c713,GNR/2026/00194,2026-04-05T15:30:00,23.169397,72.640892,8842cc6a13fffff,burglary,3,helpline,Sargasan Crossroads,chargesheeted,synthetic,1.0
d0648315-19b1-5fc4-839c-b379c291f509,GNR/2026/00195,2026-04-05T15:55:00,23.153697,72.633569,8842cc6a3bfffff,chain_snatching,3,patrol,Gandhinagar (other),closed,synthetic,1.0
201f8e87-e7ec-56ea-a308-4fad5993f670,GNR/2026/00196,2026-04-05T16:04:00,23.161137,72.62757,8842cc6a15fffff,pickpocketing,1,walk_in,Sargasan Crossroads,closed,synthetic,1.0
80fad262-b45c-5786-a5dc-b86b68a85b66,GNR/2026/00197,2026-04-05T16:24:00,23.180775,72.610785,8842cc6a51fffff,pickpocketing,1,online,Gandhinagar (other),chargesheeted,synthetic,1.0
17f80468-4c65-5874-9600-ada83af52712,GNR/2026/00198,2026-04-05T20:18:00,23.170536,72.639962,8842cc6a13fffff,pickpocketing,1,patrol,Sargasan Crossroads,under_investigation,synthetic,1.0
e6b9d15e-6fe4-5bd6-88fb-f7211cd15cd4,GNR/2026/00199,2026-04-05T20:35:00,23.224397,72.648656,8842cc6119fffff,chain_snatching,3,patrol,Sector 21 Market,under_investigation,synthetic,1.0
9707501d-c9b6-547d-bd4e-4e2e8ef860cb,GNR/2026/00200,2026-04-05T23:35:00,23.178638,72.633015,8842cc6a1bfffff,chain_snatching,3,online,Sargasan Crossroads,closed,synthetic,1.0
09769a55-0458-5a65-a973-7954b342fb7f,GNR/2026/00201,2026-04-06T01:01:00,23.154633,72.683601,8842cc6abdfffff,assault,4,patrol,GIFT City,closed,synthetic,1.0
77f38e57-db65-5465-b92e-07ddb3e8950c,GNR/2026/00202,2026-04-06T01:07:00,23.248299,72.661444,8842cc602bfffff,vehicle_theft,3,helpline,Akshardham (Sector 20),chargesheeted,synthetic,1.0
a417f464-fcb2-5a31-8ed0-c59587927c87,GNR/2026/00203,2026-04-06T01:30:00,23.246096,72.660826,8842cc602bfffff,assault,4,walk_in,Akshardham (Sector 20),closed,synthetic,1.0
2a185ac9-2f26-5dbc-beb5-9e7b28479baf,GNR/2026/00204,2026-04-06T01:42:00,23.216636,72.638394,8842cc610bfffff,mobile_snatching,2,helpline,Sector 7 Secretariat,under_investigation,synthetic,1.0
f7c822e9-eb0c-5a91-944b-21a0f130cb92,GNR/2026/00205,2026-04-06T02:54:00,23.235559,72.661536,8842cc6027fffff,vehicle_theft,3,online,Akshardham (Sector 20),closed,synthetic,1.0
60d73cd9-785c-5d5f-849a-033880be2f14,GNR/2026/00206,2026-04-06T05:42:00,23.168608,72.683219,8842cc6a83fffff,vehicle_theft,3,patrol,GIFT City,closed,synthetic,1.0
225f4985-4b4c-5a94-a4ec-a39f56c673ff,GNR/2026/00207,2026-04-06T10:01:00,23.211994,72.651852,8842cc6115fffff,burglary,3,online,Sector 21 Market,chargesheeted,synthetic,1.0
1504512c-fa57-50a3-bec7-923aa2e0025a,GNR/2026/00208,2026-04-06T10:25:00,23.184525,72.635434,8842cc6127fffff,theft,2,online,Infocity,closed,synthetic,1.0
ad7e7b05-81a9-51b3-a088-75d4406124d5,GNR/2026/00209,2026-04-06T12:52:00,23.160887,72.686979,8842cc6ab9fffff,pickpocketing,1,walk_in,GIFT City,chargesheeted,synthetic,1.0
88ba2b73-0010-545d-a4d3-e8744fc28af9,GNR/2026/00210,2026-04-06T15:07:00,23.183161,72.62707,8842cc6125fffff,burglary,3,patrol,Infocity,chargesheeted,synthetic,1.0
f7f5c43d-bd44-5499-8d8a-478e4939a09d,GNR/2026/00211,2026-04-06T19:06:00,23.214733,72.635789,8842cc610bfffff,theft,2,helpline,Sector 7 Secretariat,chargesheeted,synthetic,1.0
acc5f979-d671-5b50-a15c-4aaafeb0fcfe,GNR/2026/00212,2026-04-06T19:50:00,23.166948,72.6916,8842cc6a95fffff,chain_snatching,3,online,GIFT City,under_investigation,synthetic,1.0
7e2bb0a1-46a8-5b1d-8e6c-bdc36e5b48df,GNR/2026/00213,2026-04-06T21:30:00,23.22738,72.637066,8842cc6151fffff,pickpocketing,1,patrol,Sector 16 Commercial,closed,synthetic,1.0
4b6a1709-cf9d-5485-a9ee-b0f0776ce032,GNR/2026/00214,2026-04-06T21:31:00,23.23713,72.64813,8842cc602dfffff,pickpocketing,1,helpline,Sector 16 Commercial,closed,synthetic,1.0
cd7d76cb-4609-5915-9e55-fa5c23597975,GNR/2026/00215,2026-04-06T21:47:00,23.233225,72.652601,8842cc6025fffff,burglary,3,helpline,Akshardham (Sector 20),chargesheeted,synthetic,1.0
a2341b42-98e8-53bf-be0b-ed04a48540ee,GNR/2026/00216,2026-04-06T21:52:00,23.215187,72.627532,8842cc6109fffff,chain_snatching,3,patrol,Sector 7 Secretariat,under_investigation,synthetic,1.0
61cdc47b-2176-5b05-b76b-134d94b76a68,GNR/2026/00217,2026-04-06T23:59:00,23.219841,72.656402,8842cc6111fffff,mobile_snatching,2,helpline,Sector 21 Market,closed,synthetic,1.0
3a652895-a18a-5ef1-8954-d89220eb20a3,GNR/2026/00218,2026-04-07T10:20:00,23.248707,72.658175,8842cc602bfffff,burglary,3,walk_in,Akshardham (Sector 20),chargesheeted,synthetic,1.0
3aa79d4e-f4d5-5dd8-a28d-aec78364e554,GNR/2026/00219,2026-04-07T12:18:00,23.189544,72.624532,8842cc612dfffff,harassment,3,walk_in,Infocity,chargesheeted,synthetic,1.0
0252703d-e053-5717-b2da-078e80307af0,GNR/2026/00220,2026-04-07T14:35:00,23.234408,72.679003,8842cc61cbfffff,theft,2,online,Gandhinagar (other),chargesheeted,synthetic,1.0
1cb3ebde-8919-5981-9b84-f6ce18ed92fb,GNR/2026/00221,2026-04-07T14:51:00,23.216053,72.63631,8842cc610bfffff,chain_snatching,3,walk_in,Sector 7 Secretariat,under_investigation,synthetic,1.0
5de6a099-815c-52dc-a6e2-f7fa034a50c2,GNR/2026/00222,2026-04-07T15:32:00,23.17967,72.618415,8842cc6a53fffff,theft,2,patrol,Infocity,closed,synthetic,1.0
ecdc2c6a-8231-5855-985f-0a4f62578df8,GNR/2026/00223,2026-04-07T17:54:00,23.160214,72.667537,8842cc6a85fffff,theft,2,walk_in,Gandhinagar (other),chargesheeted,synthetic,1.0
e0d393d5-c557-5b47-b202-7e4b9ca866f7,GNR/2026/00224,2026-04-07T18:45:00,23.223455,72.641156,8842cc6157fffff,chain_snatching,3,patrol,Sector 16 Commercial,closed,synthetic,1.0
bb48f3d8-b00f-555c-89bd-c0270531b6a8,GNR/2026/00225,2026-04-07T19:13:00,23.22638,72.668588,8842cc61cdfffff,vehicle_theft,3,patrol,Gandhinagar (other),under_investigation,synthetic,1.0
6b513c13-8f8a-5ca2-9561-4d70a5129322,GNR/2026/00226,2026-04-07T20:27:00,23.181534,72.619083,8842cc6a53fffff,chain_snatching,3,online,Infocity,under_investigation,synthetic,1.0
6128ba29-156f-51be-a2d1-78de69ddec9d,GNR/2026/00227,2026-04-07T20:30:00,23.220569,72.664302,8842cc6113fffff,chain_snatching,3,patrol,Sector 21 Market,closed,synthetic,1.0
d6912dc3-a7fa-501e-a884-355844459a31,GNR/2026/00228,2026-04-07T22:25:00,23.217797,72.628142,8842cc6109fffff,assault,4,patrol,Sector 7 Secretariat,chargesheeted,synthetic,1.0
c615a2f3-bb3b-5ca0-b48d-c46051b6046f,GNR/2026/00229,2026-04-07T22:29:00,23.239596,72.656583,8842cc6021fffff,vehicle_theft,3,patrol,Akshardham (Sector 20),closed,synthetic,1.0
e2377799-908e-5ad9-8eee-78de358ca55c,GNR/2026/00230,2026-04-07T22:48:00,23.189675,72.633475,8842cc6121fffff,chain_snatching,3,online,Kudasan,under_investigation,synthetic,1.0
d387f401-288c-50b4-9573-449147f138c3,GNR/2026/00231,2026-04-08T14:53:00,23.231789,72.654662,8842cc6025fffff,pickpocketing,1,helpline,Akshardham (Sector 20),chargesheeted,synthetic,1.0
89833df8-a498-5295-a595-fb4c1b03dd80,GNR/2026/00232,2026-04-08T20:02:00,23.162118,72.636626,8842cc6a17fffff,pickpocketing,1,patrol,Sargasan Crossroads,closed,synthetic,1.0
fb21b350-959d-5a30-b4ac-4e281c166311,GNR/2026/00233,2026-04-09T01:50:00,23.163058,72.687592,8842cc6ab9fffff,assault,4,helpline,GIFT City,under_investigation,synthetic,1.0
219fd094-0dd5-5103-8cc2-add7650ee94e,GNR/2026/00234,2026-04-09T02:45:00,23.254783,72.664328,8842cc6007fffff,vehicle_theft,3,walk_in,Gandhinagar (other),chargesheeted,synthetic,1.0
29298202-0e50-5fd0-8fec-bf8749e940fe,GNR/2026/00235,2026-04-09T06:49:00,23.167051,72.671181,8842cc6a81fffff,mobile_snatching,2,online,GIFT City,chargesheeted,synthetic,1.0
c283fbd3-2023-5463-a51c-e8fe24c277e0,GNR/2026/00236,2026-04-09T11:56:00,23.209241,72.643088,8842cc6103fffff,burglary,3,online,Sector 7 Secretariat,chargesheeted,synthetic,1.0
c717524f-ea05-5c77-8fbb-18b5d17ae8f0,GNR/2026/00237,2026-04-09T12:16:00,23.239008,72.656995,8842cc6021fffff,theft,2,helpline,Akshardham (Sector 20),under_investigation,synthetic,1.0
37423dfd-5eb1-5948-b0cb-00f86ebc8437,GNR/2026/00238,2026-04-09T17:57:00,23.226707,72.647606,8842cc6119fffff,harassment,3,online,Sector 16 Commercial,closed,synthetic,1.0
cbc01fad-bedb-5846-b02d-32007649d203,GNR/2026/00239,2026-04-09T22:24:00,23.222902,72.641478,8842cc6157fffff,theft,2,walk_in,Sector 16 Commercial,under_investigation,synthetic,1.0
bdbe63fc-16e0-55aa-8901-3a3915a53693,GNR/2026/00240,2026-04-10T01:18:00,23.182737,72.638823,8842cc6127fffff,vandalism,2,helpline,Kudasan,chargesheeted,synthetic,1.0
b54641df-8f3d-5a79-9bfe-ca037eca3cb7,GNR/2026/00241,2026-04-10T03:05:00,23.182389,72.628816,8842cc6125fffff,vandalism,2,online,Infocity,chargesheeted,synthetic,1.0
fc5369da-e7c2-5d30-8154-d8abd99d3fa4,GNR/2026/00242,2026-04-10T03:59:00,23.239055,72.648288,8842cc602dfffff,assault,4,online,Akshardham (Sector 20),closed,synthetic,1.0
156ace5d-6092-5784-bddb-1888a5639ace,GNR/2026/00243,2026-04-10T04:02:00,23.239,72.64044,8842cc615bfffff,mobile_snatching,2,online,Sector 16 Commercial,closed,synthetic,1.0
7d3cfd09-9c77-571b-9382-90c86220e503,GNR/2026/00244,2026-04-10T05:16:00,23.155713,72.691818,8842cc6ab1fffff,burglary,3,walk_in,GIFT City,chargesheeted,synthetic,1.0
c4e259d5-57cc-5cee-a659-6148bc9945bb,GNR/2026/00245,2026-04-10T10:22:00,23.184608,72.63766,8842cc6127fffff,assault,4,online,Kudasan,closed,synthetic,1.0
0070ce59-8fea-5bb3-8641-e2ac60ffb955,GNR/2026/00246,2026-04-10T12:52:00,23.223159,72.630188,8842cc6155fffff,pickpocketing,1,walk_in,Sector 7 Secretariat,chargesheeted,synthetic,1.0
0f56b3d3-34a0-5c4d-8a6e-366c5e575aab,GNR/2026/00247,2026-04-10T13:08:00,23.232889,72.655152,8842cc6025fffff,burglary,3,helpline,Akshardham (Sector 20),under_investigation,synthetic,1.0
8458b913-a53a-557a-9071-18a835e89cfb,GNR/2026/00248,2026-04-10T14:51:00,23.222066,72.630729,8842cc6155fffff,pickpocketing,1,patrol,Sector 7 Secretariat,chargesheeted,synthetic,1.0
728748f9-c138-500f-bf48-7784b6017545,GNR/2026/00249,2026-04-10T18:31:00,23.187339,72.623605,8842cc612dfffff,pickpocketing,1,walk_in,Infocity,under_investigation,synthetic,1.0
b78a37bf-b78f-55c5-9380-d2b74fa1f36b,GNR/2026/00250,2026-04-10T19:32:00,23.214348,72.651704,8842cc6115fffff,harassment,3,patrol,Sector 21 Market,chargesheeted,synthetic,1.0
6bd21857-2e22-5973-adae-4e1e46765e4c,GNR/2026/00251,2026-04-10T19:51:00,23.240106,72.663047,8842cc6023fffff,theft,2,patrol,Akshardham (Sector 20),chargesheeted,synthetic,1.0
48b2f01d-b434-5e91-8052-749b6790d50d,GNR/2026/00252,2026-04-10T19:59:00,23.160174,72.677932,8842cc6a87fffff,mobile_snatching,2,patrol,GIFT City,chargesheeted,synthetic,1.0
ff4cccad-a522-5f36-9b04-ab50d4b0260a,GNR/2026/00253,2026-04-10T21:34:00,23.22045,72.652318,8842cc6111fffff,theft,2,walk_in,Sector 21 Market,chargesheeted,synthetic,1.0
6d6da124-c439-5ce2-b103-b7458ce2d18c,GNR/2026/00254,2026-04-10T23:48:00,23.162198,72.629078,8842cc6a15fffff,harassment,3,patrol,Sargasan Crossroads,chargesheeted,synthetic,1.0
87d18405-b67c-5805-841f-143dd66c1ab8,GNR/2026/00255,2026-04-11T00:26:00,23.218007,72.645159,8842cc611dfffff,assault,4,online,Sector 21 Market,chargesheeted,synthetic,1.0
6babbeb1-ae9f-52f9-9e8d-c761944efe90,GNR/2026/00256,2026-04-11T01:03:00,23.21934,72.656488,8842cc6111fffff,burglary,3,patrol,Sector 21 Market,closed,synthetic,1.0
24bc0e31-7719-549e-81a5-3c3b010c5a06,GNR/2026/00257,2026-04-11T01:39:00,23.23239,72.64463,8842cc6153fffff,theft,2,online,Sector 16 Commercial,chargesheeted,synthetic,1.0
5b3283b6-0f77-5141-9ebd-e397ae067e88,GNR/2026/00258,2026-04-11T08:28:00,23.202089,72.63888,8842cc6107fffff,theft,2,walk_in,Kudasan,chargesheeted,synthetic,1.0
1cef541c-9b0b-5df4-b66d-03c116c7db32,GNR/2026/00259,2026-04-11T10:11:00,23.195637,72.62534,8842cc6129fffff,robbery,4,online,Infocity,chargesheeted,synthetic,1.0
f10d7458-e4cb-507c-8436-d34c85aba8e9,GNR/2026/00260,2026-04-11T11:29:00,23.237403,72.638939,8842cc615bfffff,vandalism,2,online,Sector 16 Commercial,chargesheeted,synthetic,1.0
91343b98-b14d-54d8-958a-32d6dfe58aca,GNR/2026/00261,2026-04-12T02:27:00,23.191372,72.641933,8842cc6123fffff,pickpocketing,1,walk_in,Kudasan,closed,synthetic,1.0
b8457f5a-51f3-561a-a6a2-20c5742dead7,GNR/2026/00262,2026-04-12T12:37:00,23.225086,72.668837,8842cc61cdfffff,theft,2,helpline,Gandhinagar (other),closed,synthetic,1.0
abf28cce-4445-5596-96b8-97169c2efca3,GNR/2026/00263,2026-04-12T15:07:00,23.223559,72.649595,8842cc6119fffff,vandalism,2,patrol,Sector 21 Market,chargesheeted,synthetic,1.0
164afed8-ce64-522c-b719-40b4dbf71089,GNR/2026/00264,2026-04-12T21:47:00,23.218744,72.645382,8842cc611dfffff,burglary,3,online,Sector 21 Market,chargesheeted,synthetic,1.0
65489e6f-1dbb-5bf1-bbfc-25a518285992,GNR/2026/00265,2026-04-12T22:01:00,23.239502,72.666621,8842cc6023fffff,pickpocketing,1,patrol,Akshardham (Sector 20),closed,synthetic,1.0
fef165bd-14ad-57a0-94b4-ce2c16790de2,GNR/2026/00266,2026-04-12T22:35:00,23.217288,72.654807,8842cc6111fffff,pickpocketing,1,patrol,Sector 21 Market,closed,synthetic,1.0
cd900912-2f61-57b3-a5aa-3b1fbb7a87e9,GNR/2026/00267,2026-04-13T02:04:00,23.225824,72.64981,8842cc6119fffff,vehicle_theft,3,walk_in,Sector 21 Market,under_investigation,synthetic,1.0
ea343933-10a3-5052-a6c0-1a2685feef2e,GNR/2026/00268,2026-04-13T02:49:00,23.177657,72.633718,8842cc6a1bfffff,assault,4,patrol,Sargasan Crossroads,chargesheeted,synthetic,1.0
8802d79f-99f3-5911-968f-ae5361b97973,GNR/2026/00269,2026-04-13T02:51:00,23.224542,72.641099,8842cc6157fffff,vandalism,2,helpline,Sector 16 Commercial,chargesheeted,synthetic,1.0
980eeb17-09fd-5da3-b426-3e5f53a2a4c0,GNR/2026/00270,2026-04-13T05:08:00,23.179501,72.642385,8842cc6acdfffff,assault,4,patrol,Gandhinagar (other),closed,synthetic,1.0
21f3f45f-7459-504f-a323-f03d8b476db1,GNR/2026/00271,2026-04-13T06:42:00,23.187941,72.640833,8842cc6123fffff,vehicle_theft,3,walk_in,Kudasan,closed,synthetic,1.0
ae164887-003d-5729-91ee-321efd3938b1,GNR/2026/00272,2026-04-13T15:31:00,23.162543,72.676432,8842cc6a87fffff,burglary,3,online,GIFT City,chargesheeted,synthetic,1.0
48203062-277b-5569-9701-d7a292984793,GNR/2026/00273,2026-04-13T16:21:00,23.203237,72.645733,8842cc6139fffff,theft,2,online,Gandhinagar (other),closed,synthetic,1.0
563ccab1-343f-5512-a1ca-26c7dbf88d44,GNR/2026/00274,2026-04-13T16:49:00,23.218626,72.645087,8842cc611dfffff,burglary,3,patrol,Sector 21 Market,closed,synthetic,1.0
f5e34079-7b52-5766-abe5-4bac7f6db0a9,GNR/2026/00275,2026-04-13T17:23:00,23.15095,72.698187,8842cc6ab7fffff,burglary,3,online,Gandhinagar (other),chargesheeted,synthetic,1.0
4242cb86-6939-5e32-a83f-d3a16be5b2fd,GNR/2026/00276,2026-04-13T17:51:00,23.197514,72.633868,8842cc612bfffff,theft,2,online,Kudasan,closed,synthetic,1.0
38486372-d1ed-5e75-9d7f-a30d4f246681,GNR/2026/00277,2026-04-13T18:44:00,23.217026,72.628504,8842cc6109fffff,assault,4,online,Sector 7 Secretariat,chargesheeted,synthetic,1.0
79fab5df-5bef-50ce-9cf4-6082f41315fe,GNR/2026/00278,2026-04-13T19:28:00,23.217419,72.645859,8842cc611dfffff,harassment,3,patrol,Sector 21 Market,chargesheeted,synthetic,1.0
c441b678-4871-52e8-8ce8-902f7b8c2b35,GNR/2026/00279,2026-04-13T19:35:00,23.195759,72.627944,8842cc6129fffff,vehicle_theft,3,patrol,Infocity,chargesheeted,synthetic,1.0
f7df7acc-2ed4-528e-9afa-e0b2790e246e,GNR/2026/00280,2026-04-13T21:09:00,23.21106,72.642159,8842cc6103fffff,harassment,3,online,Sector 7 Secretariat,chargesheeted,synthetic,1.0
73f807d9-8f80-5a55-b64e-a5626418794b,GNR/2026/00281,2026-04-13T22:47:00,23.167053,72.679809,8842cc6a83fffff,mobile_snatching,2,walk_in,GIFT City,chargesheeted,synthetic,1.0
aa584716-2ebd-54a0-b03f-0d101675bf56,GNR/2026/00282,2026-04-14T02:15:00,23.211298,72.634554,8842cc6101fffff,chain_snatching,3,online,Sector 7 Secretariat,closed,synthetic,1.0
e65fcc3a-1d2f-5cd2-b0f0-adcc6e4db6aa,GNR/2026/00283,2026-04-14T10:29:00,23.235472,72.630625,8842cc6159fffff,pickpocketing,1,helpline,Sector 16 Commercial,chargesheeted,synthetic,1.0
c76f4f50-376e-549b-bfd1-7c067bf864c4,GNR/2026/00284,2026-04-14T11:22:00,23.188544,72.63161,8842cc6121fffff,pickpocketing,1,walk_in,Infocity,closed,synthetic,1.0
3493b054-2b5c-589f-917e-b49f8838c4cd,GNR/2026/00285,2026-04-14T13:01:00,23.195479,72.625519,8842cc6129fffff,chain_snatching,3,walk_in,Infocity,chargesheeted,synthetic,1.0
3c4db041-5550-5d1a-af3c-f17e664f34af,GNR/2026/00286,2026-04-14T15:01:00,23.181751,72.636969,8842cc6127fffff,pickpocketing,1,helpline,Infocity,chargesheeted,synthetic,1.0
fac5e598-fa8c-5f29-b2dd-d7caf058b74d,GNR/2026/00287,2026-04-14T18:08:00,23.169761,72.680664,8842cc6a83fffff,theft,2,online,GIFT City,chargesheeted,synthetic,1.0
ca5c8ce9-7592-5e97-a0f8-eace69eb2af3,GNR/2026/00288,2026-04-14T19:00:00,23.231376,72.643027,8842cc6153fffff,pickpocketing,1,online,Sector 16 Commercial,chargesheeted,synthetic,1.0
f2cdd511-e1d8-5dec-981a-befe241eca81,GNR/2026/00289,2026-04-14T19:10:00,23.158235,72.677461,8842cc6a87fffff,mobile_snatching,2,walk_in,GIFT City,closed,synthetic,1.0
ddfb2022-676e-5f6c-8ea7-b040ad89a53c,GNR/2026/00290,2026-04-14T20:11:00,23.241582,72.657249,8842cc6021fffff,burglary,3,online,Akshardham (Sector 20),closed,synthetic,1.0
ff6e6d86-8d14-53b3-a8c5-763322ca9fcb,GNR/2026/00291,2026-04-14T22:52:00,23.216926,72.628623,8842cc6109fffff,harassment,3,walk_in,Sector 7 Secretariat,chargesheeted,synthetic,1.0
365a077f-0082-5b91-972d-05f9243d882b,GNR/2026/00292,2026-04-14T23:42:00,23.213311,72.625149,8842cc6109fffff,robbery,4,walk_in,Sector 7 Secretariat,under_investigation,synthetic,1.0
59fd1655-413f-5f05-b323-93d59038fb08,GNR/2026/00293,2026-04-14T23:55:00,23.157408,72.61697,8842cc6a03fffff,chain_snatching,3,patrol,Gandhinagar (other),under_investigation,synthetic,1.0
e606565e-c126-5d84-a2ee-7a666a86825d,GNR/2026/00294,2026-04-15T00:19:00,23.239262,72.648157,8842cc602dfffff,robbery,4,helpline,Akshardham (Sector 20),under_investigation,synthetic,1.0
62db710a-1aa0-53c6-a71b-14cfca1fbf8c,GNR/2026/00295,2026-04-15T02:44:00,23.197942,72.634294,8842cc612bfffff,vehicle_theft,3,helpline,Kudasan,chargesheeted,synthetic,1.0
5e4e417e-e458-51e7-b188-93e852937f6d,GNR/2026/00296,2026-04-15T02:57:00,23.192874,72.626351,8842cc6129fffff,theft,2,walk_in,Infocity,closed,synthetic,1.0
3d3fdb4c-e33c-5c5c-8236-3017caeb699b,GNR/2026/00297,2026-04-15T03:42:00,23.188847,72.634995,8842cc6121fffff,vehicle_theft,3,walk_in,Kudasan,chargesheeted,synthetic,1.0
3c82ead5-99b4-5608-a092-baa65e758128,GNR/2026/00298,2026-04-15T04:54:00,23.176398,72.634731,8842cc6a1bfffff,theft,2,helpline,Sargasan Crossroads,chargesheeted,synthetic,1.0
6491ec61-e481-52e9-af7b-afd1bd04b015,GNR/2026/00299,2026-04-15T06:09:00,23.23999,72.64708,8842cc602dfffff,mobile_snatching,2,helpline,Akshardham (Sector 20),closed,synthetic,1.0
238572eb-9b8f-5171-8f5c-ebdb2e79c34d,GNR/2026/00300,2026-04-15T19:13:00,23.183567,72.63757,8842cc6127fffff,chain_snatching,3,helpline,Kudasan,closed,synthetic,1.0
8adaa984-060a-530b-8a01-9a072fe2622d,GNR/2026/00301,2026-04-15T19:31:00,23.230181,72.652672,8842cc6025fffff,assault,4,helpline,Sector 16 Commercial,under_investigation,synthetic,1.0
45f8dc0e-f4d9-56df-9b92-f891c59619e2,GNR/2026/00302,2026-04-15T20:45:00,23.167496,72.67317,8842cc6a81fffff,vehicle_theft,3,helpline,GIFT City,chargesheeted,synthetic,1.0
d1dab393-1a93-596f-b711-1436d26c9d4c,GNR/2026/00303,2026-04-16T00:23:00,23.167766,72.671977,8842cc6a81fffff,mobile_snatching,2,patrol,GIFT City,closed,synthetic,1.0
009f341e-dd22-5356-a0e8-b0b896468410,GNR/2026/00304,2026-04-16T00:52:00,23.245921,72.666586,8842cc603dfffff,vehicle_theft,3,patrol,Akshardham (Sector 20),closed,synthetic,1.0
6eda51bb-8fd8-51d6-b997-d85961c0bf67,GNR/2026/00305,2026-04-16T02:30:00,23.186477,72.622841,8842cc612dfffff,assault,4,helpline,Infocity,closed,synthetic,1.0
9812f2f2-0662-5011-bf79-e08b0d66b155,GNR/2026/00306,2026-04-16T05:10:00,23.163582,72.686375,8842cc6ab9fffff,assault,4,online,GIFT City,closed,synthetic,1.0
30261815-1c48-52d5-94a6-7f5157c5bc9d,GNR/2026/00307,2026-04-16T10:30:00,23.194994,72.626331,8842cc6129fffff,pickpocketing,1,patrol,Infocity,chargesheeted,synthetic,1.0
9edda750-5dfb-593d-b0f1-33f57c2df933,GNR/2026/00308,2026-04-16T11:49:00,23.181163,72.645492,8842cc6ac9fffff,vandalism,2,walk_in,Gandhinagar (other),chargesheeted,synthetic,1.0
2ce979eb-480b-5f76-bd22-059271ea82f5,GNR/2026/00309,2026-04-16T14:22:00,23.216734,72.645017,8842cc611dfffff,burglary,3,online,Sector 21 Market,closed,synthetic,1.0
7be97159-2002-5b1a-9fe5-863a1247354f,GNR/2026/00310,2026-04-16T15:35:00,23.238992,72.648129,8842cc602dfffff,mobile_snatching,2,online,Akshardham (Sector 20),closed,synthetic,1.0
d870abc0-e444-573b-bd88-1e3594054695,GNR/2026/00311,2026-04-16T16:07:00,23.248171,72.667699,8842cc603dfffff,burglary,3,patrol,Akshardham (Sector 20),chargesheeted,synthetic,1.0
a155c08a-6058-5721-b640-474d8122637b,GNR/2026/00312,2026-04-16T17:54:00,23.181916,72.628415,8842cc6125fffff,pickpocketing,1,online,Infocity,under_investigation,synthetic,1.0
b6b2328d-0ad8-5a13-89f3-9cb647f936f8,GNR/2026/00313,2026-04-16T18:07:00,23.201771,72.621601,8842cc6163fffff,vehicle_theft,3,helpline,Gandhinagar (other),closed,synthetic,1.0
e76b7752-086d-5475-8d6f-a6f1400f1726,GNR/2026/00314,2026-04-16T19:14:00,23.177925,72.644566,8842cc6acdfffff,robbery,4,walk_in,Gandhinagar (other),chargesheeted,synthetic,1.0
670e2b8b-8d86-5631-943c-551aa0f34ec7,GNR/2026/00315,2026-04-16T20:09:00,23.187511,72.622281,8842cc612dfffff,theft,2,online,Infocity,under_investigation,synthetic,1.0
e04d0b60-6de5-578c-85fa-63d3714a6a76,GNR/2026/00316,2026-04-16T21:24:00,23.216913,72.645996,8842cc611dfffff,vandalism,2,patrol,Sector 21 Market,closed,synthetic,1.0
8837938f-551c-5d81-9e40-32bf57c014e0,GNR/2026/00317,2026-04-16T21:53:00,23.210175,72.640988,8842cc6103fffff,vehicle_theft,3,online,Sector 7 Secretariat,chargesheeted,synthetic,1.0
14d4c26c-c030-515b-a4f7-1fe5086ab653,GNR/2026/00318,2026-04-16T21:57:00,23.218336,72.638303,8842cc610bfffff,mobile_snatching,2,walk_in,Sector 7 Secretariat,closed,synthetic,1.0
b506d3ee-7581-5d92-a73a-d5f589ec07fe,GNR/2026/00319,2026-04-17T00:33:00,23.165118,72.662262,8842cc6a8dfffff,vehicle_theft,3,helpline,Gandhinagar (other),closed,synthetic,1.0
74bc80d5-192c-5af3-9475-59ae197b70c3,GNR/2026/00320,2026-04-17T04:47:00,23.222839,72.637076,8842cc6157fffff,vehicle_theft,3,patrol,Sector 16 Commercial,under_investigation,synthetic,1.0
c0f57e7e-ae8d-51dc-b3d3-3a3d0e7822bf,GNR/2026/00321,2026-04-17T12:01:00,23.230065,72.634201,8842cc6151fffff,assault,4,walk_in,Sector 16 Commercial,closed,synthetic,1.0
5ee6ae55-cdea-562e-b5c2-1626011c9426,GNR/2026/00322,2026-04-17T16:19:00,23.187834,72.632279,8842cc6121fffff,mobile_snatching,2,helpline,Infocity,closed,synthetic,1.0
9f3df53f-bedf-5a02-8130-c15156323b83,GNR/2026/00323,2026-04-17T16:32:00,23.225467,72.640218,8842cc6157fffff,pickpocketing,1,online,Sector 16 Commercial,chargesheeted,synthetic,1.0
d69a7f4c-e97f-5fba-bcd9-aaefc8d62fcf,GNR/2026/00324,2026-04-17T19:46:00,23.193083,72.617044,8842cc6167fffff,chain_snatching,3,walk_in,Infocity,chargesheeted,synthetic,1.0
7f9dd79c-b353-53b0-95b3-be1d6d2136aa,GNR/2026/00325,2026-04-17T20:58:00,23.162987,72.687167,8842cc6ab9fffff,mobile_snatching,2,walk_in,GIFT City,closed,synthetic,1.0
f2c93663-e1e6-5301-b157-deda752ba51d,GNR/2026/00326,2026-04-17T22:01:00,23.233619,72.663473,8842cc6027fffff,mobile_snatching,2,helpline,Akshardham (Sector 20),chargesheeted,synthetic,1.0
f5173dd1-3ed6-5407-a89e-1a4160dc11af,GNR/2026/00327,2026-04-17T22:08:00,23.238114,72.637049,8842cc615bfffff,mobile_snatching,2,online,Sector 16 Commercial,closed,synthetic,1.0
05b4f2a6-c1a2-549f-a6b5-c8960cfff8f5,GNR/2026/00328,2026-04-18T10:02:00,23.19028,72.643213,8842cc6123fffff,pickpocketing,1,online,Kudasan,closed,synthetic,1.0
afa6a82f-9819-5a10-94ec-cf44f0448d57,GNR/2026/00329,2026-04-18T13:19:00,23.207896,72.633696,8842cc6101fffff,burglary,3,helpline,Sector 7 Secretariat,closed,synthetic,1.0
d4c575ee-1b07-5cc9-aae5-30ac2f890c9f,GNR/2026/00330,2026-04-18T16:16:00,23.240106,72.667157,8842cc6023fffff,robbery,4,helpline,Akshardham (Sector 20),chargesheeted,synthetic,1.0
5e85e3ab-e3eb-5533-81e6-6621b0945af6,GNR/2026/00331,2026-04-18T16:33:00,23.225751,72.652286,8842cc6119fffff,robbery,4,patrol,Sector 21 Market,closed,synthetic,1.0
0457ca71-2094-5530-ac4c-67f7697716b2,GNR/2026/00332,2026-04-18T17:32:00,23.230482,72.636006,8842cc6151fffff,theft,2,walk_in,Sector 16 Commercial,chargesheeted,synthetic,1.0
55cc2375-f0ed-5c8e-ac5a-d6e04a840636,GNR/2026/00333,2026-04-18T17:42:00,23.219315,72.646673,8842cc611dfffff,burglary,3,walk_in,Sector 21 Market,chargesheeted,synthetic,1.0
668e3bc8-be10-544f-90c7-6a90df95fdae,GNR/2026/00334,2026-04-18T22:56:00,23.226773,72.641761,8842cc6157fffff,vehicle_theft,3,online,Sector 16 Commercial,chargesheeted,synthetic,1.0
e49716a4-5102-5154-80a5-1019f0ee63a3,GNR/2026/00335,2026-04-19T00:18:00,23.20819,72.630419,8842cc6101fffff,assault,4,walk_in,Sector 7 Secretariat,chargesheeted,synthetic,1.0
6d68a647-4fb4-5031-b645-fef17f3d32c8,GNR/2026/00336,2026-04-19T04:24:00,23.224943,72.638235,8842cc6157fffff,pickpocketing,1,helpline,Sector 16 Commercial,chargesheeted,synthetic,1.0
ed03bf07-fdeb-586b-8329-e35c6d3e94ea,GNR/2026/00337,2026-04-19T10:33:00,23.23281,72.653414,8842cc6025fffff,chain_snatching,3,walk_in,Akshardham (Sector 20),chargesheeted,synthetic,1.0
d4e81589-5b53-5a3d-a1d7-7dfa724e9653,GNR/2026/00338,2026-04-19T11:59:00,23.226043,72.658127,8842cc611bfffff,theft,2,online,Sector 21 Market,under_investigation,synthetic,1.0
c7f80bf6-2c42-5e9a-96d3-cd37e0e24b8e,GNR/2026/00339,2026-04-19T15:57:00,23.192003,72.631955,8842cc6121fffff,pickpocketing,1,helpline,Kudasan,chargesheeted,synthetic,1.0
d04d7c25-8868-5272-84c9-5f8c4f1af8b8,GNR/2026/00340,2026-04-19T18:42:00,23.24056,72.658449,8842cc6021fffff,chain_snatching,3,helpline,Akshardham (Sector 20),chargesheeted,synthetic,1.0
9c91a175-51ff-5d13-a34a-492fb83f33f3,GNR/2026/00341,2026-04-19T23:17:00,23.215402,72.655107,8842cc6111fffff,vehicle_theft,3,patrol,Sector 21 Market,closed,synthetic,1.0
dd5ecb8e-4f77-589f-bb39-42cd8e61a19d,GNR/2026/00342,2026-04-20T02:16:00,23.232488,72.644681,8842cc6153fffff,vandalism,2,helpline,Sector 16 Commercial,chargesheeted,synthetic,1.0
7f62a0b7-5afe-5249-a9e5-865b5fd8c221,GNR/2026/00343,2026-04-20T05:52:00,23.208497,72.634275,8842cc6101fffff,harassment,3,walk_in,Sector 7 Secretariat,chargesheeted,synthetic,1.0
de3663b5-df5f-52e2-98e0-361d10ebe60a,GNR/2026/00344,2026-04-20T07:59:00,23.18142,72.628151,8842cc6125fffff,theft,2,patrol,Infocity,under_investigation,synthetic,1.0
10b97d30-beaf-5b82-bf35-aef7b9691587,GNR/2026/00345,2026-04-20T13:11:00,23.222798,72.649756,8842cc6119fffff,vehicle_theft,3,online,Sector 21 Market,under_investigation,synthetic,1.0
f6b5db4f-f8ca-501a-82d2-47185f0284f7,GNR/2026/00346,2026-04-20T16:37:00,23.216784,72.629723,8842cc6109fffff,chain_snatching,3,patrol,Sector 7 Secretariat,chargesheeted,synthetic,1.0
287fca06-c76c-511e-9d96-738affeeb8c8,GNR/2026/00347,2026-04-20T17:16:00,23.168799,72.681394,8842cc6a83fffff,mobile_snatching,2,online,GIFT City,chargesheeted,synthetic,1.0
5c030f70-d818-5635-bb02-41e158dfb44e,GNR/2026/00348,2026-04-20T17:39:00,23.164716,72.663027,8842cc6a8dfffff,mobile_snatching,2,online,Gandhinagar (other),chargesheeted,synthetic,1.0
b1b06b16-14a1-55fd-89ee-0d2dcf566fbe,GNR/2026/00349,2026-04-21T03:28:00,23.22584,72.660154,8842cc611bfffff,burglary,3,helpline,Sector 21 Market,closed,synthetic,1.0
2489eb00-a2bb-5ada-8a55-5505405f12e8,GNR/2026/00350,2026-04-21T04:49:00,23.174064,72.675719,8842cc6a8bfffff,burglary,3,walk_in,GIFT City,under_investigation,synthetic,1.0
dbd9cbd9-d599-5aa1-88f0-2dfe724cb4fe,GNR/2026/00351,2026-04-21T12:13:00,23.232593,72.660202,8842cc6027fffff,theft,2,patrol,Akshardham (Sector 20),chargesheeted,synthetic,1.0
837a0774-ea1a-5801-8bce-25aaa4cb7988,GNR/2026/00352,2026-04-21T16:48:00,23.242627,72.668027,8842cc6023fffff,pickpocketing,1,online,Akshardham (Sector 20),closed,synthetic,1.0
406b0e4c-bcef-5586-92d2-53b441e4715c,GNR/2026/00353,2026-04-21T20:18:00,23.211206,72.63389,8842cc6101fffff,chain_snatching,3,walk_in,Sector 7 Secretariat,chargesheeted,synthetic,1.0
95a56869-034b-5c8f-b45a-a40935d24318,GNR/2026/00354,2026-04-21T22:30:00,23.230136,72.633535,8842cc6151fffff,assault,4,walk_in,Sector 16 Commercial,chargesheeted,synthetic,1.0
64c0331e-630d-5a19-bf2f-8c3a2ce48549,GNR/2026/00355,2026-04-22T04:14:00,23.169673,72.632015,8842cc6a11fffff,pickpocketing,1,online,Sargasan Crossroads,closed,synthetic,1.0
cb53e3ef-def0-575f-9954-d79867afe1e4,GNR/2026/00356,2026-04-22T19:34:00,23.244926,72.640661,8842cc6067fffff,harassment,3,walk_in,Gandhinagar (other),closed,synthetic,1.0
34b33e2a-7772-5caa-8a99-ec3892b118a2,GNR/2026/00357,2026-04-22T19:40:00,23.190028,72.620995,8842cc612dfffff,assault,4,helpline,Infocity,chargesheeted,synthetic,1.0
4e2e9eaf-277e-50bc-9b9f-65d57e9c1b9f,GNR/2026/00358,2026-04-22T19:54:00,23.182829,72.637407,8842cc6127fffff,pickpocketing,1,walk_in,Kudasan,closed,synthetic,1.0
4704ff54-a403-5f01-b826-bcc878fc7972,GNR/2026/00359,2026-04-22T22:39:00,23.190432,72.631152,8842cc6121fffff,vehicle_theft,3,patrol,Infocity,closed,synthetic,1.0
bdfb8960-4dfb-5eb6-91fb-84731b0bc781,GNR/2026/00360,2026-04-22T23:08:00,23.168185,72.688901,8842cc6a95fffff,mobile_snatching,2,walk_in,GIFT City,under_investigation,synthetic,1.0
cd6e13be-0f30-59df-8ec4-3d34103ca4e1,GNR/2026/00361,2026-04-23T05:18:00,23.167157,72.679544,8842cc6a83fffff,vehicle_theft,3,online,GIFT City,chargesheeted,synthetic,1.0
478c2c02-a010-5bbb-89c4-152ae44d0bcd,GNR/2026/00362,2026-04-23T11:50:00,23.198263,72.637391,8842cc612bfffff,burglary,3,patrol,Kudasan,closed,synthetic,1.0
93e065fd-aa89-51b9-8e30-06576699e7ba,GNR/2026/00363,2026-04-23T14:28:00,23.195118,72.625303,8842cc6129fffff,theft,2,online,Infocity,chargesheeted,synthetic,1.0
20f38aa2-5fdd-5485-8032-df1a2d81cbef,GNR/2026/00364,2026-04-23T16:56:00,23.216818,72.644315,8842cc611dfffff,pickpocketing,1,patrol,Sector 21 Market,chargesheeted,synthetic,1.0
c2124b1e-dd9a-5b63-97b2-2022f57c5700,GNR/2026/00365,2026-04-23T18:16:00,23.16106,72.675602,8842cc6a87fffff,chain_snatching,3,helpline,GIFT City,closed,synthetic,1.0
c76110e7-6979-5b74-925c-3c96f14c43fa,GNR/2026/00366,2026-04-23T18:17:00,23.162776,72.626576,8842cc6a15fffff,vandalism,2,online,Sargasan Crossroads,closed,synthetic,1.0
488856b4-89ca-5a19-a512-b86ae6680341,GNR/2026/00367,2026-04-23T20:00:00,23.2383,72.637652,8842cc615bfffff,mobile_snatching,2,helpline,Sector 16 Commercial,chargesheeted,synthetic,1.0
158696ce-cf16-51b9-99f9-4cb51f6bcebd,GNR/2026/00368,2026-04-24T00:17:00,23.22521,72.649955,8842cc6119fffff,theft,2,patrol,Sector 21 Market,closed,synthetic,1.0
e87cea7e-a8df-5314-827c-28caa35c0eab,GNR/2026/00369,2026-04-24T01:16:00,23.210756,72.633999,8842cc6101fffff,vehicle_theft,3,online,Sector 7 Secretariat,closed,synthetic,1.0
6a2f46da-6846-510b-9651-9dd49838d259,GNR/2026/00370,2026-04-24T01:40:00,23.215748,72.655604,8842cc6111fffff,vandalism,2,walk_in,Sector 21 Market,chargesheeted,synthetic,1.0
0605913c-6eea-5901-af6e-70b6faf3d0d0,GNR/2026/00371,2026-04-24T02:43:00,23.231527,72.634753,8842cc6151fffff,vehicle_theft,3,helpline,Sector 16 Commercial,closed,synthetic,1.0
d2faa65f-9199-5477-a64f-7d52c60432cc,GNR/2026/00372,2026-04-24T10:43:00,23.187704,72.630671,8842cc6121fffff,vehicle_theft,3,walk_in,Infocity,chargesheeted,synthetic,1.0
14947afd-ba63-5e55-882e-2527e7b79966,GNR/2026/00373,2026-04-24T13:01:00,23.165568,72.672075,8842cc6a81fffff,mobile_snatching,2,helpline,GIFT City,chargesheeted,synthetic,1.0
870a79a3-fb57-50ac-bf32-f985714726cd,GNR/2026/00374,2026-04-24T14:15:00,23.247754,72.651008,8842cc6029fffff,theft,2,walk_in,Akshardham (Sector 20),chargesheeted,synthetic,1.0
775437df-db96-5888-aa14-ed34304a2b9f,GNR/2026/00375,2026-04-24T14:16:00,23.182172,72.627407,8842cc6125fffff,pickpocketing,1,online,Infocity,closed,synthetic,1.0
f0f24475-59b8-5a30-a052-b1a35d9b6603,GNR/2026/00376,2026-04-24T15:04:00,23.238454,72.655742,8842cc6021fffff,harassment,3,walk_in,Akshardham (Sector 20),under_investigation,synthetic,1.0
0320e7c7-4825-5a2d-833c-28b0b6f6cb5c,GNR/2026/00377,2026-04-24T15:43:00,23.199354,72.634618,8842cc612bfffff,theft,2,online,Kudasan,closed,synthetic,1.0
086ae6b6-92e5-55c1-832d-a66842b50edd,GNR/2026/00378,2026-04-24T17:02:00,23.182571,72.637619,8842cc6127fffff,vandalism,2,helpline,Kudasan,closed,synthetic,1.0
410cc6ef-e8d6-588d-b213-9b2749068046,GNR/2026/00379,2026-04-24T22:43:00,23.191334,72.641081,8842cc6123fffff,mobile_snatching,2,walk_in,Kudasan,chargesheeted,synthetic,1.0
05230979-bb7a-5b9a-b429-56739534c91d,GNR/2026/00380,2026-04-24T23:36:00,23.167036,72.622523,8842cc6a1dfffff,vehicle_theft,3,patrol,Sargasan Crossroads,chargesheeted,synthetic,1.0
1197f280-1bee-5542-a5e1-3aeaa574fac9,GNR/2026/00381,2026-04-25T03:23:00,23.215256,72.628928,8842cc6109fffff,vehicle_theft,3,walk_in,Sector 7 Secretariat,chargesheeted,synthetic,1.0
7f674f85-8cb4-5149-bf9e-3bedb745e9a9,GNR/2026/00382,2026-04-25T03:36:00,23.239656,72.637316,8842cc615bfffff,burglary,3,online,Sector 16 Commercial,under_investigation,synthetic,1.0
e7cecdb2-8d8e-53de-9d96-bd9cd1584c00,GNR/2026/00383,2026-04-25T06:32:00,23.230928,72.645937,8842cc6153fffff,vehicle_theft,3,helpline,Sector 16 Commercial,chargesheeted,synthetic,1.0
c3dfada6-2dd8-581a-9dd1-4eabbb68173c,GNR/2026/00384,2026-04-25T06:58:00,23.193628,72.617667,8842cc6167fffff,theft,2,walk_in,Infocity,chargesheeted,synthetic,1.0
9f091da2-bb5f-595d-a9e6-a994f766de4d,GNR/2026/00385,2026-04-25T07:05:00,23.174006,72.633413,8842cc6a1bfffff,pickpocketing,1,patrol,Sargasan Crossroads,closed,synthetic,1.0
077724c0-67ca-5b1a-8146-2ed384943579,GNR/2026/00386,2026-04-25T11:14:00,23.222504,72.630239,8842cc6155fffff,theft,2,walk_in,Sector 7 Secretariat,closed,synthetic,1.0
deff93ac-c9fc-51d4-bda9-cd55d2804d51,GNR/2026/00387,2026-04-25T12:05:00,23.167981,72.672266,8842cc6a81fffff,burglary,3,helpline,GIFT City,chargesheeted,synthetic,1.0
afd6be2d-9f17-5b3b-b852-5297a6cb4d5a,GNR/2026/00388,2026-04-25T13:11:00,23.188953,72.6241,8842cc612dfffff,pickpocketing,1,helpline,Infocity,chargesheeted,synthetic,1.0
f0aaf7bc-3c7d-5a08-8a33-e7bf29a3d9f0,GNR/2026/00389,2026-04-25T14:39:00,23.189355,72.63377,8842cc6121fffff,pickpocketing,1,walk_in,Kudasan,closed,synthetic,1.0
81d346cc-49d6-5712-b1de-3c19fa53cb1f,GNR/2026/00390,2026-04-25T16:14:00,23.237759,72.646283,8842cc602dfffff,mobile_snatching,2,helpline,Sector 16 Commercial,under_investigation,synthetic,1.0
3d4b6cca-7a02-5a8b-ba6a-b27863a425d0,GNR/2026/00391,2026-04-25T16:16:00,23.183691,72.639633,8842cc6127fffff,vehicle_theft,3,patrol,Kudasan,closed,synthetic,1.0
f03a21fe-ed04-531e-8dde-0751b5071db9,GNR/2026/00392,2026-04-25T16:19:00,23.178284,72.643746,8842cc6acdfffff,chain_snatching,3,online,Gandhinagar (other),chargesheeted,synthetic,1.0
0b62e290-88ba-512a-b0b2-343da352fdf8,GNR/2026/00393,2026-04-25T16:22:00,23.175887,72.684088,8842cc6a9dfffff,assault,4,walk_in,GIFT City,closed,synthetic,1.0
f77cbd04-4dca-54b4-a8d0-c6610e703727,GNR/2026/00394,2026-04-25T19:04:00,23.153038,72.682517,8842cc6abdfffff,mobile_snatching,2,walk_in,GIFT City,chargesheeted,synthetic,1.0
c9203f14-dc3a-5cd3-89cf-73f65134916f,GNR/2026/00395,2026-04-25T19:36:00,23.175271,72.625684,8842cc6a19fffff,theft,2,online,Sargasan Crossroads,chargesheeted,synthetic,1.0
cd574313-1e05-54e6-a44f-37acf988a17b,GNR/2026/00396,2026-04-26T15:03:00,23.183662,72.629792,8842cc6125fffff,pickpocketing,1,patrol,Infocity,closed,synthetic,1.0
ce4ed637-aa1b-5c59-a281-f8d837818f2b,GNR/2026/00397,2026-04-26T19:19:00,23.229885,72.63263,8842cc6151fffff,robbery,4,patrol,Sector 16 Commercial,chargesheeted,synthetic,1.0
cec499df-232a-55cf-a2c2-aac2c9ed336a,GNR/2026/00398,2026-04-26T19:23:00,23.20301,72.628853,8842cc6105fffff,theft,2,walk_in,Sector 7 Secretariat,closed,synthetic,1.0
88111659-4743-5f47-8e77-8d1ba197de4f,GNR/2026/00399,2026-04-26T20:07:00,23.183679,72.628744,8842cc6125fffff,vehicle_theft,3,patrol,Infocity,under_investigation,synthetic,1.0
d5cd0e00-cf14-5648-a245-b3808fcbabcd,GNR/2026/00400,2026-04-26T22:01:00,23.160124,72.677579,8842cc6a87fffff,vandalism,2,online,GIFT City,closed,synthetic,1.0
58cadb8c-e32f-576e-bc94-06515c839745,GNR/2026/00401,2026-04-26T22:28:00,23.211231,72.639948,8842cc6103fffff,assault,4,helpline,Sector 7 Secretariat,closed,synthetic,1.0
4e07bf7b-6136-54dd-8364-32c1ba584fd3,GNR/2026/00402,2026-04-26T23:47:00,23.181756,72.635899,8842cc6127fffff,vehicle_theft,3,online,Infocity,chargesheeted,synthetic,1.0
3fc8aa7b-946a-58ed-b218-56dcd595bcf0,GNR/2026/00403,2026-04-27T10:39:00,23.2448,72.659726,8842cc602bfffff,pickpocketing,1,online,Akshardham (Sector 20),closed,synthetic,1.0
4b383310-0acc-54c7-9319-52da87d795dd,GNR/2026/00404,2026-04-27T11:07:00,23.234754,72.662083,8842cc6027fffff,theft,2,online,Akshardham (Sector 20),closed,synthetic,1.0
a40d208c-22e0-52d4-bf33-82013a60332a,GNR/2026/00405,2026-04-27T12:57:00,23.239543,72.654911,8842cc6021fffff,chain_snatching,3,online,Akshardham (Sector 20),closed,synthetic,1.0
864b2b23-6ff0-5444-9a47-0273af0ba25b,GNR/2026/00406,2026-04-27T16:34:00,23.215508,72.637312,8842cc610bfffff,harassment,3,online,Sector 7 Secretariat,chargesheeted,synthetic,1.0
c2e0c63e-086c-53d6-abd4-335ebb29d753,GNR/2026/00407,2026-04-27T17:31:00,23.191907,72.64759,8842cc6135fffff,mobile_snatching,2,helpline,Kudasan,under_investigation,synthetic,1.0
084b1a02-9981-5907-9b2c-7890e4454526,GNR/2026/00408,2026-04-27T17:33:00,23.222545,72.632301,8842cc6155fffff,mobile_snatching,2,helpline,Sector 16 Commercial,chargesheeted,synthetic,1.0
b9afd3ba-7ddb-54a0-bdf0-3030915ba57a,GNR/2026/00409,2026-04-27T19:31:00,23.23165,72.643738,8842cc6153fffff,robbery,4,online,Sector 16 Commercial,closed,synthetic,1.0
e0ebdbfc-5297-5b61-9a4e-127fc5c51834,GNR/2026/00410,2026-04-27T19:53:00,23.183053,72.636745,8842cc6127fffff,chain_snatching,3,walk_in,Infocity,chargesheeted,synthetic,1.0
e4642992-c668-585a-8f22-3b4783671b59,GNR/2026/00411,2026-04-27T23:58:00,23.197932,72.635099,8842cc612bfffff,vehicle_theft,3,online,Kudasan,chargesheeted,synthetic,1.0
548e4ff3-13b9-5c81-9a8e-18804d6a3ab3,GNR/2026/00412,2026-04-28T02:20:00,23.210951,72.633595,8842cc6101fffff,vehicle_theft,3,walk_in,Sector 7 Secretariat,chargesheeted,synthetic,1.0
0cc207a7-5ce2-5460-b3da-c8c93d370b88,GNR/2026/00413,2026-04-28T12:12:00,23.230147,72.63582,8842cc6151fffff,burglary,3,online,Sector 16 Commercial,closed,synthetic,1.0
440b624b-ea98-5b7e-a87f-4e7f48dff482,GNR/2026/00414,2026-04-28T15:21:00,23.168921,72.68922,8842cc6a95fffff,theft,2,online,GIFT City,closed,synthetic,1.0
fbe518bb-576a-5b9d-b80a-f4e1d87329d1,GNR/2026/00415,2026-04-28T19:26:00,23.204181,72.640661,8842cc6107fffff,chain_snatching,3,walk_in,Sector 7 Secretariat,closed,synthetic,1.0
3c146b2c-5722-5741-8ddb-9569e351342b,GNR/2026/00416,2026-04-28T20:53:00,23.195582,72.625636,8842cc6129fffff,robbery,4,helpline,Infocity,under_investigation,synthetic,1.0
1664a657-2ccd-5df1-b34f-e4bbcebe81f1,GNR/2026/00417,2026-04-28T20:55:00,23.245652,72.671765,8842cc603dfffff,robbery,4,walk_in,Akshardham (Sector 20),chargesheeted,synthetic,1.0
ea10a614-c9da-56d6-b3bc-48630398685a,GNR/2026/00418,2026-04-28T23:11:00,23.176076,72.614407,8842cc6a57fffff,vehicle_theft,3,patrol,Gandhinagar (other),under_investigation,synthetic,1.0
e2742661-8f20-5f5a-9722-ab32f3813981,GNR/2026/00419,2026-04-28T23:40:00,23.23822,72.65794,8842cc6021fffff,mobile_snatching,2,patrol,Akshardham (Sector 20),chargesheeted,synthetic,1.0
99dab455-ad37-50fa-8640-b4581d1c4858,GNR/2026/00420,2026-04-29T04:44:00,23.183446,72.638315,8842cc6127fffff,vehicle_theft,3,walk_in,Kudasan,under_investigation,synthetic,1.0
d8cc7957-5946-5fa8-8eee-ae2aa8a68149,GNR/2026/00421,2026-04-29T05:36:00,23.188825,72.630183,8842cc6121fffff,theft,2,online,Infocity,under_investigation,synthetic,1.0
f1c63fbf-682d-5df4-b864-7b619e2034ad,GNR/2026/00422,2026-04-29T06:33:00,23.223133,72.641014,8842cc6157fffff,vehicle_theft,3,online,Sector 16 Commercial,closed,synthetic,1.0
5c3e0f15-f573-5462-b099-b37f7ed3983d,GNR/2026/00423,2026-04-29T12:33:00,23.173973,72.665978,8842cc6a89fffff,burglary,3,patrol,Gandhinagar (other),chargesheeted,synthetic,1.0
e646e3ec-48a3-521c-a33b-6e6faa9d871f,GNR/2026/00424,2026-04-29T15:55:00,23.209867,72.631559,8842cc6101fffff,theft,2,online,Sector 7 Secretariat,chargesheeted,synthetic,1.0
445401a1-243c-5e0e-80e5-57a23e6106ea,GNR/2026/00425,2026-04-29T17:16:00,23.197267,72.635154,8842cc612bfffff,mobile_snatching,2,online,Kudasan,closed,synthetic,1.0
a9f5d014-8648-508d-a091-0767735e728e,GNR/2026/00426,2026-04-30T01:41:00,23.163234,72.684263,8842cc6ab9fffff,mobile_snatching,2,walk_in,GIFT City,chargesheeted,synthetic,1.0
de6aec18-ba7c-577e-8962-001f5720fccd,GNR/2026/00427,2026-04-30T02:23:00,23.163577,72.685555,8842cc6ab9fffff,vehicle_theft,3,helpline,GIFT City,chargesheeted,synthetic,1.0
f7ecf980-502f-5628-9ccc-339f19abcc92,GNR/2026/00428,2026-04-30T07:58:00,23.166026,72.671586,8842cc6a81fffff,assault,4,patrol,GIFT City,under_investigation,synthetic,1.0
186326db-42ca-57d6-b3af-937032ef0f46,GNR/2026/00429,2026-04-30T13:14:00,23.239107,72.658073,8842cc6021fffff,vehicle_theft,3,patrol,Akshardham (Sector 20),under_investigation,synthetic,1.0
cf80ee10-121a-5d20-9d8b-fe52f9bb4451,GNR/2026/00430,2026-04-30T16:27:00,23.230167,72.635242,8842cc6151fffff,burglary,3,helpline,Sector 16 Commercial,closed,synthetic,1.0
55ef6ca5-4e9e-5614-bb2e-ae13cf41f36e,GNR/2026/00431,2026-04-30T18:44:00,23.183529,72.646079,8842cc6ac9fffff,chain_snatching,3,online,Kudasan,chargesheeted,synthetic,1.0
c60c1ea6-57da-54b4-b01d-809defbbcd7f,GNR/2026/00432,2026-04-30T21:35:00,23.217988,72.646385,8842cc611dfffff,vehicle_theft,3,helpline,Sector 21 Market,chargesheeted,synthetic,1.0
abf416d6-5c98-55e2-879c-f9bb718b5b9b,GNR/2026/00433,2026-05-01T00:46:00,23.168591,72.672048,8842cc6a81fffff,assault,4,walk_in,GIFT City,chargesheeted,synthetic,1.0
4364a499-6a32-5aff-a555-57c7c8866b84,GNR/2026/00434,2026-05-01T07:52:00,23.181981,72.620292,8842cc6a53fffff,chain_snatching,3,online,Infocity,closed,synthetic,1.0
b3f10784-cccf-5112-a13b-6be15fcbff98,GNR/2026/00435,2026-05-01T08:02:00,23.230316,72.633395,8842cc6151fffff,burglary,3,patrol,Sector 16 Commercial,closed,synthetic,1.0
e887794b-597e-51fa-9539-f94cb5081046,GNR/2026/00436,2026-05-01T08:05:00,23.196567,72.642873,8842cc613dfffff,chain_snatching,3,walk_in,Kudasan,chargesheeted,synthetic,1.0
62ccd5ab-13b4-5e7d-9755-bbf128f01037,GNR/2026/00437,2026-05-01T08:15:00,23.238869,72.647489,8842cc602dfffff,theft,2,patrol,Akshardham (Sector 20),under_investigation,synthetic,1.0
14b2b092-23fe-5fdc-9901-52964fb4d9fd,GNR/2026/00438,2026-05-01T12:56:00,23.23671,72.637606,8842cc615bfffff,assault,4,helpline,Sector 16 Commercial,chargesheeted,synthetic,1.0
006b2a3a-1e14-5506-b960-f06d1890aa66,GNR/2026/00439,2026-05-01T15:10:00,23.225244,72.642973,8842cc6157fffff,vehicle_theft,3,walk_in,Sector 16 Commercial,closed,synthetic,1.0
0f2251aa-6f6a-51f1-a21d-0cbcf7d5ccce,GNR/2026/00440,2026-05-01T16:43:00,23.167809,72.621502,8842cc6a1dfffff,theft,2,patrol,Sargasan Crossroads,chargesheeted,synthetic,1.0
fa45143b-4c3f-5ebe-8c7d-9a8ad9eefa55,GNR/2026/00441,2026-05-01T16:50:00,23.232746,72.643872,8842cc6153fffff,theft,2,online,Sector 16 Commercial,chargesheeted,synthetic,1.0
ed310a8d-5bcf-5793-a0fe-2e23907b6281,GNR/2026/00442,2026-05-01T18:30:00,23.167435,72.682335,8842cc6a83fffff,theft,2,online,GIFT City,chargesheeted,synthetic,1.0
e99455a0-b56f-5886-a48d-30bf8f52f12a,GNR/2026/00443,2026-05-01T19:11:00,23.216574,72.626027,8842cc6109fffff,mobile_snatching,2,walk_in,Sector 7 Secretariat,closed,synthetic,1.0
6fe33429-33cf-5c1f-ac7f-52044e07e826,GNR/2026/00444,2026-05-01T20:45:00,23.209697,72.633769,8842cc6101fffff,theft,2,online,Sector 7 Secretariat,chargesheeted,synthetic,1.0
f0ea4ff1-6fdf-5302-b79c-7dc9712044c6,GNR/2026/00445,2026-05-01T22:12:00,23.232011,72.653216,8842cc6025fffff,mobile_snatching,2,patrol,Akshardham (Sector 20),closed,synthetic,1.0
3fb1449b-ad4c-596c-ad30-1ab671197562,GNR/2026/00446,2026-05-01T22:37:00,23.188649,72.631962,8842cc6121fffff,theft,2,online,Infocity,chargesheeted,synthetic,1.0
d7bea0b8-bc7a-5df0-9c9d-fe92850b1322,GNR/2026/00447,2026-05-02T01:00:00,23.196062,72.643448,8842cc613dfffff,chain_snatching,3,helpline,Kudasan,chargesheeted,synthetic,1.0
2191c674-e5d6-5e7a-9dfb-6e641cd3c140,GNR/2026/00448,2026-05-02T05:16:00,23.182674,72.629462,8842cc6125fffff,burglary,3,walk_in,Infocity,under_investigation,synthetic,1.0
697c6bc9-af38-58ef-a330-4fcc4b30a2ef,GNR/2026/00449,2026-05-02T13:22:00,23.190225,72.632182,8842cc6121fffff,pickpocketing,1,walk_in,Infocity,chargesheeted,synthetic,1.0
1f2969fc-a1b9-514a-93d3-548d9156f863,GNR/2026/00450,2026-05-02T14:08:00,23.232218,72.644916,8842cc6153fffff,theft,2,online,Sector 16 Commercial,under_investigation,synthetic,1.0
c836571e-434d-5b52-9cf9-446e202edeaf,GNR/2026/00451,2026-05-02T14:44:00,23.182475,72.636101,8842cc6127fffff,mobile_snatching,2,helpline,Infocity,under_investigation,synthetic,1.0
0becdd87-8064-5ac0-bc3d-8d6f5fe7ab06,GNR/2026/00452,2026-05-02T19:11:00,23.179532,72.619314,8842cc6a53fffff,burglary,3,patrol,Infocity,closed,synthetic,1.0
a4a00e51-75a0-546f-bb22-8dce39c5c9b6,GNR/2026/00453,2026-05-02T20:12:00,23.238046,72.637043,8842cc615bfffff,robbery,4,online,Sector 16 Commercial,closed,synthetic,1.0
70aaeb28-939f-5e1d-9e18-3cb2eff3c73e,GNR/2026/00454,2026-05-02T21:59:00,23.17504,72.604977,8842cc6a55fffff,vehicle_theft,3,online,Gandhinagar (other),chargesheeted,synthetic,1.0
e72e498e-6104-5ede-a0d2-44c6d7f79792,GNR/2026/00455,2026-05-03T04:43:00,23.217465,72.655659,8842cc6111fffff,mobile_snatching,2,walk_in,Sector 21 Market,chargesheeted,synthetic,1.0
d9649146-6b98-51c2-a92f-8b4f746aa074,GNR/2026/00456,2026-05-03T12:50:00,23.219643,72.647009,8842cc611dfffff,pickpocketing,1,online,Sector 21 Market,chargesheeted,synthetic,1.0
34b31dfa-d684-533e-8634-d7394e0d97e1,GNR/2026/00457,2026-05-03T18:02:00,23.158943,72.616241,8842cc6a03fffff,theft,2,helpline,Gandhinagar (other),closed,synthetic,1.0
4a0b4c8d-c6ac-5e1e-9602-6670cb09c802,GNR/2026/00458,2026-05-03T18:24:00,23.22621,72.65163,8842cc6119fffff,mobile_snatching,2,helpline,Sector 21 Market,under_investigation,synthetic,1.0
702ab87e-729c-586f-babd-2936f5d0d016,GNR/2026/00459,2026-05-03T18:44:00,23.223263,72.63876,8842cc6157fffff,theft,2,helpline,Sector 16 Commercial,closed,synthetic,1.0
57fafe8f-7481-5405-a222-7eb841d11ffc,GNR/2026/00460,2026-05-03T19:04:00,23.16792,72.681784,8842cc6a83fffff,harassment,3,patrol,GIFT City,chargesheeted,synthetic,1.0
802bcc66-9d13-5115-be68-e641b8c5d10d,GNR/2026/00461,2026-05-03T20:26:00,23.200983,72.6301,8842cc6105fffff,mobile_snatching,2,walk_in,Kudasan,closed,synthetic,1.0
45ff4265-c918-5d84-b5a0-2973a6464c6e,GNR/2026/00462,2026-05-03T22:54:00,23.191991,72.64834,8842cc6135fffff,mobile_snatching,2,walk_in,Kudasan,closed,synthetic,1.0
23b7b759-e050-5e22-86d7-4082352b8f5b,GNR/2026/00463,2026-05-04T06:44:00,23.215884,72.618601,8842cc6147fffff,pickpocketing,1,patrol,Sector 7 Secretariat,chargesheeted,synthetic,1.0
0e79edd3-0d41-581c-8e52-e403e0534e8a,GNR/2026/00464,2026-05-04T12:39:00,23.217446,72.636967,8842cc610bfffff,theft,2,online,Sector 7 Secretariat,closed,synthetic,1.0
eb24b9a9-7083-55ff-80d0-d853086147e3,GNR/2026/00465,2026-05-04T16:16:00,23.225528,72.649681,8842cc6119fffff,robbery,4,online,Sector 21 Market,under_investigation,synthetic,1.0
570d810b-b151-55e5-9ac6-271259f4638d,GNR/2026/00466,2026-05-04T21:26:00,23.16861,72.689842,8842cc6a95fffff,harassment,3,patrol,GIFT City,under_investigation,synthetic,1.0
b3236271-0401-5760-8b89-e98b8c1bb413,GNR/2026/00467,2026-05-04T21:48:00,23.187029,72.612596,8842cc6a5bfffff,chain_snatching,3,online,Gandhinagar (other),closed,synthetic,1.0
722fb973-1314-5149-b91e-d4151c27cf80,GNR/2026/00468,2026-05-04T22:03:00,23.226231,72.668421,8842cc61cdfffff,theft,2,walk_in,Gandhinagar (other),closed,synthetic,1.0
858e79b1-49c1-54c8-8fa4-61304c2f8e6e,GNR/2026/00469,2026-05-04T22:26:00,23.226784,72.649479,8842cc6119fffff,mobile_snatching,2,walk_in,Sector 21 Market,chargesheeted,synthetic,1.0
892fadd7-e987-5e63-a9a7-05efa01cddc4,GNR/2026/00470,2026-05-04T22:53:00,23.216819,72.62884,8842cc6109fffff,robbery,4,helpline,Sector 7 Secretariat,closed,synthetic,1.0
91e6c89a-fae8-57eb-8937-f80af1893da7,GNR/2026/00471,2026-05-05T12:30:00,23.184397,72.636517,8842cc6127fffff,pickpocketing,1,helpline,Kudasan,closed,synthetic,1.0
69cf2104-43fc-5cb4-93c1-189c1a5249fb,GNR/2026/00472,2026-05-05T13:19:00,23.167276,72.631573,8842cc6a11fffff,burglary,3,helpline,Sargasan Crossroads,chargesheeted,synthetic,1.0
6e650541-e4c3-5daf-807e-f1d3f4dc1063,GNR/2026/00473,2026-05-05T13:20:00,23.218057,72.645142,8842cc611dfffff,pickpocketing,1,helpline,Sector 21 Market,chargesheeted,synthetic,1.0
84c84629-c6d2-5e12-bd07-a12b195e99a4,GNR/2026/00474,2026-05-05T15:03:00,23.153013,72.682124,8842cc6abdfffff,vandalism,2,online,GIFT City,under_investigation,synthetic,1.0
b190d778-14dc-5367-aa5a-b96504be6b70,GNR/2026/00475,2026-05-05T15:49:00,23.183943,72.628977,8842cc6125fffff,theft,2,helpline,Infocity,chargesheeted,synthetic,1.0
3e2b46c6-a653-5a32-a40e-169b88dc5417,GNR/2026/00476,2026-05-05T17:47:00,23.195965,72.630222,8842cc6129fffff,theft,2,helpline,Kudasan,chargesheeted,synthetic,1.0
71a34562-cf1b-52e7-9b53-053582b454fa,GNR/2026/00477,2026-05-05T19:33:00,23.182358,72.637726,8842cc6127fffff,burglary,3,patrol,Kudasan,chargesheeted,synthetic,1.0
c6515238-ec69-562e-b236-8862bf7dfc0e,GNR/2026/00478,2026-05-05T22:53:00,23.211976,72.643551,8842cc6103fffff,vehicle_theft,3,online,Sector 21 Market,closed,synthetic,1.0
928e859e-2dd9-55fa-a049-04316aeafb3c,GNR/2026/00479,2026-05-06T12:33:00,23.176093,72.64413,8842cc6acdfffff,theft,2,walk_in,Gandhinagar (other),under_investigation,synthetic,1.0
c81b61ec-be1c-5b89-bfc0-46a1324b4b0a,GNR/2026/00480,2026-05-06T13:10:00,23.148538,72.689194,8842cc6ab5fffff,theft,2,helpline,Gandhinagar (other),chargesheeted,synthetic,1.0
338db3cd-c585-5404-933b-48e07ad181c2,GNR/2026/00481,2026-05-06T13:35:00,23.227943,72.666965,8842cc61cdfffff,burglary,3,walk_in,Akshardham (Sector 20),under_investigation,synthetic,1.0
ec7c176f-e8bb-5c99-9581-dd8ef482e26e,GNR/2026/00482,2026-05-06T14:49:00,23.216785,72.635557,8842cc610bfffff,harassment,3,online,Sector 7 Secretariat,under_investigation,synthetic,1.0
1cf03e5b-bca1-56f1-b8b0-94512b39c507,GNR/2026/00483,2026-05-06T19:24:00,23.168461,72.67949,8842cc6a83fffff,theft,2,helpline,GIFT City,chargesheeted,synthetic,1.0
bf14a703-69f9-5b99-8395-af45e6df79b9,GNR/2026/00484,2026-05-06T21:23:00,23.238541,72.657533,8842cc6021fffff,pickpocketing,1,patrol,Akshardham (Sector 20),chargesheeted,synthetic,1.0
bcc6f063-7f40-5308-9afa-467ec5bbf6e3,GNR/2026/00485,2026-05-06T22:04:00,23.227038,72.658602,8842cc611bfffff,chain_snatching,3,helpline,Sector 21 Market,closed,synthetic,1.0
d91e2da9-e95c-5876-8063-53fa71436ff2,GNR/2026/00486,2026-05-06T23:15:00,23.22217,72.623346,8842cc6143fffff,vehicle_theft,3,walk_in,Sector 7 Secretariat,chargesheeted,synthetic,1.0
38c10de9-cf1b-5755-bef0-b0857226e577,GNR/2026/00487,2026-05-07T02:37:00,23.193164,72.649899,8842cc6135fffff,assault,4,patrol,Kudasan,chargesheeted,synthetic,1.0
092091d2-367b-54f0-9ab0-1c6a6ce6af9a,GNR/2026/00488,2026-05-07T11:23:00,23.222614,72.631466,8842cc6155fffff,theft,2,helpline,Sector 7 Secretariat,chargesheeted,synthetic,1.0
1ef91450-da1d-523c-b1fe-f7a2c56172d0,GNR/2026/00489,2026-05-07T16:09:00,23.224023,72.639897,8842cc6157fffff,theft,2,walk_in,Sector 16 Commercial,chargesheeted,synthetic,1.0
156a556f-6fb6-5f77-80e7-e36fb1a7078f,GNR/2026/00490,2026-05-07T16:30:00,23.197439,72.643159,8842cc613dfffff,chain_snatching,3,walk_in,Kudasan,closed,synthetic,1.0
e5a009dc-6dda-519c-ae15-c19f136c6899,GNR/2026/00491,2026-05-07T17:48:00,23.195583,72.617856,8842cc6167fffff,mobile_snatching,2,walk_in,Infocity,under_investigation,synthetic,1.0
cfb49b60-7014-5101-a519-0d309c1e16fc,GNR/2026/00492,2026-05-07T20:53:00,23.196215,72.644171,8842cc613dfffff,mobile_snatching,2,patrol,Kudasan,closed,synthetic,1.0
6a5c7a47-181e-550c-b5f1-b8a70e0530be,GNR/2026/00493,2026-05-07T21:34:00,23.189853,72.622752,8842cc612dfffff,theft,2,walk_in,Infocity,under_investigation,synthetic,1.0
a4778434-3402-5a5d-8c64-f410ae7b598f,GNR/2026/00494,2026-05-08T08:53:00,23.220584,72.654834,8842cc6111fffff,vehicle_theft,3,patrol,Sector 21 Market,chargesheeted,synthetic,1.0
bbb216af-5687-5046-a285-aaa0ec640cbf,GNR/2026/00495,2026-05-08T11:40:00,23.162087,72.626598,8842cc6a15fffff,burglary,3,helpline,Sargasan Crossroads,chargesheeted,synthetic,1.0
f26c78c5-cbd6-5dd9-8be6-e26c81b83d7e,GNR/2026/00496,2026-05-08T13:22:00,23.231662,72.651943,8842cc6025fffff,theft,2,online,Akshardham (Sector 20),under_investigation,synthetic,1.0
bd358b8c-84b7-5610-a108-6177faba14cb,GNR/2026/00497,2026-05-08T13:42:00,23.217295,72.645726,8842cc611dfffff,chain_snatching,3,online,Sector 21 Market,closed,synthetic,1.0
f336e29a-403e-5d7f-8bb2-2662e8f2acb8,GNR/2026/00498,2026-05-08T16:19:00,23.189467,72.622952,8842cc612dfffff,theft,2,walk_in,Infocity,chargesheeted,synthetic,1.0
f1d157a1-767b-5ba2-94c3-e8dfc1f2872a,GNR/2026/00499,2026-05-08T16:32:00,23.232761,72.653593,8842cc6025fffff,pickpocketing,1,walk_in,Akshardham (Sector 20),closed,synthetic,1.0
03409267-53d1-598d-a366-21ecabfb6e33,GNR/2026/00500,2026-05-08T16:47:00,23.235397,72.637596,8842cc615bfffff,vehicle_theft,3,online,Sector 16 Commercial,chargesheeted,synthetic,1.0
08381817-304e-5810-a75b-709b8ae2d726,GNR/2026/00501,2026-05-08T17:11:00,23.172174,72.628099,8842cc6a11fffff,robbery,4,online,Sargasan Crossroads,chargesheeted,synthetic,1.0
ccf3b6cb-33d9-53d8-8efc-81ef1c9e2c2d,GNR/2026/00502,2026-05-08T18:36:00,23.167236,72.689368,8842cc6a95fffff,theft,2,patrol,GIFT City,under_investigation,synthetic,1.0
5b00383f-81e3-5805-ba1f-73797900c76c,GNR/2026/00503,2026-05-08T19:32:00,23.188418,72.640013,8842cc6123fffff,harassment,3,online,Kudasan,closed,synthetic,1.0
e486ddaf-e9c0-5c99-90d8-11ed32a0d4a4,GNR/2026/00504,2026-05-08T19:45:00,23.204825,72.639842,8842cc6107fffff,theft,2,online,Sector 7 Secretariat,chargesheeted,synthetic,1.0
6bde3a6d-3f01-503d-ba4a-2143bb444c29,GNR/2026/00505,2026-05-08T21:00:00,23.207656,72.633083,8842cc6101fffff,robbery,4,online,Sector 7 Secretariat,chargesheeted,synthetic,1.0
7d02e5da-3b1f-5311-9d1b-1ca7b56f97a0,GNR/2026/00506,2026-05-08T21:21:00,23.156686,72.63059,8842cc6a3bfffff,theft,2,helpline,Sargasan Crossroads,closed,synthetic,1.0
4893c64e-8904-58fd-9458-fb86fb7c492d,GNR/2026/00507,2026-05-08T22:22:00,23.191114,72.648422,8842cc6135fffff,mobile_snatching,2,helpline,Kudasan,chargesheeted,synthetic,1.0
357fd5a6-c1df-5ffe-ad05-99322f693816,GNR/2026/00508,2026-05-08T23:32:00,23.210014,72.642509,8842cc6103fffff,mobile_snatching,2,online,Sector 7 Secretariat,closed,synthetic,1.0
7764ac30-1629-53bd-9177-797695eb6d5f,GNR/2026/00509,2026-05-08T23:57:00,23.232655,72.645548,8842cc6153fffff,mobile_snatching,2,walk_in,Sector 16 Commercial,closed,synthetic,1.0
21ca9cc2-9e0f-523d-b344-34df57e66797,GNR/2026/00510,2026-05-09T00:51:00,23.188339,72.633567,8842cc6121fffff,assault,4,patrol,Infocity,closed,synthetic,1.0
8ac33d25-7b73-54a7-96ed-94f5a7a1ade6,GNR/2026/00511,2026-05-09T02:47:00,23.212717,72.652465,8842cc6115fffff,vehicle_theft,3,online,Sector 21 Market,chargesheeted,synthetic,1.0
559dbfac-b06a-5028-b598-b30999d07eb5,GNR/2026/00512,2026-05-09T05:46:00,23.172901,72.676797,8842cc6a8bfffff,mobile_snatching,2,online,GIFT City,under_investigation,synthetic,1.0
c7610de0-3412-5d7c-a4ab-f78caa7f5b1a,GNR/2026/00513,2026-05-09T10:30:00,23.230744,72.644538,8842cc6153fffff,burglary,3,helpline,Sector 16 Commercial,chargesheeted,synthetic,1.0
3259bbe2-23f3-5563-a2aa-8013cd5626c6,GNR/2026/00514,2026-05-09T12:09:00,23.238663,72.637797,8842cc615bfffff,burglary,3,online,Sector 16 Commercial,chargesheeted,synthetic,1.0
3f76d6e3-0b99-5682-a212-024b89312224,GNR/2026/00515,2026-05-09T15:01:00,23.181997,72.629673,8842cc6125fffff,pickpocketing,1,online,Infocity,closed,synthetic,1.0
17a6f8ab-387e-59ab-89ca-a481fde1f7f4,GNR/2026/00516,2026-05-09T17:17:00,23.242178,72.664724,8842cc6023fffff,mobile_snatching,2,walk_in,Akshardham (Sector 20),closed,synthetic,1.0
e103c3d4-8d9a-5071-9c02-82546320fd0d,GNR/2026/00517,2026-05-09T18:48:00,23.246683,72.661682,8842cc602bfffff,mobile_snatching,2,helpline,Akshardham (Sector 20),closed,synthetic,1.0
7f4be37c-bd0c-5b8f-82e4-7667d9312c12,GNR/2026/00518,2026-05-09T21:36:00,23.183684,72.6266,8842cc6125fffff,mobile_snatching,2,patrol,Infocity,closed,synthetic,1.0
cc21a3bf-5525-5fde-8df9-04cc289c8a05,GNR/2026/00519,2026-05-09T23:18:00,23.168523,72.629215,8842cc6a11fffff,vandalism,2,online,Sargasan Crossroads,closed,synthetic,1.0
93f62845-6a39-55c9-b0ee-07c79c020fc2,GNR/2026/00520,2026-05-09T23:39:00,23.22252,72.630533,8842cc6155fffff,vehicle_theft,3,walk_in,Sector 7 Secretariat,chargesheeted,synthetic,1.0
b7e41fa7-ce64-50cd-9d3c-f996855ce3c8,GNR/2026/00521,2026-05-09T23:42:00,23.192812,72.625785,8842cc6129fffff,robbery,4,helpline,Infocity,under_investigation,synthetic,1.0
e90057f5-3890-5f2e-a28f-f069a05ffb2f,GNR/2026/00522,2026-05-10T02:16:00,23.175369,72.626624,8842cc6a19fffff,vehicle_theft,3,helpline,Sargasan Crossroads,closed,synthetic,1.0
e6fe5a84-2d12-5833-9c55-ac28406b28ed,GNR/2026/00523,2026-05-10T02:54:00,23.15965,72.680032,8842cc6a87fffff,theft,2,online,GIFT City,closed,synthetic,1.0
427e993f-23aa-5a61-b9ec-b253f26edb54,GNR/2026/00524,2026-05-10T10:48:00,23.238003,72.658901,8842cc6021fffff,pickpocketing,1,helpline,Akshardham (Sector 20),chargesheeted,synthetic,1.0
34035e50-dfa8-57e8-a76e-2974ebd6919e,GNR/2026/00525,2026-05-10T10:56:00,23.232192,72.643285,8842cc6153fffff,chain_snatching,3,helpline,Sector 16 Commercial,chargesheeted,synthetic,1.0
f6e024ab-069e-5a19-a11a-24ca40d31fc3,GNR/2026/00526,2026-05-10T12:39:00,23.229414,72.635791,8842cc6151fffff,pickpocketing,1,walk_in,Sector 16 Commercial,chargesheeted,synthetic,1.0
9df4c12b-65b0-5a79-8cc7-1a1e1ca202c1,GNR/2026/00527,2026-05-10T16:18:00,23.173903,72.624579,8842cc6a19fffff,burglary,3,patrol,Sargasan Crossroads,chargesheeted,synthetic,1.0
ed63abf2-0c78-5899-b325-1160dc246bb6,GNR/2026/00528,2026-05-10T16:57:00,23.175152,72.631998,8842cc6a1bfffff,burglary,3,online,Sargasan Crossroads,chargesheeted,synthetic,1.0
a3d3e75a-7454-526b-81d6-fccd7d5462b7,GNR/2026/00529,2026-05-10T19:17:00,23.238936,72.639253,8842cc615bfffff,robbery,4,online,Sector 16 Commercial,closed,synthetic,1.0
c7382c1c-aae3-5c68-bac2-ed3828e4094b,GNR/2026/00530,2026-05-10T20:20:00,23.180489,72.609442,8842cc6a51fffff,chain_snatching,3,walk_in,Gandhinagar (other),chargesheeted,synthetic,1.0
0487bfad-2e98-5771-9190-355bd4a69cc7,GNR/2026/00531,2026-05-10T20:49:00,23.184103,72.644922,8842cc6ac9fffff,mobile_snatching,2,walk_in,Kudasan,chargesheeted,synthetic,1.0
9c3c5920-aa05-5f3d-a552-3060f30b55d2,GNR/2026/00532,2026-05-11T01:57:00,23.155094,72.691264,8842cc6ab1fffff,assault,4,walk_in,GIFT City,under_investigation,synthetic,1.0
831d2cc1-87a7-5c01-a8b6-047b4f161ea0,GNR/2026/00533,2026-05-11T03:17:00,23.226542,72.657125,8842cc611bfffff,robbery,4,online,Sector 21 Market,chargesheeted,synthetic,1.0
0fe5652e-fc7c-5351-a33f-844f5808b604,GNR/2026/00534,2026-05-11T05:42:00,23.232886,72.644289,8842cc6153fffff,burglary,3,helpline,Sector 16 Commercial,chargesheeted,synthetic,1.0
2e0b72da-a141-5049-87dd-6ee8af89d56d,GNR/2026/00535,2026-05-11T09:09:00,23.176291,72.643118,8842cc6acdfffff,pickpocketing,1,walk_in,Gandhinagar (other),under_investigation,synthetic,1.0
45f3e0ac-c4c5-5fe6-9622-8e425a9f62d9,GNR/2026/00536,2026-05-11T13:53:00,23.230737,72.644427,8842cc6153fffff,theft,2,walk_in,Sector 16 Commercial,chargesheeted,synthetic,1.0
e3b60045-d1b0-5009-a2bc-4eac2fe5eb87,GNR/2026/00537,2026-05-11T15:41:00,23.191069,72.640562,8842cc6123fffff,assault,4,online,Kudasan,chargesheeted,synthetic,1.0
7b8a0479-91e1-55a3-8ee2-d4d016513c79,GNR/2026/00538,2026-05-12T01:10:00,23.212351,72.658949,8842cc6117fffff,vehicle_theft,3,patrol,Sector 21 Market,closed,synthetic,1.0
6383a104-a829-5a32-a922-7e46f7cdcc15,GNR/2026/00539,2026-05-12T04:55:00,23.209844,72.623841,8842cc610dfffff,vandalism,2,online,Sector 7 Secretariat,chargesheeted,synthetic,1.0
201438d4-4595-54f8-a960-53f3a21aee0c,GNR/2026/00540,2026-05-12T09:26:00,23.193118,72.64925,8842cc6135fffff,assault,4,helpline,Kudasan,chargesheeted,synthetic,1.0
923a87a7-fa37-5934-8399-f08990db882f,GNR/2026/00541,2026-05-12T09:26:00,23.159299,72.676399,8842cc6a87fffff,vandalism,2,online,GIFT City,closed,synthetic,1.0
61da5fbf-89dd-568b-b62a-55e7963fa151,GNR/2026/00542,2026-05-12T11:13:00,23.188221,72.622039,8842cc612dfffff,theft,2,patrol,Infocity,closed,synthetic,1.0
a548f970-825f-5542-b4bd-a0759b78b0e2,GNR/2026/00543,2026-05-12T17:32:00,23.210465,72.631034,8842cc6101fffff,vandalism,2,online,Sector 7 Secretariat,chargesheeted,synthetic,1.0
6fdb72f8-9c3d-53a2-8581-a75828360119,GNR/2026/00544,2026-05-12T17:54:00,23.175778,72.624275,8842cc6a19fffff,burglary,3,online,Sargasan Crossroads,closed,synthetic,1.0
7887eb0d-61ca-5054-b35d-c864ce57add9,GNR/2026/00545,2026-05-12T18:58:00,23.215964,72.633628,8842cc610bfffff,robbery,4,walk_in,Sector 7 Secretariat,closed,synthetic,1.0
ace769c8-3dbb-5adc-9514-683430a99bd4,GNR/2026/00546,2026-05-12T21:10:00,23.214126,72.620105,8842cc6147fffff,robbery,4,walk_in,Sector 7 Secretariat,chargesheeted,synthetic,1.0
cd2b55e2-c2ce-5af1-a984-fbbc74608c5e,GNR/2026/00547,2026-05-12T21:52:00,23.16216,72.67754,8842cc6a87fffff,theft,2,helpline,GIFT City,closed,synthetic,1.0
3acee58b-f480-50b2-b4ae-10ebd3b5e336,GNR/2026/00548,2026-05-13T02:08:00,23.219829,72.655203,8842cc6111fffff,vehicle_theft,3,helpline,Sector 21 Market,chargesheeted,synthetic,1.0
843190fe-2fad-502a-b7a0-ffe4fdb80220,GNR/2026/00549,2026-05-13T07:42:00,23.21616,72.637856,8842cc610bfffff,robbery,4,helpline,Sector 7 Secretariat,under_investigation,synthetic,1.0
8d2bdc6e-5054-5b68-9c36-e3d4ea19aae0,GNR/2026/00550,2026-05-13T12:20:00,23.23178,72.644356,8842cc6153fffff,burglary,3,helpline,Sector 16 Commercial,under_investigation,synthetic,1.0
97888c1c-7ef3-5a5a-b0e7-d6046b191227,GNR/2026/00551,2026-05-13T14:31:00,23.160964,72.625527,8842cc6a15fffff,theft,2,helpline,Sargasan Crossroads,closed,synthetic,1.0
3d332a4a-5bbe-5967-98ef-9095e077791f,GNR/2026/00552,2026-05-13T18:33:00,23.222505,72.663696,8842cc6113fffff,theft,2,walk_in,Sector 21 Market,chargesheeted,synthetic,1.0
4ff4b971-759b-5109-a7af-7d1478780be9,GNR/2026/00553,2026-05-14T01:23:00,23.217734,72.647465,8842cc611dfffff,theft,2,helpline,Sector 21 Market,closed,synthetic,1.0
cb76219f-85dd-5a54-92e5-814af03bab1a,GNR/2026/00554,2026-05-14T16:58:00,23.227259,72.649818,8842cc6119fffff,mobile_snatching,2,online,Sector 16 Commercial,closed,synthetic,1.0
f0966e58-f5ef-55ee-a12d-8cebea00d712,GNR/2026/00555,2026-05-14T18:16:00,23.168287,72.627492,8842cc6a11fffff,vehicle_theft,3,walk_in,Sargasan Crossroads,closed,synthetic,1.0
45c11c2f-f6b5-5776-b017-84f4deb043ba,GNR/2026/00556,2026-05-14T19:09:00,23.203077,72.631112,8842cc6105fffff,harassment,3,walk_in,Sector 7 Secretariat,chargesheeted,synthetic,1.0
6a5193b6-7f51-5482-982d-e30173f3e2ec,GNR/2026/00557,2026-05-14T21:01:00,23.223302,72.629602,8842cc6155fffff,robbery,4,online,Sector 7 Secretariat,closed,synthetic,1.0
2a8d3563-3ee0-5e5e-aee3-a136a3736ad6,GNR/2026/00558,2026-05-14T21:56:00,23.184815,72.637572,8842cc6127fffff,theft,2,helpline,Kudasan,under_investigation,synthetic,1.0
ae3c3efb-69cc-55cf-9628-6105c532a4e2,GNR/2026/00559,2026-05-15T00:49:00,23.224233,72.639767,8842cc6157fffff,mobile_snatching,2,online,Sector 16 Commercial,closed,synthetic,1.0
c8910802-817e-52bf-a28b-5dd6cdeef879,GNR/2026/00560,2026-05-15T04:53:00,23.220408,72.653735,8842cc6111fffff,chain_snatching,3,walk_in,Sector 21 Market,chargesheeted,synthetic,1.0
c00e1ea3-0510-58ad-b7f5-a9f103dea2e1,GNR/2026/00561,2026-05-15T12:47:00,23.223914,72.639627,8842cc6157fffff,vandalism,2,walk_in,Sector 16 Commercial,chargesheeted,synthetic,1.0
fdb02b38-137b-5fac-b1e0-562bed927823,GNR/2026/00562,2026-05-15T16:12:00,23.170579,72.689601,8842cc6a95fffff,theft,2,helpline,GIFT City,chargesheeted,synthetic,1.0
855c1504-3af4-5075-ba51-060d875a4e41,GNR/2026/00563,2026-05-15T16:26:00,23.169525,72.637187,8842cc6a13fffff,burglary,3,walk_in,Sargasan Crossroads,closed,synthetic,1.0
eb5802cc-e7c9-50fb-bff0-df47bcb02a09,GNR/2026/00564,2026-05-15T19:27:00,23.231606,72.659808,8842cc6027fffff,chain_snatching,3,helpline,Akshardham (Sector 20),chargesheeted,synthetic,1.0
008c106f-56d8-5924-a4a9-ccbd02b21a24,GNR/2026/00565,2026-05-15T21:27:00,23.230456,72.633971,8842cc6151fffff,theft,2,patrol,Sector 16 Commercial,chargesheeted,synthetic,1.0
afb1717d-ca41-5153-94f4-9014fdbb0d91,GNR/2026/00566,2026-05-16T00:45:00,23.179979,72.628483,8842cc6125fffff,vandalism,2,patrol,Infocity,closed,synthetic,1.0
2562db9c-8b79-5cd2-bc92-fb00d51dbf96,GNR/2026/00567,2026-05-16T01:44:00,23.232686,72.662124,8842cc6027fffff,assault,4,helpline,Akshardham (Sector 20),chargesheeted,synthetic,1.0
118b8607-0a5b-54d7-b6b2-dc929ea98f2d,GNR/2026/00568,2026-05-16T02:36:00,23.212903,72.660586,8842cc6117fffff,vehicle_theft,3,online,Sector 21 Market,under_investigation,synthetic,1.0
b13cb015-efd3-593f-b9f3-085a229c6fde,GNR/2026/00569,2026-05-16T03:11:00,23.181671,72.618434,8842cc6a53fffff,burglary,3,patrol,Infocity,closed,synthetic,1.0
41e06970-57fb-509b-bd7e-c48836d9241e,GNR/2026/00570,2026-05-16T05:29:00,23.240463,72.656018,8842cc6021fffff,pickpocketing,1,online,Akshardham (Sector 20),chargesheeted,synthetic,1.0
2265b0fe-e971-5106-a878-3706037bc127,GNR/2026/00571,2026-05-16T06:22:00,23.231871,72.66386,8842cc6027fffff,mobile_snatching,2,online,Akshardham (Sector 20),chargesheeted,synthetic,1.0
9b7b2120-7775-5acb-add5-9dd6ac354acb,GNR/2026/00572,2026-05-16T08:12:00,23.231247,72.662564,8842cc6027fffff,mobile_snatching,2,walk_in,Akshardham (Sector 20),chargesheeted,synthetic,1.0
3d5f235e-1d8b-560a-bcef-0cce3094e37a,GNR/2026/00573,2026-05-16T12:47:00,23.168639,72.680409,8842cc6a83fffff,burglary,3,walk_in,GIFT City,closed,synthetic,1.0
398c5208-299b-56d2-a720-1a32dd7763af,GNR/2026/00574,2026-05-16T14:48:00,23.181378,72.618013,8842cc6a53fffff,burglary,3,walk_in,Infocity,closed,synthetic,1.0
e8d9445c-3366-5b4f-b4a5-4ba490314c08,GNR/2026/00575,2026-05-16T15:51:00,23.160139,72.679528,8842cc6a87fffff,theft,2,online,GIFT City,closed,synthetic,1.0
7d6a4183-99ac-5565-99ed-09edf25d090e,GNR/2026/00576,2026-05-16T20:57:00,23.219899,72.665507,8842cc6113fffff,mobile_snatching,2,online,Gandhinagar (other),closed,synthetic,1.0
8e6c119a-0b3c-5778-97fd-3f6765f5f8a3,GNR/2026/00577,2026-05-16T23:56:00,23.218223,72.645669,8842cc611dfffff,mobile_snatching,2,walk_in,Sector 21 Market,closed,synthetic,1.0
59a14e8e-5aee-5b56-af4e-ea0c0d8a5763,GNR/2026/00578,2026-05-17T00:12:00,23.169284,72.639887,8842cc6a13fffff,robbery,4,helpline,Sargasan Crossroads,under_investigation,synthetic,1.0
a88b0135-668e-52bb-95e1-e0403cf31642,GNR/2026/00579,2026-05-17T00:18:00,23.224566,72.639645,8842cc6157fffff,mobile_snatching,2,online,Sector 16 Commercial,under_investigation,synthetic,1.0
ad3d1518-07ba-518b-9689-ea4cd204f818,GNR/2026/00580,2026-05-17T00:21:00,23.240706,72.665313,8842cc6023fffff,robbery,4,helpline,Akshardham (Sector 20),closed,synthetic,1.0
1e3233e3-dd2e-577b-a000-03b4090043e3,GNR/2026/00581,2026-05-17T07:35:00,23.216547,72.627964,8842cc6109fffff,vandalism,2,online,Sector 7 Secretariat,closed,synthetic,1.0
d2147a39-c4c9-59a5-af92-66de0e034a45,GNR/2026/00582,2026-05-17T10:24:00,23.197487,72.634039,8842cc612bfffff,burglary,3,online,Kudasan,closed,synthetic,1.0
b57a56be-1e54-55ba-afcc-ee2a034a5954,GNR/2026/00583,2026-05-17T12:15:00,23.160673,72.678812,8842cc6a87fffff,burglary,3,walk_in,GIFT City,chargesheeted,synthetic,1.0
b604432f-9ab8-57d2-9ed7-5bff3a074a2e,GNR/2026/00584,2026-05-17T19:17:00,23.168001,72.681919,8842cc6a83fffff,harassment,3,walk_in,GIFT City,chargesheeted,synthetic,1.0
4bfd1cf2-2171-554a-a037-0b77a4095e21,GNR/2026/00585,2026-05-17T19:34:00,23.177856,72.624142,8842cc6a19fffff,theft,2,walk_in,Sargasan Crossroads,chargesheeted,synthetic,1.0
5c3ad1a1-8b66-5791-9120-18f2d325fe5c,GNR/2026/00586,2026-05-17T20:17:00,23.190993,72.640481,8842cc6123fffff,mobile_snatching,2,patrol,Kudasan,closed,synthetic,1.0
fa7cfc47-4c8c-5014-948a-bf0a12683423,GNR/2026/00587,2026-05-18T01:20:00,23.168085,72.631387,8842cc6a11fffff,vehicle_theft,3,online,Sargasan Crossroads,closed,synthetic,1.0
680d5614-dafb-5b45-91df-3019df5cab42,GNR/2026/00588,2026-05-18T01:32:00,23.168587,72.62861,8842cc6a11fffff,vandalism,2,helpline,Sargasan Crossroads,chargesheeted,synthetic,1.0
3711edef-2f4c-517f-9af3-a7f867bca370,GNR/2026/00589,2026-05-18T03:29:00,23.214115,72.628906,8842cc6109fffff,robbery,4,walk_in,Sector 7 Secretariat,chargesheeted,synthetic,1.0
a60a7dba-dbd6-5d46-91f0-d9896905f7cd,GNR/2026/00590,2026-05-18T05:34:00,23.220006,72.654547,8842cc6111fffff,harassment,3,online,Sector 21 Market,closed,synthetic,1.0
061e946a-615c-5e71-aad8-acde3a0d763c,GNR/2026/00591,2026-05-18T09:20:00,23.152534,72.681841,8842cc6abdfffff,robbery,4,helpline,GIFT City,chargesheeted,synthetic,1.0
59dec1fb-bcf2-5907-8cbe-623b14962198,GNR/2026/00592,2026-05-18T10:23:00,23.176911,72.632837,8842cc6a1bfffff,theft,2,patrol,Sargasan Crossroads,chargesheeted,synthetic,1.0
f7d68814-df7a-546f-8cf8-104948d7e6ea,GNR/2026/00593,2026-05-18T13:17:00,23.206461,72.6476,8842cc6139fffff,vehicle_theft,3,online,Gandhinagar (other),chargesheeted,synthetic,1.0
f975dc49-0736-5cd0-bc19-0d7264f15c6a,GNR/2026/00594,2026-05-18T16:23:00,23.239815,72.656138,8842cc6021fffff,pickpocketing,1,helpline,Akshardham (Sector 20),chargesheeted,synthetic,1.0
72f07fb6-f50c-521a-aff3-6c73c7e41d9c,GNR/2026/00595,2026-05-18T18:13:00,23.16249,72.634839,8842cc6a17fffff,vehicle_theft,3,walk_in,Sargasan Crossroads,chargesheeted,synthetic,1.0
6c5d5df9-d15e-5eef-82a5-8ce38d3d3e36,GNR/2026/00596,2026-05-18T18:13:00,23.161973,72.675809,8842cc6a87fffff,theft,2,online,GIFT City,under_investigation,synthetic,1.0
4cf772a1-056c-5eb1-9b0a-7676ef20d968,GNR/2026/00597,2026-05-18T20:59:00,23.203186,72.639816,8842cc6107fffff,mobile_snatching,2,online,Sector 7 Secretariat,closed,synthetic,1.0
0243bfa2-98c1-5f5a-bf80-87a8bae26d14,GNR/2026/00598,2026-05-18T21:14:00,23.168333,72.638425,8842cc6a13fffff,robbery,4,online,Sargasan Crossroads,closed,synthetic,1.0
a7c49486-fa12-577f-b18c-91fba3f6a430,GNR/2026/00599,2026-05-18T21:54:00,23.195413,72.625014,8842cc6129fffff,mobile_snatching,2,online,Infocity,chargesheeted,synthetic,1.0
60c54ba1-ab6e-583f-8ad2-3251fd609052,GNR/2026/00600,2026-05-18T22:00:00,23.2187,72.650754,8842cc6111fffff,chain_snatching,3,helpline,Sector 21 Market,closed,synthetic,1.0
cd03a113-2baf-572c-bfa4-70b5ce22ca1b,GNR/2026/00601,2026-05-18T22:10:00,23.181071,72.619014,8842cc6a53fffff,vandalism,2,helpline,Infocity,chargesheeted,synthetic,1.0
a884345d-549e-5544-a4c7-c71b51d4bf5f,GNR/2026/00602,2026-05-19T00:40:00,23.244209,72.633913,8842cc6065fffff,vehicle_theft,3,helpline,Gandhinagar (other),chargesheeted,synthetic,1.0
9852930e-b3c9-58a5-9f07-9ecb2ee30173,GNR/2026/00603,2026-05-19T08:49:00,23.169997,72.688522,8842cc6a95fffff,burglary,3,walk_in,GIFT City,closed,synthetic,1.0
c96899e5-de5c-5526-892d-8ec904ae1d27,GNR/2026/00604,2026-05-19T10:25:00,23.190638,72.634108,8842cc6121fffff,burglary,3,walk_in,Kudasan,chargesheeted,synthetic,1.0
c160bab7-ed81-5c8a-b80a-85b3511c7b39,GNR/2026/00605,2026-05-19T11:43:00,23.201797,72.629835,8842cc6105fffff,assault,4,online,Sector 7 Secretariat,chargesheeted,synthetic,1.0
a12b6206-3b89-5f5a-8ece-bb74b7061967,GNR/2026/00606,2026-05-19T13:37:00,23.170044,72.689859,8842cc6a95fffff,burglary,3,patrol,GIFT City,chargesheeted,synthetic,1.0
a80b4c8a-bd8c-59ab-abf3-f7b116b6c74d,GNR/2026/00607,2026-05-19T15:03:00,23.169182,72.628652,8842cc6a11fffff,harassment,3,online,Sargasan Crossroads,closed,synthetic,1.0
d7106deb-9ea2-5908-a431-947098b1fab2,GNR/2026/00608,2026-05-19T15:34:00,23.21197,72.651381,8842cc6115fffff,burglary,3,online,Sector 21 Market,chargesheeted,synthetic,1.0
2e0aa0ba-bda1-5f5f-889b-db7bdea6c350,GNR/2026/00609,2026-05-19T16:21:00,23.19454,72.636852,8842cc612bfffff,harassment,3,helpline,Kudasan,chargesheeted,synthetic,1.0
92ceac33-6ebb-50c7-9361-c429e20a918e,GNR/2026/00610,2026-05-19T19:39:00,23.15949,72.67776,8842cc6a87fffff,theft,2,helpline,GIFT City,chargesheeted,synthetic,1.0
af980910-74c7-5662-b711-b3b678aaf711,GNR/2026/00611,2026-05-19T20:42:00,23.162173,72.634541,8842cc6a17fffff,robbery,4,helpline,Sargasan Crossroads,chargesheeted,synthetic,1.0
87ca11e9-4679-5a27-9157-90c164c087dd,GNR/2026/00612,2026-05-19T21:07:00,23.195242,72.626321,8842cc6129fffff,chain_snatching,3,online,Infocity,chargesheeted,synthetic,1.0
eab131a6-101f-5270-8b66-a2d1c16b73c6,GNR/2026/00613,2026-05-19T23:34:00,23.20363,72.629349,8842cc6105fffff,vehicle_theft,3,patrol,Sector 7 Secretariat,chargesheeted,synthetic,1.0
11e806a2-d917-51b9-836a-c4bb02b7ffe4,GNR/2026/00614,2026-05-20T00:10:00,23.216283,72.628095,8842cc6109fffff,robbery,4,walk_in,Sector 7 Secretariat,under_investigation,synthetic,1.0
0da2945d-0cfb-50a1-96fe-4bcf570586b9,GNR/2026/00615,2026-05-20T13:30:00,23.203475,72.637918,8842cc6107fffff,theft,2,walk_in,Sector 7 Secretariat,chargesheeted,synthetic,1.0
26ffd0c1-858f-50f4-88b6-3b160646d289,GNR/2026/00616,2026-05-20T15:48:00,23.238955,72.654859,8842cc6021fffff,pickpocketing,1,online,Akshardham (Sector 20),closed,synthetic,1.0
d5e134f4-afd8-55cc-9483-23873a470b52,GNR/2026/00617,2026-05-20T19:14:00,23.188149,72.631583,8842cc6121fffff,theft,2,walk_in,Infocity,chargesheeted,synthetic,1.0
52bebaec-c797-5542-949b-6541a0a58c32,GNR/2026/00618,2026-05-20T21:35:00,23.246639,72.660542,8842cc602bfffff,chain_snatching,3,helpline,Akshardham (Sector 20),closed,synthetic,1.0
fe88dd1c-a96a-5fe7-8c8d-561821d86ea2,GNR/2026/00619,2026-05-20T21:54:00,23.203866,72.631397,8842cc6105fffff,robbery,4,online,Sector 7 Secretariat,chargesheeted,synthetic,1.0
fc65b589-5dac-5a82-acc8-f4be25aaf646,GNR/2026/00620,2026-05-21T01:27:00,23.238741,72.635947,8842cc615bfffff,mobile_snatching,2,patrol,Sector 16 Commercial,closed,synthetic,1.0
96f0b928-d1b8-51a7-9459-a9182b8154f1,GNR/2026/00621,2026-05-21T04:45:00,23.187411,72.623092,8842cc612dfffff,mobile_snatching,2,walk_in,Infocity,closed,synthetic,1.0
0c9890d8-b259-5172-9d0a-ce2a8850f96f,GNR/2026/00622,2026-05-21T06:45:00,23.218993,72.655099,8842cc6111fffff,vehicle_theft,3,patrol,Sector 21 Market,closed,synthetic,1.0
f7cb6bf2-0c41-5d3f-9f4e-35901f9ad421,GNR/2026/00623,2026-05-21T15:54:00,23.22427,72.640703,8842cc6157fffff,pickpocketing,1,helpline,Sector 16 Commercial,closed,synthetic,1.0
18b318ec-997d-5bf5-8475-5de0004910e1,GNR/2026/00624,2026-05-21T17:23:00,23.239709,72.656114,8842cc6021fffff,pickpocketing,1,walk_in,Akshardham (Sector 20),closed,synthetic,1.0
9fd48021-45cb-5a1a-88f7-b4e941d67f70,GNR/2026/00625,2026-05-21T19:54:00,23.220159,72.654989,8842cc6111fffff,theft,2,helpline,Sector 21 Market,closed,synthetic,1.0
c06f9f1b-1656-5827-9204-0c166fe7685c,GNR/2026/00626,2026-05-22T01:07:00,23.197503,72.625195,8842cc6129fffff,assault,4,walk_in,Infocity,chargesheeted,synthetic,1.0
7642de60-c464-590b-a97f-9f9b4119cbdd,GNR/2026/00627,2026-05-22T03:07:00,23.195466,72.625038,8842cc6129fffff,assault,4,helpline,Infocity,closed,synthetic,1.0
c9f7a61b-7b35-5ed3-9e92-6dfaba7b6215,GNR/2026/00628,2026-05-22T08:53:00,23.224704,72.648447,8842cc6119fffff,theft,2,walk_in,Sector 21 Market,closed,synthetic,1.0
ded2d319-71df-57fa-9562-ab434baf0d81,GNR/2026/00629,2026-05-22T11:17:00,23.232154,72.66197,8842cc6027fffff,assault,4,patrol,Akshardham (Sector 20),under_investigation,synthetic,1.0
832c6094-96b5-574b-bb0f-2cd85876c673,GNR/2026/00630,2026-05-22T11:44:00,23.24093,72.639758,8842cc615bfffff,burglary,3,online,Sector 16 Commercial,chargesheeted,synthetic,1.0
9ac08fd6-fdd5-5b0c-8e0b-c55df02c9bec,GNR/2026/00631,2026-05-22T12:22:00,23.231302,72.633393,8842cc6151fffff,harassment,3,helpline,Sector 16 Commercial,closed,synthetic,1.0
05c836fe-1f91-5aa0-a43d-6c9ab05ec3e2,GNR/2026/00632,2026-05-22T13:51:00,23.187983,72.64078,8842cc6123fffff,mobile_snatching,2,patrol,Kudasan,closed,synthetic,1.0
0b92fd1c-3104-5b2a-b023-3544ad69d0db,GNR/2026/00633,2026-05-22T18:23:00,23.218069,72.647036,8842cc611dfffff,burglary,3,online,Sector 21 Market,under_investigation,synthetic,1.0
ea9e87a6-e2da-52eb-82f9-7e3a4e23bff8,GNR/2026/00634,2026-05-22T19:03:00,23.181589,72.628806,8842cc6125fffff,pickpocketing,1,walk_in,Infocity,chargesheeted,synthetic,1.0
e9d778a1-51d8-5dcd-a60a-a8cd96163c63,GNR/2026/00635,2026-05-22T19:07:00,23.203272,72.649306,8842cc6139fffff,robbery,4,online,Gandhinagar (other),chargesheeted,synthetic,1.0
f58a9f3d-55e5-5bae-8fad-66687a1ec444,GNR/2026/00636,2026-05-22T19:46:00,23.203607,72.637077,8842cc6107fffff,robbery,4,helpline,Sector 7 Secretariat,under_investigation,synthetic,1.0
3faf7482-c610-58f4-8c48-902c395f5e98,GNR/2026/00637,2026-05-22T20:07:00,23.188295,72.622294,8842cc612dfffff,pickpocketing,1,helpline,Infocity,chargesheeted,synthetic,1.0
812ed586-a339-56b5-b266-e166033ab8ac,GNR/2026/00638,2026-05-22T20:58:00,23.17608,72.614672,8842cc6a57fffff,burglary,3,online,Gandhinagar (other),closed,synthetic,1.0
5a54d31c-3a40-560f-8da0-f4ae8c36edf7,GNR/2026/00639,2026-05-23T05:54:00,23.171087,72.637438,8842cc6a13fffff,vehicle_theft,3,walk_in,Sargasan Crossroads,closed,synthetic,1.0
c137ba4b-1320-57c7-966a-44187065fe6a,GNR/2026/00640,2026-05-23T10:35:00,23.24457,72.64907,8842cc6029fffff,burglary,3,online,Akshardham (Sector 20),closed,synthetic,1.0
b1d96e8e-78d9-5bdd-94ba-efb0889ba077,GNR/2026/00641,2026-05-23T18:22:00,23.161672,72.687829,8842cc6ab9fffff,harassment,3,helpline,GIFT City,chargesheeted,synthetic,1.0
51109359-5578-5daf-8013-bd348152f895,GNR/2026/00642,2026-05-23T19:48:00,23.180885,72.619609,8842cc6a53fffff,theft,2,patrol,Infocity,under_investigation,synthetic,1.0
21ea13f6-34a8-570f-b9f7-9abfaea3a7b3,GNR/2026/00643,2026-05-24T03:52:00,23.211212,72.641614,8842cc6103fffff,vehicle_theft,3,walk_in,Sector 7 Secretariat,closed,synthetic,1.0
1c013cbd-3904-5915-a246-6d4c714360a4,GNR/2026/00644,2026-05-24T04:01:00,23.164101,72.683672,8842cc6ab9fffff,mobile_snatching,2,walk_in,GIFT City,closed,synthetic,1.0
ec11db19-728c-55ca-892d-6bf2cb1d4218,GNR/2026/00645,2026-05-24T06:18:00,23.20855,72.634005,8842cc6101fffff,vandalism,2,online,Sector 7 Secretariat,under_investigation,synthetic,1.0
28efb509-fd8c-5cc5-aa0c-6d72f3a34dcc,GNR/2026/00646,2026-05-24T08:38:00,23.212709,72.649948,8842cc6115fffff,chain_snatching,3,online,Sector 21 Market,closed,synthetic,1.0
c7b17657-f549-5237-a31b-5c9a1a7d5cf3,GNR/2026/00647,2026-05-24T11:13:00,23.159801,72.686441,8842cc6ab9fffff,burglary,3,patrol,GIFT City,chargesheeted,synthetic,1.0
1fc89c71-f0ae-5630-98d4-a8c2e546d061,GNR/2026/00648,2026-05-24T13:17:00,23.233299,72.662428,8842cc6027fffff,theft,2,patrol,Akshardham (Sector 20),chargesheeted,synthetic,1.0
8d4ecc68-af32-5036-b18b-faaa32166ed1,GNR/2026/00649,2026-05-24T18:02:00,23.245701,72.6594,8842cc602bfffff,pickpocketing,1,walk_in,Akshardham (Sector 20),chargesheeted,synthetic,1.0
ab0a5390-249b-56d8-8e11-a66d8fd3bd51,GNR/2026/00650,2026-05-24T19:07:00,23.204342,72.646001,8842cc6139fffff,burglary,3,helpline,Gandhinagar (other),closed,synthetic,1.0
19cba794-43a9-5c46-9048-60fcdf714055,GNR/2026/00651,2026-05-24T19:38:00,23.189884,72.621684,8842cc612dfffff,pickpocketing,1,patrol,Infocity,chargesheeted,synthetic,1.0
50d7fa6e-8f75-5105-910f-37f343fee3b1,GNR/2026/00652,2026-05-25T08:49:00,23.16903,72.639225,8842cc6a13fffff,assault,4,online,Sargasan Crossroads,under_investigation,synthetic,1.0
3113890d-c31e-540c-803d-15f6d0f6711c,GNR/2026/00653,2026-05-25T11:50:00,23.235317,72.669782,8842cc61c9fffff,theft,2,patrol,Akshardham (Sector 20),closed,synthetic,1.0
010d572a-7257-5c6b-a00e-02f392ef0af2,GNR/2026/00654,2026-05-25T12:28:00,23.229092,72.644553,8842cc6153fffff,pickpocketing,1,online,Sector 16 Commercial,under_investigation,synthetic,1.0
b8cd243c-35aa-5ee8-b590-6ec989b6b75e,GNR/2026/00655,2026-05-25T19:19:00,23.231421,72.642228,8842cc6153fffff,mobile_snatching,2,helpline,Sector 16 Commercial,closed,synthetic,1.0
53d53a36-a869-5c26-b51e-a61c92eec397,GNR/2026/00656,2026-05-25T19:23:00,23.243331,72.676438,8842cc6035fffff,pickpocketing,1,helpline,Gandhinagar (other),chargesheeted,synthetic,1.0
92838dd0-d23a-5007-8ac3-cd0c45fe342a,GNR/2026/00657,2026-05-25T19:35:00,23.183967,72.627295,8842cc6125fffff,harassment,3,walk_in,Infocity,closed,synthetic,1.0
c5004dac-9f75-56a2-bc4d-436e56926e1e,GNR/2026/00658,2026-05-25T19:48:00,23.225945,72.639171,8842cc6157fffff,burglary,3,patrol,Sector 16 Commercial,closed,synthetic,1.0
6729d473-d1de-581f-bfc0-eefbcfec776b,GNR/2026/00659,2026-05-25T22:15:00,23.207518,72.658108,8842cc613bfffff,theft,2,walk_in,Gandhinagar (other),under_investigation,synthetic,1.0
3b1cf6ad-f8de-5bd4-bf5d-594eb7369fea,GNR/2026/00660,2026-05-25T22:59:00,23.156949,72.69155,8842cc6ab1fffff,chain_snatching,3,walk_in,GIFT City,chargesheeted,synthetic,1.0
28baf3b4-1fd9-543d-8da0-4ae2493783b3,GNR/2026/00661,2026-05-26T00:15:00,23.169573,72.630468,8842cc6a11fffff,assault,4,helpline,Sargasan Crossroads,closed,synthetic,1.0
f13caaa5-b2f3-5bdd-8b77-1406140a6e7a,GNR/2026/00662,2026-05-26T04:16:00,23.217641,72.645487,8842cc611dfffff,harassment,3,patrol,Sector 21 Market,closed,synthetic,1.0
ac8bfd10-1db9-5e2d-8a91-e91eab9bbdcf,GNR/2026/00663,2026-05-26T08:53:00,23.218573,72.653434,8842cc6111fffff,vehicle_theft,3,patrol,Sector 21 Market,chargesheeted,synthetic,1.0
b171ff8e-f906-57df-bca5-e3d790968d7c,GNR/2026/00664,2026-05-26T09:02:00,23.214684,72.660205,8842cc6117fffff,burglary,3,walk_in,Sector 21 Market,closed,synthetic,1.0
34af8a9e-6b6a-5a63-9ab2-5056cf91d666,GNR/2026/00665,2026-05-26T13:32:00,23.169953,72.691005,8842cc6a95fffff,burglary,3,walk_in,GIFT City,chargesheeted,synthetic,1.0
ec4c2f8d-46b6-5f38-bb64-b973720f20d8,GNR/2026/00666,2026-05-26T13:43:00,23.210265,72.631911,8842cc6101fffff,theft,2,helpline,Sector 7 Secretariat,closed,synthetic,1.0
1578e482-73fa-5106-983e-183d4dc9f9f4,GNR/2026/00667,2026-05-26T14:42:00,23.164651,72.695778,8842cc6abbfffff,burglary,3,patrol,GIFT City,under_investigation,synthetic,1.0
11a3692f-a18a-55af-a0e2-acff49ce38a8,GNR/2026/00668,2026-05-26T18:11:00,23.212328,72.662224,8842cc6117fffff,theft,2,online,Gandhinagar (other),chargesheeted,synthetic,1.0
913bc2ef-56bc-5bb6-bda4-84259e327feb,GNR/2026/00669,2026-05-26T18:34:00,23.189863,72.622709,8842cc612dfffff,harassment,3,patrol,Infocity,closed,synthetic,1.0
32fcff92-de81-51e5-97a5-c1f5742bc7de,GNR/2026/00670,2026-05-26T19:36:00,23.227068,72.650256,8842cc6119fffff,harassment,3,helpline,Sector 21 Market,chargesheeted,synthetic,1.0
909cd184-7d3b-5fd4-aee2-2d6766810bb2,GNR/2026/00671,2026-05-26T21:22:00,23.168996,72.6295,8842cc6a11fffff,vehicle_theft,3,helpline,Sargasan Crossroads,closed,synthetic,1.0
944dffac-a8d3-53e9-aaa3-c8fbe4029936,GNR/2026/00672,2026-05-26T22:42:00,23.169485,72.621792,8842cc6a1dfffff,chain_snatching,3,walk_in,Sargasan Crossroads,under_investigation,synthetic,1.0
393f821d-ce6d-50bf-b5cb-fdd9f9b7a897,GNR/2026/00673,2026-05-26T23:51:00,23.2415,72.653934,8842cc6021fffff,vehicle_theft,3,patrol,Akshardham (Sector 20),under_investigation,synthetic,1.0
68db949b-7cb9-5285-96c3-2dd89fe91c5d,GNR/2026/00674,2026-05-26T23:59:00,23.161236,72.684769,8842cc6ab9fffff,mobile_snatching,2,patrol,GIFT City,under_investigation,synthetic,1.0
18fe699d-5ad7-5d1e-a34e-cba3c8464c30,GNR/2026/00675,2026-05-27T03:12:00,23.176486,72.634095,8842cc6a1bfffff,vehicle_theft,3,walk_in,Sargasan Crossroads,closed,synthetic,1.0
84fbd70e-a58b-5cb8-8f41-9464d6159dab,GNR/2026/00676,2026-05-27T16:31:00,23.203587,72.649768,8842cc6139fffff,chain_snatching,3,helpline,Gandhinagar (other),closed,synthetic,1.0
38f3b4c8-eab8-5f1e-a0f0-8f6c391295d2,GNR/2026/00677,2026-05-27T17:49:00,23.211567,72.651229,8842cc6115fffff,vehicle_theft,3,online,Sector 21 Market,closed,synthetic,1.0
a493e728-34a2-5731-b3ac-65c2401c3b33,GNR/2026/00678,2026-05-27T18:11:00,23.217642,72.637001,8842cc610bfffff,harassment,3,online,Sector 7 Secretariat,chargesheeted,synthetic,1.0
299f8584-5e92-5f6a-a3e1-92452454144a,GNR/2026/00679,2026-05-27T19:58:00,23.2126,72.661647,8842cc6117fffff,mobile_snatching,2,patrol,Sector 21 Market,chargesheeted,synthetic,1.0
c16fd52c-7cb0-5ff0-a6b0-e84e31fd42ab,GNR/2026/00680,2026-05-27T21:42:00,23.207233,72.665251,8842cc61edfffff,mobile_snatching,2,patrol,Gandhinagar (other),chargesheeted,synthetic,1.0
75af89b9-9fd3-58fd-8bb7-d9dc8e21a383,GNR/2026/00681,2026-05-27T22:25:00,23.210947,72.642169,8842cc6103fffff,theft,2,online,Sector 7 Secretariat,closed,synthetic,1.0
f3437990-c03c-58e6-8a74-7160516e721c,GNR/2026/00682,2026-05-28T07:24:00,23.172466,72.639661,8842cc6a13fffff,mobile_snatching,2,patrol,Sargasan Crossroads,chargesheeted,synthetic,1.0
43460ad9-497d-55d1-b7b5-cfafc8ad5ab3,GNR/2026/00683,2026-05-28T11:17:00,23.197196,72.643183,8842cc613dfffff,burglary,3,walk_in,Kudasan,closed,synthetic,1.0
df033745-5e22-515c-9c26-f10f7b3e5e48,GNR/2026/00684,2026-05-28T11:42:00,23.217049,72.645148,8842cc611dfffff,pickpocketing,1,online,Sector 21 Market,chargesheeted,synthetic,1.0
b15e38f6-edc6-5f3a-9577-589d03932a2d,GNR/2026/00685,2026-05-28T13:25:00,23.189802,72.631595,8842cc6121fffff,pickpocketing,1,patrol,Infocity,chargesheeted,synthetic,1.0
ff77b255-aa08-5c2e-80cc-0f0082b459df,GNR/2026/00686,2026-05-28T16:12:00,23.25284,72.656584,8842cc6005fffff,burglary,3,helpline,Gandhinagar (other),closed,synthetic,1.0
fe7ebb3a-c5c1-5550-bbd8-b247b274c2f4,GNR/2026/00687,2026-05-28T18:27:00,23.163647,72.6457,8842cc6ae9fffff,mobile_snatching,2,walk_in,Gandhinagar (other),closed,synthetic,1.0
b93e928b-e8e5-55eb-b655-7ab72e9798e0,GNR/2026/00688,2026-05-28T21:16:00,23.160871,72.685644,8842cc6ab9fffff,chain_snatching,3,helpline,GIFT City,chargesheeted,synthetic,1.0
5cda14c5-c37a-5b71-859d-ac6ee137a489,GNR/2026/00689,2026-05-28T22:26:00,23.205143,72.639457,8842cc6107fffff,theft,2,helpline,Sector 7 Secretariat,chargesheeted,synthetic,1.0
6339ff11-5de7-5b23-ab8e-6fff62a16858,GNR/2026/00690,2026-05-29T00:27:00,23.196212,72.644731,8842cc613dfffff,chain_snatching,3,helpline,Kudasan,chargesheeted,synthetic,1.0
50419d47-372c-5fa9-9dec-b277c979fab4,GNR/2026/00691,2026-05-29T01:57:00,23.212249,72.652691,8842cc6115fffff,burglary,3,walk_in,Sector 21 Market,chargesheeted,synthetic,1.0
6cc252f0-27ee-5979-a3a6-cf8fc6c97510,GNR/2026/00692,2026-05-29T02:21:00,23.218565,72.662198,8842cc6113fffff,vehicle_theft,3,patrol,Sector 21 Market,chargesheeted,synthetic,1.0
54c28e3e-2800-5bfb-88f9-ce96cd73ae54,GNR/2026/00693,2026-05-29T04:43:00,23.224953,72.646303,8842cc6119fffff,burglary,3,helpline,Sector 16 Commercial,under_investigation,synthetic,1.0
4d007af4-b34b-5022-8fbc-6bbf598f2b5f,GNR/2026/00694,2026-05-29T05:36:00,23.223297,72.649695,8842cc6119fffff,vehicle_theft,3,online,Sector 21 Market,chargesheeted,synthetic,1.0
299ed662-d9d4-5a86-8c04-933d3ea20fad,GNR/2026/00695,2026-05-29T07:22:00,23.211287,72.651069,8842cc6115fffff,harassment,3,online,Sector 21 Market,closed,synthetic,1.0
e7135539-7d46-5752-a35e-e88ab3ec0e30,GNR/2026/00696,2026-05-29T08:57:00,23.182391,72.627688,8842cc6125fffff,burglary,3,helpline,Infocity,closed,synthetic,1.0
f024fe26-c4be-5b3a-963a-03cb6ba96516,GNR/2026/00697,2026-05-29T09:37:00,23.182821,72.637318,8842cc6127fffff,chain_snatching,3,patrol,Infocity,closed,synthetic,1.0
73eb1420-cca0-54ed-882d-a73069e73c57,GNR/2026/00698,2026-05-29T12:25:00,23.160585,72.686059,8842cc6ab9fffff,burglary,3,patrol,GIFT City,chargesheeted,synthetic,1.0
e38fec74-59b7-5ef0-8477-684d11c8cc73,GNR/2026/00699,2026-05-29T12:50:00,23.219028,72.652245,8842cc6111fffff,burglary,3,helpline,Sector 21 Market,closed,synthetic,1.0
a9b00b4f-1bcb-514f-83b9-bc923c085753,GNR/2026/00700,2026-05-29T14:48:00,23.23232,72.642804,8842cc6153fffff,theft,2,patrol,Sector 16 Commercial,chargesheeted,synthetic,1.0
5f4060dc-50ed-5ff4-9592-dee52898a348,GNR/2026/00701,2026-05-29T18:29:00,23.248941,72.660209,8842cc602bfffff,harassment,3,walk_in,Akshardham (Sector 20),under_investigation,synthetic,1.0
fb0c0a5d-8f1d-5e32-a216-60acbad498ae,GNR/2026/00702,2026-05-29T20:30:00,23.182636,72.619025,8842cc6a53fffff,vandalism,2,patrol,Infocity,closed,synthetic,1.0
df7a133b-c1c1-5175-ae32-6f9c3451e5ae,GNR/2026/00703,2026-05-29T20:37:00,23.187927,72.633537,8842cc6121fffff,chain_snatching,3,helpline,Infocity,closed,synthetic,1.0
cbeba56d-bed2-5c46-8683-85942eb7a130,GNR/2026/00704,2026-05-29T21:09:00,23.206607,72.647504,8842cc6139fffff,burglary,3,walk_in,Gandhinagar (other),chargesheeted,synthetic,1.0
5816c445-d828-5df3-9c2e-8cb4cd95f31c,GNR/2026/00705,2026-05-29T21:11:00,23.175188,72.623878,8842cc6a19fffff,chain_snatching,3,online,Sargasan Crossroads,closed,synthetic,1.0
9ed5d122-6b14-57f0-b35a-1cb1c485789d,GNR/2026/00706,2026-05-29T21:52:00,23.20875,72.622895,8842cc610dfffff,theft,2,patrol,Sector 7 Secretariat,chargesheeted,synthetic,1.0
759cc0c4-8bdb-58a6-8949-257fd3e44d79,GNR/2026/00707,2026-05-30T13:08:00,23.238532,72.634562,8842cc615bfffff,theft,2,helpline,Sector 16 Commercial,chargesheeted,synthetic,1.0
bc4d480b-5c51-5d8d-b5a6-57a5918127cd,GNR/2026/00708,2026-05-30T14:05:00,23.15462,72.684146,8842cc6abdfffff,assault,4,walk_in,GIFT City,under_investigation,synthetic,1.0
626cca33-02b0-580c-b4fb-4902d530d056,GNR/2026/00709,2026-05-30T16:41:00,23.216575,72.653639,8842cc6111fffff,burglary,3,online,Sector 21 Market,closed,synthetic,1.0
b0fc794b-1d3f-58f1-ad4c-643abdaae2da,GNR/2026/00710,2026-05-30T17:40:00,23.193047,72.6322,8842cc6121fffff,robbery,4,helpline,Kudasan,chargesheeted,synthetic,1.0
ad9b9ca9-53d1-5e36-85f0-9f1d802ddf6a,GNR/2026/00711,2026-05-30T19:55:00,23.180357,72.62949,8842cc6125fffff,theft,2,patrol,Infocity,chargesheeted,synthetic,1.0
0e1b7cf9-b3d5-5e27-a0eb-1418ec0352c9,GNR/2026/00712,2026-05-30T23:10:00,23.167968,72.620379,8842cc6a1dfffff,robbery,4,helpline,Sargasan Crossroads,closed,synthetic,1.0
d4398f69-6f98-5aca-bf48-936ada8210a4,GNR/2026/00713,2026-05-30T23:35:00,23.163982,72.642689,8842cc6ae9fffff,vehicle_theft,3,walk_in,Sargasan Crossroads,chargesheeted,synthetic,1.0
98fa56c4-0a2a-5d2c-9a57-0e0f640a1100,GNR/2026/00714,2026-05-31T06:47:00,23.226228,72.657906,8842cc611bfffff,theft,2,walk_in,Sector 21 Market,closed,synthetic,1.0
887eee2a-59f1-5188-bc03-e1d161c755d9,GNR/2026/00715,2026-05-31T12:04:00,23.239673,72.665592,8842cc6023fffff,pickpocketing,1,helpline,Akshardham (Sector 20),closed,synthetic,1.0
3faeec10-aad6-5387-841f-fd2dab2bf9ef,GNR/2026/00716,2026-05-31T14:21:00,23.18316,72.638623,8842cc6127fffff,theft,2,online,Kudasan,chargesheeted,synthetic,1.0
8e06cafe-3aa8-5c42-a605-7098c9ee4a31,GNR/2026/00717,2026-05-31T14:58:00,23.189321,72.631362,8842cc6121fffff,burglary,3,patrol,Infocity,closed,synthetic,1.0
9f298597-29e0-5042-a230-5193a62bf1b0,GNR/2026/00718,2026-05-31T16:36:00,23.178466,72.64294,8842cc6acdfffff,theft,2,patrol,Gandhinagar (other),chargesheeted,synthetic,1.0
7a01b23a-9af0-53ed-877b-5d054a22bb3c,GNR/2026/00719,2026-05-31T17:30:00,23.190835,72.639816,8842cc6123fffff,theft,2,patrol,Kudasan,closed,synthetic,1.0
dee8d4e1-6908-5719-8e2c-581950b92587,GNR/2026/00720,2026-05-31T19:22:00,23.190062,72.631918,8842cc6121fffff,theft,2,patrol,Infocity,closed,synthetic,1.0
9276306f-af36-53be-ac92-d2b07eef89d0,GNR/2026/00721,2026-05-31T19:47:00,23.163352,72.69552,8842cc6abbfffff,chain_snatching,3,online,GIFT City,under_investigation,synthetic,1.0
4e805da1-f921-57c9-8083-ec048a99033d,GNR/2026/00722,2026-05-31T20:47:00,23.195969,72.626059,8842cc6129fffff,theft,2,online,Infocity,closed,synthetic,1.0
0c997d91-748b-519f-a32f-5cfdeaf654c8,GNR/2026/00723,2026-05-31T23:16:00,23.18736,72.623527,8842cc612dfffff,vehicle_theft,3,patrol,Infocity,chargesheeted,synthetic,1.0
3464b56e-977c-5fa9-b4ab-1801aa251c67,GNR/2026/00724,2026-06-01T00:23:00,23.201957,72.620613,8842cc6163fffff,chain_snatching,3,walk_in,Gandhinagar (other),under_investigation,synthetic,1.0
896d2945-d433-57cf-b97e-8b1b3bf92727,GNR/2026/00725,2026-06-01T00:48:00,23.218367,72.646033,8842cc611dfffff,vehicle_theft,3,online,Sector 21 Market,chargesheeted,synthetic,1.0
3409f020-22fc-5994-9e4f-6137f9c71c4d,GNR/2026/00726,2026-06-01T03:18:00,23.163685,72.637122,8842cc6a17fffff,theft,2,helpline,Sargasan Crossroads,under_investigation,synthetic,1.0
1fc9a2ee-1cf3-59c6-8e48-fd6d046328c9,GNR/2026/00727,2026-06-01T03:41:00,23.193965,72.628652,8842cc6129fffff,vandalism,2,online,Infocity,chargesheeted,synthetic,1.0
4bb1bf09-3e4c-5a26-a155-e25d1ef3a6a1,GNR/2026/00728,2026-06-01T08:18:00,23.191716,72.640916,8842cc6123fffff,mobile_snatching,2,patrol,Kudasan,chargesheeted,synthetic,1.0
37faea90-67f3-5958-a5b0-2948629e76f9,GNR/2026/00729,2026-06-01T10:40:00,23.216479,72.637982,8842cc610bfffff,burglary,3,patrol,Sector 7 Secretariat,closed,synthetic,1.0
1fe89d9c-c788-5d83-8ed8-ddf2d4daa5b7,GNR/2026/00730,2026-06-01T10:48:00,23.171797,72.69918,8842cc6a97fffff,burglary,3,online,Gandhinagar (other),closed,synthetic,1.0
796f14a1-2df9-5003-8bd0-f230a88f7acc,GNR/2026/00731,2026-06-01T11:54:00,23.159252,72.685326,8842cc6ab9fffff,mobile_snatching,2,helpline,GIFT City,closed,synthetic,1.0
d352096b-0afb-5c57-92a6-d89a4d289582,GNR/2026/00732,2026-06-01T12:17:00,23.219773,72.653128,8842cc6111fffff,burglary,3,walk_in,Sector 21 Market,closed,synthetic,1.0
70ca60e7-481b-5690-a1f4-047ab920cb5a,GNR/2026/00733,2026-06-01T14:37:00,23.210347,72.643611,8842cc6103fffff,burglary,3,patrol,Sector 7 Secretariat,closed,synthetic,1.0
f74763dc-7f9f-5fb8-870b-33ca64fbe242,GNR/2026/00734,2026-06-01T14:41:00,23.228046,72.668299,8842cc61cdfffff,vandalism,2,helpline,Akshardham (Sector 20),closed,synthetic,1.0
d5ee7813-41b7-52f1-8a19-27d830599749,GNR/2026/00735,2026-06-01T16:15:00,23.196032,72.635095,8842cc612bfffff,theft,2,patrol,Kudasan,under_investigation,synthetic,1.0
0ce0e289-f389-51de-86a6-292d78067135,GNR/2026/00736,2026-06-01T19:56:00,23.167672,72.681223,8842cc6a83fffff,mobile_snatching,2,patrol,GIFT City,closed,synthetic,1.0
4ad67537-5273-57cb-aa53-036f50d9acf1,GNR/2026/00737,2026-06-01T20:02:00,23.221446,72.630026,8842cc6155fffff,pickpocketing,1,helpline,Sector 7 Secretariat,chargesheeted,synthetic,1.0
0f399f7e-94d6-5aa9-8151-f0036f303488,GNR/2026/00738,2026-06-02T06:38:00,23.195152,72.615957,8842cc6167fffff,chain_snatching,3,patrol,Gandhinagar (other),chargesheeted,synthetic,1.0
39814648-e23e-5d99-9386-d9f05fdad0b3,GNR/2026/00739,2026-06-02T11:20:00,23.23222,72.663078,8842cc6027fffff,pickpocketing,1,helpline,Akshardham (Sector 20),chargesheeted,synthetic,1.0
ae93004e-8207-5d15-8ac3-fa7e39ecf203,GNR/2026/00740,2026-06-02T17:16:00,23.18333,72.638992,8842cc6127fffff,pickpocketing,1,online,Kudasan,closed,synthetic,1.0
f6f0ed5f-6c2c-51c8-8521-bda5d60d4376,GNR/2026/00741,2026-06-02T18:50:00,23.234041,72.670757,8842cc61c9fffff,theft,2,helpline,Akshardham (Sector 20),chargesheeted,synthetic,1.0
85ca24f2-ec26-5542-99eb-f4cd80dac293,GNR/2026/00742,2026-06-02T20:31:00,23.203691,72.647061,8842cc6139fffff,chain_snatching,3,walk_in,Gandhinagar (other),chargesheeted,synthetic,1.0
0e57a3e0-c579-55f2-8c73-099e4c8ad733,GNR/2026/00743,2026-06-02T20:51:00,23.159472,72.626307,8842cc6a15fffff,chain_snatching,3,helpline,Sargasan Crossroads,closed,synthetic,1.0
62fc8426-b00b-5dba-bddc-6e882a3be65a,GNR/2026/00744,2026-06-02T22:25:00,23.214576,72.670339,8842cc61e9fffff,mobile_snatching,2,patrol,Gandhinagar (other),closed,synthetic,1.0
acfa3b8d-b26b-578f-aa87-9e8d4fe1c377,GNR/2026/00745,2026-06-02T22:35:00,23.198147,72.635577,8842cc612bfffff,chain_snatching,3,helpline,Kudasan,chargesheeted,synthetic,1.0
9bd94cbe-23be-5c35-b87f-df3f15d24a4a,GNR/2026/00746,2026-06-02T22:46:00,23.168547,72.68141,8842cc6a83fffff,mobile_snatching,2,patrol,GIFT City,chargesheeted,synthetic,1.0
e1935689-6c1f-5395-a8ef-c66426bd7f80,GNR/2026/00747,2026-06-03T01:04:00,23.226913,72.625024,8842cc615dfffff,vandalism,2,walk_in,Gandhinagar (other),chargesheeted,synthetic,1.0
927b9efb-e99d-5b96-9c96-990ed906d4b8,GNR/2026/00748,2026-06-03T02:24:00,23.169295,72.629251,8842cc6a11fffff,vehicle_theft,3,patrol,Sargasan Crossroads,closed,synthetic,1.0
65393562-1d97-5ab8-8267-8f975e6f5e32,GNR/2026/00749,2026-06-03T13:54:00,23.191343,72.631321,8842cc6121fffff,mobile_snatching,2,walk_in,Infocity,chargesheeted,synthetic,1.0
0496ecd4-0774-5195-8bde-a997fdc27539,GNR/2026/00750,2026-06-03T14:24:00,23.181397,72.628117,8842cc6125fffff,burglary,3,patrol,Infocity,chargesheeted,synthetic,1.0
92569b8e-904c-5dc1-90c2-8c2d46cfa8ef,GNR/2026/00751,2026-06-03T20:36:00,23.230701,72.643234,8842cc6153fffff,pickpocketing,1,online,Sector 16 Commercial,chargesheeted,synthetic,1.0
b6b89c33-781c-5631-9c44-746468591482,GNR/2026/00752,2026-06-03T23:26:00,23.167167,72.681821,8842cc6a83fffff,assault,4,online,GIFT City,chargesheeted,synthetic,1.0
6eb96dba-a25b-53eb-b0b7-d58173c389cf,GNR/2026/00753,2026-06-04T01:53:00,23.182817,72.628575,8842cc6125fffff,mobile_snatching,2,walk_in,Infocity,chargesheeted,synthetic,1.0
c73a2740-d6ea-5ef2-a90d-b52a771441cd,GNR/2026/00754,2026-06-04T03:53:00,23.233262,72.650824,8842cc6025fffff,vehicle_theft,3,patrol,Sector 16 Commercial,closed,synthetic,1.0
a4de900d-842a-5e70-bc5e-a94fc6173913,GNR/2026/00755,2026-06-04T04:14:00,23.174258,72.63418,8842cc6a1bfffff,vehicle_theft,3,patrol,Sargasan Crossroads,chargesheeted,synthetic,1.0
769615f6-5a56-5909-a220-eb8ced01941c,GNR/2026/00756,2026-06-04T04:33:00,23.208096,72.633109,8842cc6101fffff,theft,2,patrol,Sector 7 Secretariat,chargesheeted,synthetic,1.0
acf72167-6476-58a9-a7f5-608ec4133b80,GNR/2026/00757,2026-06-04T05:47:00,23.169803,72.631291,8842cc6a11fffff,vehicle_theft,3,patrol,Sargasan Crossroads,chargesheeted,synthetic,1.0
f45bc4c8-909a-50ab-9a83-5cb52e281317,GNR/2026/00758,2026-06-04T16:06:00,23.17437,72.632589,8842cc6a1bfffff,burglary,3,helpline,Sargasan Crossroads,closed,synthetic,1.0
cb427d4e-7891-5d90-82cc-4d1761599e1e,GNR/2026/00759,2026-06-04T17:24:00,23.181223,72.627536,8842cc6125fffff,pickpocketing,1,online,Infocity,closed,synthetic,1.0
6cb0767f-f4d9-52c6-8ae8-8963c4616b62,GNR/2026/00760,2026-06-04T21:46:00,23.19549,72.624784,8842cc6129fffff,chain_snatching,3,walk_in,Infocity,chargesheeted,synthetic,1.0
5585ffea-c3da-50cc-8da8-5da5efe2594f,GNR/2026/00761,2026-06-04T22:42:00,23.161191,72.686119,8842cc6ab9fffff,robbery,4,walk_in,GIFT City,closed,synthetic,1.0
f900ff6e-22d9-54aa-82aa-e9eb95baaa63,GNR/2026/00762,2026-06-05T04:35:00,23.231728,72.649606,8842cc6025fffff,pickpocketing,1,online,Sector 16 Commercial,chargesheeted,synthetic,1.0
bf852c11-fcb0-5b90-a616-54c3bfc26014,GNR/2026/00763,2026-06-05T06:12:00,23.199953,72.636385,8842cc612bfffff,vehicle_theft,3,patrol,Kudasan,chargesheeted,synthetic,1.0
f5408a90-066a-51e1-8934-04edbac2ff79,GNR/2026/00764,2026-06-05T12:38:00,23.220065,72.665077,8842cc6113fffff,mobile_snatching,2,patrol,Gandhinagar (other),closed,synthetic,1.0
8d9b0774-cf73-521d-a978-39241a36f343,GNR/2026/00765,2026-06-05T13:58:00,23.161876,72.686152,8842cc6ab9fffff,vehicle_theft,3,walk_in,GIFT City,closed,synthetic,1.0
40700dc8-3910-567d-94c8-ed15fea6f22a,GNR/2026/00766,2026-06-05T14:02:00,23.219961,72.645785,8842cc611dfffff,theft,2,patrol,Sector 21 Market,chargesheeted,synthetic,1.0
1a03fdb5-8a71-5c9b-bc0e-e9d007989621,GNR/2026/00767,2026-06-05T14:49:00,23.163308,72.627898,8842cc6a15fffff,burglary,3,walk_in,Sargasan Crossroads,chargesheeted,synthetic,1.0
0d24d3f9-770f-5695-878f-da1f4e2fabf8,GNR/2026/00768,2026-06-05T17:03:00,23.209948,72.631159,8842cc6101fffff,robbery,4,helpline,Sector 7 Secretariat,under_investigation,synthetic,1.0
84feffa0-b381-5116-8430-e68d29897310,GNR/2026/00769,2026-06-05T22:50:00,23.203548,72.629946,8842cc6105fffff,chain_snatching,3,walk_in,Sector 7 Secretariat,under_investigation,synthetic,1.0
f1148a57-596b-59d3-b31b-44a5f3507e59,GNR/2026/00770,2026-06-05T23:14:00,23.240782,72.666477,8842cc6023fffff,theft,2,helpline,Akshardham (Sector 20),chargesheeted,synthetic,1.0
28750277-27c5-555f-970c-adc26c7eb0b4,GNR/2026/00771,2026-06-05T23:39:00,23.229402,72.624598,8842cc615dfffff,vehicle_theft,3,online,Gandhinagar (other),closed,synthetic,1.0
688b6c5c-893d-5afe-8704-4d6b7ed057ad,GNR/2026/00772,2026-06-06T03:29:00,23.209315,72.641707,8842cc6103fffff,vehicle_theft,3,online,Sector 7 Secretariat,closed,synthetic,1.0
2a05c82f-d3e6-59de-9a05-75b538a7fc44,GNR/2026/00773,2026-06-06T13:49:00,23.246724,72.667413,8842cc603dfffff,chain_snatching,3,patrol,Akshardham (Sector 20),chargesheeted,synthetic,1.0
2944b98a-3176-5821-b364-77a1e8accbce,GNR/2026/00774,2026-06-06T14:14:00,23.191549,72.616307,8842cc6167fffff,pickpocketing,1,online,Infocity,closed,synthetic,1.0
8b9b144e-9793-5de5-aebf-ea1c52da830d,GNR/2026/00775,2026-06-06T16:16:00,23.22824,72.650062,8842cc6119fffff,vehicle_theft,3,helpline,Sector 16 Commercial,chargesheeted,synthetic,1.0
35143a53-da07-5ed9-848c-3e48328229d9,GNR/2026/00776,2026-06-06T19:05:00,23.222271,72.631355,8842cc6155fffff,theft,2,walk_in,Sector 7 Secretariat,under_investigation,synthetic,1.0
031a2fb5-d865-5262-aff9-6532ff8c7cb8,GNR/2026/00777,2026-06-06T19:55:00,23.161892,72.626347,8842cc6a15fffff,pickpocketing,1,online,Sargasan Crossroads,closed,synthetic,1.0
5c74adac-0455-59df-9c94-38c800e113db,GNR/2026/00778,2026-06-06T20:47:00,23.212495,72.650948,8842cc6115fffff,assault,4,helpline,Sector 21 Market,closed,synthetic,1.0
5d554787-e542-5bcf-8170-3cc78988235d,GNR/2026/00779,2026-06-06T23:34:00,23.216958,72.646202,8842cc611dfffff,pickpocketing,1,walk_in,Sector 21 Market,chargesheeted,synthetic,1.0
f772f39b-9373-5780-92b5-dbd5a1cba407,GNR/2026/00780,2026-06-06T23:55:00,23.241646,72.676885,8842cc6035fffff,mobile_snatching,2,walk_in,Gandhinagar (other),chargesheeted,synthetic,1.0
a3a93e46-0dde-5411-a44b-8c4d196da92d,GNR/2026/00781,2026-06-07T06:42:00,23.170761,72.630503,8842cc6a11fffff,theft,2,patrol,Sargasan Crossroads,closed,synthetic,1.0
f925e3c4-a3ff-55f4-b898-a927250140ea,GNR/2026/00782,2026-06-07T10:08:00,23.167689,72.682181,8842cc6a83fffff,mobile_snatching,2,online,GIFT City,chargesheeted,synthetic,1.0
ea3ae5dd-b3de-5a7f-92ce-fcb94969fd60,GNR/2026/00783,2026-06-07T11:09:00,23.181926,72.62771,8842cc6125fffff,chain_snatching,3,helpline,Infocity,closed,synthetic,1.0
8b983264-3a83-52d0-a183-e133a9beb6ea,GNR/2026/00784,2026-06-07T13:11:00,23.154288,72.681532,8842cc6abdfffff,chain_snatching,3,patrol,GIFT City,chargesheeted,synthetic,1.0
7437687a-0420-5aaf-82f3-399a4c446abf,GNR/2026/00785,2026-06-07T14:26:00,23.197753,72.655237,8842cc6131fffff,burglary,3,online,Gandhinagar (other),closed,synthetic,1.0
a6d667d7-7c1c-5cde-8a42-0a679af4eda7,GNR/2026/00786,2026-06-07T17:00:00,23.157654,72.692333,8842cc6ab1fffff,theft,2,patrol,GIFT City,under_investigation,synthetic,1.0
161a0199-20c7-5862-abad-bbc0c4182e68,GNR/2026/00787,2026-06-07T17:56:00,23.218072,72.645353,8842cc611dfffff,theft,2,walk_in,Sector 21 Market,under_investigation,synthetic,1.0
54a9fb4c-c09d-5350-bf45-3bd14adc7517,GNR/2026/00788,2026-06-07T18:25:00,23.203488,72.650645,8842cc6139fffff,chain_snatching,3,walk_in,Gandhinagar (other),closed,synthetic,1.0
3dc1285b-454c-57e8-ae6e-1b227e49596d,GNR/2026/00789,2026-06-07T19:33:00,23.20874,72.647795,8842cc6139fffff,theft,2,helpline,Sector 21 Market,closed,synthetic,1.0
9d7a457a-bf87-53c7-90e3-baf16b070e74,GNR/2026/00790,2026-06-07T20:51:00,23.230688,72.635952,8842cc6151fffff,harassment,3,patrol,Sector 16 Commercial,chargesheeted,synthetic,1.0
8fff2e91-6165-5ea7-a3dc-c4cce6c262fe,GNR/2026/00791,2026-06-07T21:21:00,23.211869,72.65313,8842cc6115fffff,mobile_snatching,2,patrol,Sector 21 Market,chargesheeted,synthetic,1.0
f6cf4ea5-d38f-5961-ad04-05f12abb8d61,GNR/2026/00792,2026-06-08T01:18:00,23.223824,72.647345,8842cc6119fffff,harassment,3,online,Sector 21 Market,chargesheeted,synthetic,1.0
f331735b-0eb6-5ad4-83ed-ad96f4a72bd3,GNR/2026/00793,2026-06-08T04:33:00,23.226123,72.649072,8842cc6119fffff,burglary,3,walk_in,Sector 21 Market,under_investigation,synthetic,1.0
75099d7f-97c3-5855-9e3e-7c14d6196477,GNR/2026/00794,2026-06-08T09:03:00,23.176572,72.675297,8842cc6a8bfffff,burglary,3,online,Gandhinagar (other),under_investigation,synthetic,1.0
a4b86b0f-9fc3-5777-bb1f-122fceba9faa,GNR/2026/00795,2026-06-08T12:07:00,23.248101,72.670029,8842cc603dfffff,pickpocketing,1,helpline,Gandhinagar (other),closed,synthetic,1.0
2217cc55-6ce3-515d-8f84-05ef55d4d802,GNR/2026/00796,2026-06-08T17:09:00,23.211226,72.632706,8842cc6101fffff,chain_snatching,3,walk_in,Sector 7 Secretariat,chargesheeted,synthetic,1.0
decc0d41-8ccb-510c-a4ee-79e7faeece70,GNR/2026/00797,2026-06-08T18:05:00,23.211866,72.640413,8842cc6103fffff,burglary,3,walk_in,Sector 7 Secretariat,closed,synthetic,1.0
a44cb06c-14f0-57cf-a43c-fcd90e3ef895,GNR/2026/00798,2026-06-08T19:18:00,23.163932,72.68326,8842cc6a87fffff,chain_snatching,3,online,GIFT City,closed,synthetic,1.0
d4e57403-c5a9-501c-b8ca-939b5b2987b0,GNR/2026/00799,2026-06-09T00:30:00,23.191273,72.652674,8842cc6135fffff,theft,2,patrol,Gandhinagar (other),closed,synthetic,1.0
04607137-324e-548d-a840-c16204444547,GNR/2026/00800,2026-06-09T02:39:00,23.237608,72.665973,8842cc6023fffff,vehicle_theft,3,online,Akshardham (Sector 20),chargesheeted,synthetic,1.0
7385e767-bb9e-5673-8bfa-5177fe2d76a6,GNR/2026/00801,2026-06-09T04:22:00,23.215995,72.646751,8842cc611dfffff,vehicle_theft,3,patrol,Sector 21 Market,chargesheeted,synthetic,1.0
6ba612a5-7850-52b1-8f89-6f8702cb2c85,GNR/2026/00802,2026-06-09T05:40:00,23.203646,72.648705,8842cc6139fffff,chain_snatching,3,patrol,Gandhinagar (other),under_investigation,synthetic,1.0
60e6c188-86be-5aac-bb7a-a64109b9a024,GNR/2026/00803,2026-06-09T09:03:00,23.210431,72.632895,8842cc6101fffff,theft,2,helpline,Sector 7 Secretariat,closed,synthetic,1.0
f0cc8777-1f40-52da-af6a-a9295c2b34a7,GNR/2026/00804,2026-06-09T12:26:00,23.224446,72.64988,8842cc6119fffff,burglary,3,online,Sector 21 Market,closed,synthetic,1.0
25d9a39b-b431-5d9a-b31a-5198218d94cc,GNR/2026/00805,2026-06-09T13:31:00,23.19536,72.625545,8842cc6129fffff,chain_snatching,3,patrol,Infocity,closed,synthetic,1.0
fd063b90-b7ba-56ef-b890-c692ba11cacb,GNR/2026/00806,2026-06-09T14:06:00,23.2343,72.672493,8842cc61c9fffff,burglary,3,patrol,Akshardham (Sector 20),chargesheeted,synthetic,1.0
864e64a6-6c81-5c5c-8e6b-44fcf148243f,GNR/2026/00807,2026-06-09T16:02:00,23.164717,72.620514,8842cc6a1dfffff,theft,2,helpline,Sargasan Crossroads,closed,synthetic,1.0
5773ee26-5595-57e2-a784-c8a94ac69d6b,GNR/2026/00808,2026-06-09T19:27:00,23.180286,72.62745,8842cc6125fffff,harassment,3,online,Infocity,closed,synthetic,1.0
c1dc149f-4e22-5b66-b843-c9d89d12d15e,GNR/2026/00809,2026-06-09T20:44:00,23.168773,72.681219,8842cc6a83fffff,burglary,3,patrol,GIFT City,closed,synthetic,1.0
d0740b42-e4d9-56a6-9d00-b6c23a668bff,GNR/2026/00810,2026-06-09T21:07:00,23.187791,72.632938,8842cc6121fffff,theft,2,helpline,Infocity,closed,synthetic,1.0
a916afc9-f3af-5ef4-87e2-bf3ab77d5a6e,GNR/2026/00811,2026-06-09T21:31:00,23.2244,72.631356,8842cc6155fffff,harassment,3,online,Sector 16 Commercial,chargesheeted,synthetic,1.0
b8b25ce4-8725-5a26-9424-5c91225f7330,GNR/2026/00812,2026-06-09T21:36:00,23.188871,72.630949,8842cc6121fffff,harassment,3,online,Infocity,chargesheeted,synthetic,1.0
b29afe19-af46-5b7a-858c-942ed0cd3387,GNR/2026/00813,2026-06-09T22:40:00,23.190829,72.630128,8842cc6121fffff,chain_snatching,3,online,Infocity,chargesheeted,synthetic,1.0
4a31b08f-aa76-5f12-8389-e9f42d10f04e,GNR/2026/00814,2026-06-09T22:45:00,23.189648,72.630926,8842cc6121fffff,robbery,4,online,Infocity,chargesheeted,synthetic,1.0
b4151344-e5f2-59cc-aec5-78c918dd6563,GNR/2026/00815,2026-06-10T01:51:00,23.222076,72.631462,8842cc6155fffff,chain_snatching,3,helpline,Sector 7 Secretariat,closed,synthetic,1.0
777ef629-5489-595d-bf1c-ddce5679b60e,GNR/2026/00816,2026-06-10T10:41:00,23.233798,72.654518,8842cc6025fffff,burglary,3,patrol,Akshardham (Sector 20),under_investigation,synthetic,1.0
1d25ed71-85d1-59f3-8794-5cfe0f2ea0db,GNR/2026/00817,2026-06-10T13:01:00,23.188623,72.621913,8842cc612dfffff,robbery,4,helpline,Infocity,chargesheeted,synthetic,1.0
97cbac3a-2c2a-55ec-bd14-83163d8b128a,GNR/2026/00818,2026-06-10T17:43:00,23.239787,72.667023,8842cc6023fffff,pickpocketing,1,patrol,Akshardham (Sector 20),closed,synthetic,1.0
d9bc71c1-e290-5e29-8977-0dc5f8f2565d,GNR/2026/00819,2026-06-10T19:21:00,23.222147,72.62285,8842cc6143fffff,theft,2,walk_in,Sector 7 Secretariat,under_investigation,synthetic,1.0
4881ce6b-f650-501b-9c1a-7e7132cf2829,GNR/2026/00820,2026-06-10T20:03:00,23.201783,72.638196,8842cc6107fffff,assault,4,walk_in,Kudasan,chargesheeted,synthetic,1.0
d9e22709-d2e8-5b3c-9251-b4f8bbfd62f8,GNR/2026/00821,2026-06-10T21:27:00,23.219937,72.654404,8842cc6111fffff,chain_snatching,3,helpline,Sector 21 Market,closed,synthetic,1.0
4b96aa6a-8293-51d7-84b7-a7979b250760,GNR/2026/00822,2026-06-10T21:45:00,23.21229,72.642176,8842cc6103fffff,robbery,4,helpline,Sector 7 Secretariat,chargesheeted,synthetic,1.0
5a930175-c715-5c99-a48f-cbde3d425510,GNR/2026/00823,2026-06-11T00:29:00,23.224676,72.64159,8842cc6157fffff,assault,4,patrol,Sector 16 Commercial,chargesheeted,synthetic,1.0
84cd10b4-bb3e-57cf-b50c-6f6510bdc2dc,GNR/2026/00824,2026-06-11T00:31:00,23.224775,72.63859,8842cc6157fffff,vehicle_theft,3,walk_in,Sector 16 Commercial,closed,synthetic,1.0
38830bb2-9dc6-57f0-b33a-f6eb77c81f47,GNR/2026/00825,2026-06-11T09:22:00,23.196888,72.633979,8842cc612bfffff,burglary,3,helpline,Kudasan,chargesheeted,synthetic,1.0
a338cbd7-14d2-59a5-b178-8164da04aff4,GNR/2026/00826,2026-06-11T11:29:00,23.211624,72.650905,8842cc6115fffff,theft,2,walk_in,Sector 21 Market,chargesheeted,synthetic,1.0
7a0f1e93-6f5b-58f5-b5b0-35fa68be3084,GNR/2026/00827,2026-06-11T11:57:00,23.21759,72.626591,8842cc6109fffff,burglary,3,walk_in,Sector 7 Secretariat,chargesheeted,synthetic,1.0
b6d2a410-f686-5509-a896-d5b8e7c7a49a,GNR/2026/00828,2026-06-11T15:37:00,23.155079,72.632373,8842cc6a3bfffff,harassment,3,online,Gandhinagar (other),closed,synthetic,1.0
527244bf-0795-53cd-960a-eb25f1fecada,GNR/2026/00829,2026-06-11T15:53:00,23.239582,72.664849,8842cc6023fffff,robbery,4,walk_in,Akshardham (Sector 20),closed,synthetic,1.0
c87d0e79-f709-5602-a3e0-f21b6e116ff6,GNR/2026/00830,2026-06-11T17:00:00,23.253358,72.656409,8842cc6005fffff,mobile_snatching,2,helpline,Gandhinagar (other),closed,synthetic,1.0
c8790554-584d-555f-8930-dc9843aae527,GNR/2026/00831,2026-06-11T17:02:00,23.212439,72.649796,8842cc6115fffff,mobile_snatching,2,online,Sector 21 Market,chargesheeted,synthetic,1.0
6248d4e3-90e9-545d-9925-9ce73b2e3a36,GNR/2026/00832,2026-06-11T19:10:00,23.241303,72.666778,8842cc6023fffff,vehicle_theft,3,helpline,Akshardham (Sector 20),chargesheeted,synthetic,1.0
506de840-4685-506c-ae0d-7203bc3380fb,GNR/2026/00833,2026-06-11T21:17:00,23.181924,72.619555,8842cc6a53fffff,mobile_snatching,2,helpline,Infocity,chargesheeted,synthetic,1.0
e3bdb328-619a-5964-9a95-db20886d0f31,GNR/2026/00834,2026-06-11T22:02:00,23.224655,72.659257,8842cc611bfffff,chain_snatching,3,walk_in,Sector 21 Market,chargesheeted,synthetic,1.0
4cb7c87a-1306-59c7-8ba2-c87380821a80,GNR/2026/00835,2026-06-11T22:57:00,23.237842,72.647011,8842cc602dfffff,mobile_snatching,2,online,Sector 16 Commercial,under_investigation,synthetic,1.0
65dfcd70-8e40-532b-8b9a-a071a17f4886,GNR/2026/00836,2026-06-12T00:41:00,23.219516,72.646002,8842cc611dfffff,chain_snatching,3,online,Sector 21 Market,chargesheeted,synthetic,1.0
40f4d3c2-ef6a-547e-909d-eb32ca488063,GNR/2026/00837,2026-06-12T04:09:00,23.243478,72.642095,8842cc6067fffff,vehicle_theft,3,helpline,Gandhinagar (other),under_investigation,synthetic,1.0
5c17c8c6-90c7-5814-b1b0-22711a483329,GNR/2026/00838,2026-06-12T06:11:00,23.239964,72.674796,8842cc6035fffff,vehicle_theft,3,walk_in,Gandhinagar (other),under_investigation,synthetic,1.0
5d378eed-ccdc-548c-872a-e2b77d697614,GNR/2026/00839,2026-06-12T09:16:00,23.221728,72.656758,8842cc6111fffff,theft,2,helpline,Sector 21 Market,closed,synthetic,1.0
02afc44b-cc3c-5213-8789-afcedd8a70b4,GNR/2026/00840,2026-06-12T11:03:00,23.178007,72.68536,8842cc6a9dfffff,burglary,3,online,Gandhinagar (other),closed,synthetic,1.0
bcf01e10-107a-5f35-908a-eb9f751e8138,GNR/2026/00841,2026-06-12T13:42:00,23.211699,72.641596,8842cc6103fffff,burglary,3,online,Sector 7 Secretariat,under_investigation,synthetic,1.0
e4f06328-4911-587d-911a-6ea570402016,GNR/2026/00842,2026-06-12T14:59:00,23.206077,72.627956,8842cc6105fffff,robbery,4,walk_in,Sector 7 Secretariat,chargesheeted,synthetic,1.0
c32aafb4-b2c2-530a-adb3-73b3b770bf19,GNR/2026/00843,2026-06-12T17:26:00,23.169394,72.622626,8842cc6a1dfffff,burglary,3,online,Sargasan Crossroads,closed,synthetic,1.0
0a74af68-acff-5abd-8bfd-662eadc83721,GNR/2026/00844,2026-06-12T18:57:00,23.196309,72.625677,8842cc6129fffff,robbery,4,online,Infocity,chargesheeted,synthetic,1.0
3c97f726-7b3b-5f3b-97ea-99c7c8d5f315,GNR/2026/00845,2026-06-12T22:38:00,23.240734,72.665809,8842cc6023fffff,assault,4,walk_in,Akshardham (Sector 20),chargesheeted,synthetic,1.0
1ee64228-24e9-5025-b6a9-a23ea9cc1fed,GNR/2026/00846,2026-06-12T22:53:00,23.224349,72.649758,8842cc6119fffff,mobile_snatching,2,helpline,Sector 21 Market,closed,synthetic,1.0
4217581f-f54e-59ba-abd4-0bee96997ad9,GNR/2026/00847,2026-06-13T08:46:00,23.231392,72.652388,8842cc6025fffff,burglary,3,patrol,Akshardham (Sector 20),closed,synthetic,1.0
024e7697-51b1-5c31-a2a9-444f8c598738,GNR/2026/00848,2026-06-13T10:09:00,23.180675,72.629029,8842cc6125fffff,theft,2,patrol,Infocity,closed,synthetic,1.0
1643f968-0b26-59d3-a8f6-fa18ddf45076,GNR/2026/00849,2026-06-13T13:11:00,23.232875,72.671771,8842cc61c9fffff,theft,2,patrol,Akshardham (Sector 20),closed,synthetic,1.0
5d805461-18d5-58b1-8ed3-b7343fc12e79,GNR/2026/00850,2026-06-13T19:00:00,23.190497,72.621938,8842cc612dfffff,chain_snatching,3,online,Infocity,under_investigation,synthetic,1.0
e6a133fa-5e48-5640-be70-ee9016279d77,GNR/2026/00851,2026-06-13T19:59:00,23.232164,72.644697,8842cc6153fffff,mobile_snatching,2,patrol,Sector 16 Commercial,chargesheeted,synthetic,1.0
a93f8a6c-ebde-59ba-b535-8316462db4ce,GNR/2026/00852,2026-06-13T20:21:00,23.22048,72.643182,8842cc611dfffff,robbery,4,patrol,Sector 21 Market,chargesheeted,synthetic,1.0
88f59934-004f-54bd-a9e6-0cc32ff7a522,GNR/2026/00853,2026-06-13T23:00:00,23.232055,72.652455,8842cc6025fffff,assault,4,online,Akshardham (Sector 20),chargesheeted,synthetic,1.0
ea1505a5-d18b-5d8b-ad01-d5d06d8369dc,GNR/2026/00854,2026-06-13T23:08:00,23.206833,72.65773,8842cc613bfffff,vehicle_theft,3,online,Gandhinagar (other),chargesheeted,synthetic,1.0
f6c59cc4-2e36-5e42-b881-1e76ca980f24,GNR/2026/00855,2026-06-13T23:48:00,23.188639,72.624176,8842cc612dfffff,robbery,4,walk_in,Infocity,chargesheeted,synthetic,1.0
93c2d921-3ed0-5bf0-b8ed-5e1e41d57ade,GNR/2026/00856,2026-06-14T10:02:00,23.151943,72.687664,8842cc6ab5fffff,theft,2,helpline,Gandhinagar (other),chargesheeted,synthetic,1.0
2924bbb0-984b-5081-9c5a-f359f0dd6eac,GNR/2026/00857,2026-06-14T12:25:00,23.218793,72.644501,8842cc611dfffff,burglary,3,online,Sector 21 Market,chargesheeted,synthetic,1.0
005a620f-f781-5a54-a7d3-b550061adeed,GNR/2026/00858,2026-06-14T14:32:00,23.239406,72.657651,8842cc6021fffff,assault,4,patrol,Akshardham (Sector 20),closed,synthetic,1.0
05872afa-4271-5798-aba1-87e395956297,GNR/2026/00859,2026-06-14T15:40:00,23.22545,72.648299,8842cc6119fffff,pickpocketing,1,patrol,Sector 21 Market,under_investigation,synthetic,1.0
78084a6d-6155-5db5-bb9f-6f0cbfe327e1,GNR/2026/00860,2026-06-14T16:52:00,23.240352,72.666091,8842cc6023fffff,mobile_snatching,2,patrol,Akshardham (Sector 20),chargesheeted,synthetic,1.0
b234d107-ea94-5a69-bd48-5af8b52f113d,GNR/2026/00861,2026-06-14T17:39:00,23.183345,72.628676,8842cc6125fffff,pickpocketing,1,helpline,Infocity,chargesheeted,synthetic,1.0
12550856-d55c-5c57-8762-e63c0a4e5466,GNR/2026/00862,2026-06-14T22:53:00,23.24071,72.664645,8842cc6023fffff,assault,4,helpline,Akshardham (Sector 20),under_investigation,synthetic,1.0
0955c5e4-bac0-566e-814d-f2daa905e739,GNR/2026/00863,2026-06-15T01:19:00,23.248432,72.667016,8842cc603dfffff,mobile_snatching,2,online,Akshardham (Sector 20),chargesheeted,synthetic,1.0
43b20f01-d6f3-5bd7-9106-5255055b2605,GNR/2026/00864,2026-06-15T05:13:00,23.18915,72.632241,8842cc6121fffff,chain_snatching,3,walk_in,Infocity,chargesheeted,synthetic,1.0
d0b90759-53cb-58fc-9dfc-293684099d4e,GNR/2026/00865,2026-06-15T10:22:00,23.195813,72.63574,8842cc612bfffff,vehicle_theft,3,helpline,Kudasan,chargesheeted,synthetic,1.0
8f0f7230-e7fb-5bdc-9e4a-5953f03b26d9,GNR/2026/00866,2026-06-15T12:23:00,23.220941,72.663994,8842cc6113fffff,vandalism,2,patrol,Sector 21 Market,under_investigation,synthetic,1.0
7ecc13d9-56b2-5ac1-81c3-0e4d7afed80b,GNR/2026/00867,2026-06-15T13:13:00,23.211113,72.642548,8842cc6103fffff,burglary,3,patrol,Sector 7 Secretariat,chargesheeted,synthetic,1.0
068c788c-c6d0-5455-a05f-bf0ae8e9d9db,GNR/2026/00868,2026-06-15T14:04:00,23.207771,72.632131,8842cc6101fffff,burglary,3,patrol,Sector 7 Secretariat,chargesheeted,synthetic,1.0
0f1faa3f-b390-5f98-a3f9-e65460d6e9b8,GNR/2026/00869,2026-06-15T15:35:00,23.210729,72.650452,8842cc6115fffff,theft,2,patrol,Sector 21 Market,closed,synthetic,1.0
398912ba-902b-52ec-9824-54503c5f574c,GNR/2026/00870,2026-06-15T18:13:00,23.2312,72.662371,8842cc6027fffff,assault,4,patrol,Akshardham (Sector 20),chargesheeted,synthetic,1.0
36036f17-3a30-5533-9eb8-a09268c7016a,GNR/2026/00871,2026-06-15T18:30:00,23.16641,72.671891,8842cc6a81fffff,mobile_snatching,2,helpline,GIFT City,closed,synthetic,1.0
81dca8c6-1cb0-56f9-8a18-6b9ae46effd0,GNR/2026/00872,2026-06-15T19:07:00,23.221272,72.653691,8842cc6111fffff,chain_snatching,3,online,Sector 21 Market,under_investigation,synthetic,1.0
fdfb06ea-7c3f-53bf-b80d-359003704226,GNR/2026/00873,2026-06-15T20:11:00,23.223336,72.631019,8842cc6155fffff,pickpocketing,1,helpline,Sector 16 Commercial,chargesheeted,synthetic,1.0
c443c251-36da-5c58-9cf4-abd89f0a0c89,GNR/2026/00874,2026-06-15T20:27:00,23.219709,72.654557,8842cc6111fffff,chain_snatching,3,walk_in,Sector 21 Market,chargesheeted,synthetic,1.0
f381719f-9634-573b-964a-e81ed14b0e2d,GNR/2026/00875,2026-06-15T20:54:00,23.227603,72.659078,8842cc611bfffff,pickpocketing,1,online,Akshardham (Sector 20),closed,synthetic,1.0
63b8c942-451d-50ff-b80d-d1f5a6c45283,GNR/2026/00876,2026-06-16T00:51:00,23.231728,72.66279,8842cc6027fffff,theft,2,online,Akshardham (Sector 20),closed,synthetic,1.0
0b06f21d-d900-542d-b0b7-ab0e5b48cb1e,GNR/2026/00877,2026-06-16T01:27:00,23.206218,72.650507,8842cc6139fffff,chain_snatching,3,helpline,Gandhinagar (other),chargesheeted,synthetic,1.0
3c909583-634c-5859-8866-9d0c57d3367a,GNR/2026/00878,2026-06-16T02:23:00,23.224032,72.640343,8842cc6157fffff,vehicle_theft,3,patrol,Sector 16 Commercial,chargesheeted,synthetic,1.0
dd279ce7-9f86-5c79-b8d8-b0aa60e686cf,GNR/2026/00879,2026-06-16T03:05:00,23.187977,72.623909,8842cc612dfffff,vandalism,2,walk_in,Infocity,closed,synthetic,1.0
c368fc30-c326-5f47-accf-12488069432b,GNR/2026/00880,2026-06-16T10:29:00,23.210989,72.632664,8842cc6101fffff,robbery,4,walk_in,Sector 7 Secretariat,under_investigation,synthetic,1.0
01ca08e7-d30a-55bf-8cd7-e2e42e856623,GNR/2026/00881,2026-06-16T13:22:00,23.183966,72.626061,8842cc6125fffff,mobile_snatching,2,helpline,Infocity,under_investigation,synthetic,1.0
17dc5722-77d0-58aa-b9bd-72c29775a06d,GNR/2026/00882,2026-06-16T16:19:00,23.20144,72.63041,8842cc6105fffff,robbery,4,walk_in,Sector 7 Secretariat,closed,synthetic,1.0
b3fe97ca-e9e4-5fba-aff0-875de538ff58,GNR/2026/00883,2026-06-16T18:43:00,23.234033,72.65274,8842cc6025fffff,theft,2,helpline,Akshardham (Sector 20),closed,synthetic,1.0
a5317088-98b0-5ba5-93a0-247891b980d1,GNR/2026/00884,2026-06-16T22:49:00,23.246703,72.658182,8842cc602bfffff,theft,2,online,Akshardham (Sector 20),chargesheeted,synthetic,1.0
6ec16c0b-c54b-5347-a075-16f526b4ddcd,GNR/2026/00885,2026-06-17T02:48:00,23.190383,72.634359,8842cc6121fffff,robbery,4,walk_in,Kudasan,chargesheeted,synthetic,1.0
be19027f-bb74-516a-a6c3-6197736a4a0c,GNR/2026/00886,2026-06-17T04:49:00,23.160384,72.686946,8842cc6ab9fffff,vehicle_theft,3,helpline,GIFT City,under_investigation,synthetic,1.0
5dcbb7dd-66f3-5dc5-830d-6064a128e7f5,GNR/2026/00887,2026-06-17T07:03:00,23.22012,72.655002,8842cc6111fffff,vehicle_theft,3,patrol,Sector 21 Market,chargesheeted,synthetic,1.0
6445cb41-2438-59a4-b72d-05790462a966,GNR/2026/00888,2026-06-17T09:18:00,23.209104,72.632448,8842cc6101fffff,pickpocketing,1,helpline,Sector 7 Secretariat,closed,synthetic,1.0
8ca9578d-5116-5c96-b4be-03feb9e2c547,GNR/2026/00889,2026-06-17T12:14:00,23.167952,72.67066,8842cc6a81fffff,burglary,3,patrol,GIFT City,closed,synthetic,1.0
2d53d715-f30c-50b4-a9d7-e5b4f011d075,GNR/2026/00890,2026-06-17T14:28:00,23.229533,72.634933,8842cc6151fffff,burglary,3,patrol,Sector 16 Commercial,chargesheeted,synthetic,1.0
d2665dd5-03e4-53cb-8d86-45c4a776afa4,GNR/2026/00891,2026-06-17T17:31:00,23.241327,72.663861,8842cc6023fffff,theft,2,helpline,Akshardham (Sector 20),under_investigation,synthetic,1.0
9ce9b5a6-5284-5500-9a14-d57be8d4478d,GNR/2026/00892,2026-06-17T20:27:00,23.249035,72.676255,8842cc6031fffff,mobile_snatching,2,walk_in,Gandhinagar (other),closed,synthetic,1.0
5d5479cd-acee-5354-b5ca-621f26ef8c96,GNR/2026/00893,2026-06-17T20:57:00,23.176434,72.632139,8842cc6a1bfffff,harassment,3,walk_in,Sargasan Crossroads,closed,synthetic,1.0
c8a25d72-4a25-5bce-972d-f246ef0bd00e,GNR/2026/00894,2026-06-17T21:35:00,23.221063,72.656711,8842cc6111fffff,chain_snatching,3,online,Sector 21 Market,chargesheeted,synthetic,1.0
897af740-64b4-5823-a518-063d600fb7fc,GNR/2026/00895,2026-06-17T23:09:00,23.206784,72.614167,8842cc616bfffff,vandalism,2,patrol,Gandhinagar (other),chargesheeted,synthetic,1.0
19347160-65aa-5707-b266-0fc6b345ed4b,GNR/2026/00896,2026-06-18T01:14:00,23.164449,72.625643,8842cc6a15fffff,theft,2,walk_in,Sargasan Crossroads,closed,synthetic,1.0
df5f1434-1b47-5607-949b-64b50d863145,GNR/2026/00897,2026-06-18T09:54:00,23.188989,72.640606,8842cc6123fffff,theft,2,online,Kudasan,under_investigation,synthetic,1.0
eb36bce8-c47c-5e67-8c85-ca5ccf9ddc13,GNR/2026/00898,2026-06-18T11:01:00,23.181266,72.679525,8842cc6ad7fffff,burglary,3,online,Gandhinagar (other),closed,synthetic,1.0
736a682c-af66-5aef-9eb3-1ed791bb78c5,GNR/2026/00899,2026-06-18T18:23:00,23.220032,72.654602,8842cc6111fffff,chain_snatching,3,online,Sector 21 Market,closed,synthetic,1.0
a5807355-3151-5cc1-b137-0891822867e7,GNR/2026/00900,2026-06-18T19:23:00,23.216518,72.636274,8842cc610bfffff,vehicle_theft,3,patrol,Sector 7 Secretariat,chargesheeted,synthetic,1.0
9925fc9b-1e4d-595e-ba52-a0a22e10d9a3,GNR/2026/00901,2026-06-18T21:11:00,23.167735,72.622334,8842cc6a1dfffff,mobile_snatching,2,helpline,Sargasan Crossroads,closed,synthetic,1.0
f6289448-f2f8-5114-b42c-cf9d3496983e,GNR/2026/00902,2026-06-18T22:04:00,23.161022,72.687788,8842cc6ab9fffff,assault,4,walk_in,GIFT City,under_investigation,synthetic,1.0
c2b467e5-6532-5332-89df-409bb49a53c8,GNR/2026/00903,2026-06-19T04:02:00,23.208793,72.65677,8842cc613bfffff,vehicle_theft,3,walk_in,Sector 21 Market,closed,synthetic,1.0
c3964c36-d2c5-5cd3-be1a-133b2ca9d1e6,GNR/2026/00904,2026-06-19T05:01:00,23.183959,72.626701,8842cc6125fffff,vandalism,2,helpline,Infocity,chargesheeted,synthetic,1.0
85c9da41-5124-507d-b432-cb5d43548b1b,GNR/2026/00905,2026-06-19T07:10:00,23.217342,72.642641,8842cc611dfffff,vehicle_theft,3,patrol,Sector 21 Market,closed,synthetic,1.0
2783793b-be14-50d8-8417-fbf7e65f765e,GNR/2026/00906,2026-06-19T10:40:00,23.160026,72.615444,8842cc6a03fffff,burglary,3,online,Gandhinagar (other),closed,synthetic,1.0
3b3149f4-672f-5a57-a534-5933e31818cb,GNR/2026/00907,2026-06-19T10:45:00,23.190115,72.618855,8842cc612dfffff,theft,2,helpline,Infocity,under_investigation,synthetic,1.0
32cf738a-be34-5001-8672-bfbe970e4096,GNR/2026/00908,2026-06-19T11:12:00,23.228149,72.636413,8842cc6151fffff,burglary,3,helpline,Sector 16 Commercial,closed,synthetic,1.0
379f309b-c47d-524f-9447-868c616bd145,GNR/2026/00909,2026-06-19T11:50:00,23.196413,72.635639,8842cc612bfffff,burglary,3,online,Kudasan,chargesheeted,synthetic,1.0
226d0c4e-1143-5b61-ab1e-6f363e44954a,GNR/2026/00910,2026-06-19T15:44:00,23.178702,72.619105,8842cc6a53fffff,theft,2,walk_in,Infocity,chargesheeted,synthetic,1.0
19b6567a-8d6a-5eb4-947d-585e1a99f1b4,GNR/2026/00911,2026-06-19T16:15:00,23.240559,72.666175,8842cc6023fffff,theft,2,patrol,Akshardham (Sector 20),under_investigation,synthetic,1.0
f1aebb6a-28ba-5240-bc9b-4a5894a89453,GNR/2026/00912,2026-06-19T18:58:00,23.226119,72.650282,8842cc6119fffff,theft,2,helpline,Sector 21 Market,chargesheeted,synthetic,1.0
4e4ca650-4436-5aa3-a975-bfe2a2101d02,GNR/2026/00913,2026-06-19T19:14:00,23.217816,72.637423,8842cc610bfffff,mobile_snatching,2,patrol,Sector 7 Secretariat,closed,synthetic,1.0
a1101639-2c7c-5277-8426-f98a0f6176ed,GNR/2026/00914,2026-06-19T19:18:00,23.227153,72.661025,8842cc611bfffff,mobile_snatching,2,walk_in,Akshardham (Sector 20),under_investigation,synthetic,1.0
2f710417-8c16-57c1-8571-bc5a22aa8964,GNR/2026/00915,2026-06-19T20:51:00,23.235206,72.659698,8842cc6027fffff,vandalism,2,helpline,Akshardham (Sector 20),under_investigation,synthetic,1.0
a19e4e90-4a27-5b4e-94d8-54ac9659adff,GNR/2026/00916,2026-06-19T21:28:00,23.16187,72.636028,8842cc6a17fffff,chain_snatching,3,online,Sargasan Crossroads,under_investigation,synthetic,1.0
ab6e6ec7-f06c-527a-9c22-0efb4e70463e,GNR/2026/00917,2026-06-19T21:33:00,23.163104,72.625945,8842cc6a15fffff,theft,2,walk_in,Sargasan Crossroads,chargesheeted,synthetic,1.0
c8017a54-5d66-5075-b7f2-c51f4f3f83c4,GNR/2026/00918,2026-06-19T23:46:00,23.202955,72.619589,8842cc6163fffff,mobile_snatching,2,patrol,Gandhinagar (other),closed,synthetic,1.0
77b6d280-0a6c-5b39-a9c7-097eca425f86,GNR/2026/00919,2026-06-20T00:52:00,23.21106,72.618549,8842cc6147fffff,vehicle_theft,3,online,Sector 7 Secretariat,under_investigation,synthetic,1.0
2cc562fe-a1f4-55d9-9eb9-2ee00ff8d449,GNR/2026/00920,2026-06-20T01:19:00,23.168082,72.67961,8842cc6a83fffff,vehicle_theft,3,helpline,GIFT City,closed,synthetic,1.0
8a34a242-f704-5af8-9701-e1c0e197cebd,GNR/2026/00921,2026-06-20T10:04:00,23.229713,72.626131,8842cc615dfffff,theft,2,helpline,Gandhinagar (other),closed,synthetic,1.0
84a78cbe-7444-5fb2-8eac-f82121d850cd,GNR/2026/00922,2026-06-20T12:27:00,23.229181,72.659158,8842cc611bfffff,theft,2,online,Akshardham (Sector 20),under_investigation,synthetic,1.0
56cbc24a-07e7-58af-a50d-18485e944974,GNR/2026/00923,2026-06-20T14:41:00,23.16887,72.678728,8842cc6a83fffff,pickpocketing,1,online,GIFT City,closed,synthetic,1.0
bfa09e7e-2627-5b2f-9067-46e953cc1483,GNR/2026/00924,2026-06-20T17:54:00,23.239461,72.656697,8842cc6021fffff,theft,2,helpline,Akshardham (Sector 20),chargesheeted,synthetic,1.0
f6d7c852-8fb6-5d33-a7a6-dd0c74215214,GNR/2026/00925,2026-06-20T19:07:00,23.160508,72.687035,8842cc6ab9fffff,mobile_snatching,2,helpline,GIFT City,under_investigation,synthetic,1.0
f21a8d80-00ac-5cf1-8fcc-5f7a885d8184,GNR/2026/00926,2026-06-20T21:08:00,23.202408,72.649847,8842cc6139fffff,harassment,3,patrol,Gandhinagar (other),chargesheeted,synthetic,1.0
29de9d86-72d6-5f62-903f-d72f2c8874c7,GNR/2026/00927,2026-06-20T21:35:00,23.225353,72.639662,8842cc6157fffff,theft,2,helpline,Sector 16 Commercial,closed,synthetic,1.0
ac9540d4-776c-519a-94b2-e4fc85274527,GNR/2026/00928,2026-06-20T23:37:00,23.219384,72.665369,8842cc6113fffff,chain_snatching,3,online,Gandhinagar (other),chargesheeted,synthetic,1.0
367111ab-bb85-5524-a84f-7a6e05cd4478,GNR/2026/00929,2026-06-21T05:57:00,23.189298,72.631684,8842cc6121fffff,mobile_snatching,2,helpline,Infocity,closed,synthetic,1.0
b5c58258-693d-5a58-bc16-22abf5efab72,GNR/2026/00930,2026-06-21T06:52:00,23.218236,72.65345,8842cc6111fffff,vehicle_theft,3,online,Sector 21 Market,under_investigation,synthetic,1.0
d6f8ab56-73a5-51ea-ba12-69317fc89271,GNR/2026/00931,2026-06-21T10:01:00,23.240971,72.665437,8842cc6023fffff,pickpocketing,1,walk_in,Akshardham (Sector 20),closed,synthetic,1.0
5e06d64a-8b72-595c-b6bf-75b4b0eacc03,GNR/2026/00932,2026-06-21T11:17:00,23.203155,72.648296,8842cc6139fffff,burglary,3,helpline,Gandhinagar (other),closed,synthetic,1.0
313a264c-3eb9-5e88-a516-8284c8506ef0,GNR/2026/00933,2026-06-21T11:36:00,23.232023,72.625284,8842cc615dfffff,pickpocketing,1,helpline,Gandhinagar (other),closed,synthetic,1.0
ac3b82ea-ef79-518d-ba91-5b3290252cd6,GNR/2026/00934,2026-06-21T14:14:00,23.185965,72.637522,8842cc6127fffff,theft,2,walk_in,Kudasan,closed,synthetic,1.0
8716525b-1106-5a5b-bafb-b4077c0ce847,GNR/2026/00935,2026-06-21T15:11:00,23.231536,72.635063,8842cc6151fffff,theft,2,online,Sector 16 Commercial,chargesheeted,synthetic,1.0
1e0b4d1e-4e15-5468-9696-fd1a50f9c454,GNR/2026/00936,2026-06-21T15:42:00,23.230724,72.645559,8842cc6153fffff,burglary,3,walk_in,Sector 16 Commercial,chargesheeted,synthetic,1.0
69afdb2d-058d-562c-ae8e-70de08b5001e,GNR/2026/00937,2026-06-21T21:03:00,23.230656,72.6502,8842cc6025fffff,harassment,3,walk_in,Sector 16 Commercial,under_investigation,synthetic,1.0
2f6c2b97-0cae-585d-a76b-d1479473c038,GNR/2026/00938,2026-06-21T21:08:00,23.230509,72.643966,8842cc6153fffff,pickpocketing,1,online,Sector 16 Commercial,chargesheeted,synthetic,1.0
f2cba4ad-c0bb-502f-bfe3-99574becc081,GNR/2026/00939,2026-06-21T21:33:00,23.219584,72.644464,8842cc611dfffff,assault,4,patrol,Sector 21 Market,closed,synthetic,1.0
ac8d3cb0-ccd4-5d6b-b1cd-4629be0cf935,GNR/2026/00940,2026-06-21T22:46:00,23.198552,72.637906,8842cc612bfffff,mobile_snatching,2,online,Kudasan,chargesheeted,synthetic,1.0
9b511b6f-2371-5a89-86ac-6f1c71b14d5b,GNR/2026/00941,2026-06-21T23:07:00,23.224653,72.641562,8842cc6157fffff,vandalism,2,walk_in,Sector 16 Commercial,chargesheeted,synthetic,1.0
72c8460a-6a26-5612-bd89-cf96c9f03aa3,GNR/2026/00942,2026-06-22T01:21:00,23.210687,72.622271,8842cc610dfffff,robbery,4,patrol,Sector 7 Secretariat,chargesheeted,synthetic,1.0
db48bdf0-c913-56ab-ab2f-c2676a8a6c03,GNR/2026/00943,2026-06-22T01:41:00,23.219178,72.644864,8842cc611dfffff,mobile_snatching,2,patrol,Sector 21 Market,closed,synthetic,1.0
aa4253e5-660c-57e5-b90a-dac12089ce25,GNR/2026/00944,2026-06-22T03:40:00,23.229904,72.645103,8842cc6153fffff,vehicle_theft,3,online,Sector 16 Commercial,closed,synthetic,1.0
54f5ec72-d73d-58dd-8120-22d0ced940b9,GNR/2026/00945,2026-06-22T11:01:00,23.238265,72.645675,8842cc602dfffff,theft,2,patrol,Sector 16 Commercial,chargesheeted,synthetic,1.0
4aec4afd-a53d-5502-92cc-733fd9e97ccb,GNR/2026/00946,2026-06-22T13:49:00,23.225932,72.6405,8842cc6157fffff,theft,2,helpline,Sector 16 Commercial,closed,synthetic,1.0
ce354ea9-75e5-5869-866f-4db1f5820955,GNR/2026/00947,2026-06-22T16:13:00,23.189463,72.631699,8842cc6121fffff,mobile_snatching,2,online,Infocity,closed,synthetic,1.0
4cf7e18d-2ddd-5498-8da0-9282501f4a0d,GNR/2026/00948,2026-06-22T17:05:00,23.187097,72.623245,8842cc612dfffff,theft,2,helpline,Infocity,under_investigation,synthetic,1.0
b655da76-f80c-5812-a79a-ca825103386a,GNR/2026/00949,2026-06-22T21:40:00,23.224945,72.651174,8842cc6119fffff,theft,2,walk_in,Sector 21 Market,closed,synthetic,1.0
4027f52d-3f70-5998-9138-c11653a39c7b,GNR/2026/00950,2026-06-22T22:50:00,23.205603,72.639199,8842cc6107fffff,mobile_snatching,2,helpline,Sector 7 Secretariat,closed,synthetic,1.0
a90dae3e-66a9-5637-8099-8054ff472869,GNR/2026/00951,2026-06-23T00:49:00,23.230138,72.632784,8842cc6151fffff,vehicle_theft,3,patrol,Sector 16 Commercial,closed,synthetic,1.0
7c9d5c10-1bcd-5ca2-9d81-c7557d320089,GNR/2026/00952,2026-06-23T06:05:00,23.189629,72.632363,8842cc6121fffff,vehicle_theft,3,online,Infocity,chargesheeted,synthetic,1.0
59bdb17b-11bb-50e8-a36d-88bdfa6e4a46,GNR/2026/00953,2026-06-23T11:35:00,23.223519,72.628723,8842cc6155fffff,pickpocketing,1,helpline,Sector 7 Secretariat,chargesheeted,synthetic,1.0
0312becc-1cab-58d0-a7df-1bda7d33176d,GNR/2026/00954,2026-06-23T11:39:00,23.181893,72.636831,8842cc6127fffff,chain_snatching,3,walk_in,Infocity,closed,synthetic,1.0
88b6a5c1-70f2-5c46-80e5-e9f6df603503,GNR/2026/00955,2026-06-23T12:40:00,23.210771,72.631045,8842cc6101fffff,burglary,3,patrol,Sector 7 Secretariat,chargesheeted,synthetic,1.0
5bcc9c29-e7ea-553a-99b5-194d04955c41,GNR/2026/00956,2026-06-23T16:55:00,23.161227,72.687296,8842cc6ab9fffff,pickpocketing,1,online,GIFT City,closed,synthetic,1.0
a9d1f152-63fc-556e-b4ba-d1ff3f3a0ea1,GNR/2026/00957,2026-06-23T17:06:00,23.231088,72.63545,8842cc6151fffff,theft,2,patrol,Sector 16 Commercial,chargesheeted,synthetic,1.0
2fa66e9c-1a9e-549e-83e6-bf4d4d321aca,GNR/2026/00958,2026-06-23T17:29:00,23.217875,72.635924,8842cc610bfffff,pickpocketing,1,patrol,Sector 7 Secretariat,under_investigation,synthetic,1.0
deb3b206-b63b-5dc2-9e2c-51880d39800d,GNR/2026/00959,2026-06-23T21:31:00,23.211383,72.633649,8842cc6101fffff,assault,4,patrol,Sector 7 Secretariat,closed,synthetic,1.0
0190d40a-f246-59ef-b608-0eeebeb82b1f,GNR/2026/00960,2026-06-23T21:40:00,23.217876,72.647639,8842cc611dfffff,theft,2,patrol,Sector 21 Market,closed,synthetic,1.0
e56b5528-bd02-55d2-aa59-8f9f96224444,GNR/2026/00961,2026-06-23T21:41:00,23.222673,72.63111,8842cc6155fffff,mobile_snatching,2,online,Sector 7 Secretariat,closed,synthetic,1.0
aea6594c-9ce6-585a-b5a3-4e8014c324da,GNR/2026/00962,2026-06-24T02:30:00,23.218427,72.638277,8842cc610bfffff,vehicle_theft,3,online,Sector 7 Secretariat,under_investigation,synthetic,1.0
a9b7d63a-d525-526c-9bc0-cd926396bd2f,GNR/2026/00963,2026-06-24T11:03:00,23.21682,72.636459,8842cc610bfffff,pickpocketing,1,online,Sector 7 Secretariat,under_investigation,synthetic,1.0
c566858d-de5c-51b1-ad7e-aa5621727075,GNR/2026/00964,2026-06-24T12:46:00,23.218816,72.65488,8842cc6111fffff,burglary,3,patrol,Sector 21 Market,chargesheeted,synthetic,1.0
226aeb2c-5841-5b1f-bdc6-dd6b882da065,GNR/2026/00965,2026-06-24T14:34:00,23.230824,72.633988,8842cc6151fffff,burglary,3,helpline,Sector 16 Commercial,chargesheeted,synthetic,1.0
b10d4104-41ba-51ab-8ae9-5f2cb18f0f8d,GNR/2026/00966,2026-06-24T16:36:00,23.223681,72.631127,8842cc6155fffff,pickpocketing,1,helpline,Sector 16 Commercial,chargesheeted,synthetic,1.0
333e5d65-f2fc-56ec-be8c-6fc5645cc57a,GNR/2026/00967,2026-06-24T17:42:00,23.240243,72.656886,8842cc6021fffff,mobile_snatching,2,patrol,Akshardham (Sector 20),under_investigation,synthetic,1.0
e781d37f-5bf4-553e-8b2f-1419a471b9a5,GNR/2026/00968,2026-06-24T18:44:00,23.224564,72.629776,8842cc6155fffff,burglary,3,patrol,Sector 16 Commercial,closed,synthetic,1.0
c5ae5526-edd7-55bc-8817-aa34526d171a,GNR/2026/00969,2026-06-24T19:21:00,23.207625,72.621681,8842cc610dfffff,robbery,4,patrol,Sector 7 Secretariat,chargesheeted,synthetic,1.0
fd79da19-8c6c-5a82-9bfe-dac307a3d749,GNR/2026/00970,2026-06-24T22:05:00,23.248004,72.671483,8842cc603dfffff,vehicle_theft,3,walk_in,Gandhinagar (other),closed,synthetic,1.0
2875f769-2622-5819-a7ca-a7c143f4130c,GNR/2026/00971,2026-06-24T22:41:00,23.190649,72.632295,8842cc6121fffff,theft,2,helpline,Kudasan,under_investigation,synthetic,1.0
87f1f06c-1efc-5cae-98bb-22a30431fbd0,GNR/2026/00972,2026-06-24T23:06:00,23.209766,72.634321,8842cc6101fffff,mobile_snatching,2,helpline,Sector 7 Secretariat,closed,synthetic,1.0
1063be87-979e-51f2-89ae-1e04739c5dfc,GNR/2026/00973,2026-06-25T01:03:00,23.189295,72.629442,8842cc6121fffff,chain_snatching,3,walk_in,Infocity,closed,synthetic,1.0
4cded2e6-796e-5f0e-8597-a9a43e1c34b8,GNR/2026/00974,2026-06-25T02:33:00,23.218852,72.655778,8842cc6111fffff,vehicle_theft,3,online,Sector 21 Market,closed,synthetic,1.0
7f3bcfe1-05af-55a4-ae08-b8579334cc7b,GNR/2026/00975,2026-06-25T05:16:00,23.227938,72.667671,8842cc61cdfffff,theft,2,online,Akshardham (Sector 20),closed,synthetic,1.0
28e955a5-f04b-55d6-b364-8d49bf61ca80,GNR/2026/00976,2026-06-25T07:06:00,23.171124,72.689373,8842cc6a95fffff,vehicle_theft,3,online,GIFT City,chargesheeted,synthetic,1.0
314879e0-31a3-5e65-8b97-736f5d9200ba,GNR/2026/00977,2026-06-25T09:14:00,23.217901,72.65305,8842cc6111fffff,theft,2,patrol,Sector 21 Market,chargesheeted,synthetic,1.0
899d673a-0331-56cb-960f-3cd9bbe6d1a3,GNR/2026/00978,2026-06-25T10:57:00,23.220432,72.662978,8842cc6113fffff,vehicle_theft,3,helpline,Sector 21 Market,closed,synthetic,1.0
23ac9375-c634-59c1-96a9-58b300fdda22,GNR/2026/00979,2026-06-25T20:19:00,23.159598,72.670417,8842cc6a85fffff,chain_snatching,3,helpline,GIFT City,closed,synthetic,1.0
66614af5-2fcc-5ebe-868a-ea832e33f8b3,GNR/2026/00980,2026-06-25T21:20:00,23.161792,72.678839,8842cc6a87fffff,vandalism,2,online,GIFT City,under_investigation,synthetic,1.0
2c7f7be2-8b6e-50f6-a940-26c4f3201249,GNR/2026/00981,2026-06-25T22:16:00,23.187201,72.631134,8842cc6121fffff,theft,2,walk_in,Infocity,chargesheeted,synthetic,1.0
937581f6-8ca8-5670-8465-0a02841d114e,GNR/2026/00982,2026-06-25T23:27:00,23.224176,72.629301,8842cc6155fffff,vehicle_theft,3,patrol,Sector 16 Commercial,closed,synthetic,1.0
1de370d7-51ec-57fd-9a8f-a730da3c07bb,GNR/2026/00983,2026-06-26T03:17:00,23.199187,72.652956,8842cc6131fffff,vehicle_theft,3,walk_in,Gandhinagar (other),chargesheeted,synthetic,1.0
03fdb77c-edc4-5372-af10-e17970e18258,GNR/2026/00984,2026-06-26T05:09:00,23.169057,72.638896,8842cc6a13fffff,vehicle_theft,3,patrol,Sargasan Crossroads,closed,synthetic,1.0
c6c47b38-f59f-50be-b71c-6728f8f812a3,GNR/2026/00985,2026-06-26T11:53:00,23.17572,72.622509,8842cc6a19fffff,theft,2,online,Sargasan Crossroads,chargesheeted,synthetic,1.0
f7826048-d889-571d-a3ee-7bf1f9117e62,GNR/2026/00986,2026-06-26T11:55:00,23.194981,72.615816,8842cc6167fffff,mobile_snatching,2,online,Gandhinagar (other),closed,synthetic,1.0
0419a855-c51a-50f2-8698-580f68692c06,GNR/2026/00987,2026-06-26T13:21:00,23.23847,72.647993,8842cc602dfffff,burglary,3,walk_in,Akshardham (Sector 20),closed,synthetic,1.0
3c99166d-94b5-5587-99ae-f03bef5cfcc2,GNR/2026/00988,2026-06-26T16:42:00,23.189497,72.630112,8842cc6121fffff,assault,4,online,Infocity,chargesheeted,synthetic,1.0
f09d86d3-ee71-578a-a669-34ffd93313ea,GNR/2026/00989,2026-06-26T17:26:00,23.18022,72.617378,8842cc6a53fffff,chain_snatching,3,patrol,Infocity,chargesheeted,synthetic,1.0
76511cd7-213f-5b19-bdd0-b59612b5b255,GNR/2026/00990,2026-06-26T17:46:00,23.231394,72.65319,8842cc6025fffff,theft,2,online,Akshardham (Sector 20),chargesheeted,synthetic,1.0
d41e6d9b-39ff-5483-a815-6a024b79a253,GNR/2026/00991,2026-06-26T18:47:00,23.202374,72.638384,8842cc6107fffff,assault,4,online,Kudasan,chargesheeted,synthetic,1.0
e1449692-6aa6-56bc-ac1f-19e8018c94af,GNR/2026/00992,2026-06-26T19:35:00,23.187084,72.622153,8842cc612dfffff,pickpocketing,1,online,Infocity,closed,synthetic,1.0
49f50353-8cc2-566d-bf51-75013119244d,GNR/2026/00993,2026-06-26T20:12:00,23.161669,72.68831,8842cc6ab9fffff,vehicle_theft,3,helpline,GIFT City,closed,synthetic,1.0
72dcc867-8dd8-57cd-939e-4d8a681522d3,GNR/2026/00994,2026-06-26T22:08:00,23.233565,72.653549,8842cc6025fffff,harassment,3,patrol,Akshardham (Sector 20),closed,synthetic,1.0
9ff0dc4c-78a1-5f8e-9b62-2a8ec93451ae,GNR/2026/00995,2026-06-27T00:41:00,23.224505,72.638568,8842cc6157fffff,assault,4,patrol,Sector 16 Commercial,under_investigation,synthetic,1.0
a428a984-e334-50f9-b65d-b62e8f0d0bea,GNR/2026/00996,2026-06-27T00:44:00,23.175436,72.635682,8842cc6a1bfffff,pickpocketing,1,patrol,Sargasan Crossroads,closed,synthetic,1.0
e6ad0556-8838-5329-abea-919acb43c132,GNR/2026/00997,2026-06-27T01:37:00,23.180595,72.619883,8842cc6a53fffff,robbery,4,walk_in,Infocity,under_investigation,synthetic,1.0
ce6ababf-0ea1-5f37-a65c-f026459c3628,GNR/2026/00998,2026-06-27T01:49:00,23.230056,72.635232,8842cc6151fffff,assault,4,patrol,Sector 16 Commercial,under_investigation,synthetic,1.0
00efd51c-318a-58e6-b3ba-1f6c156ee7fa,GNR/2026/00999,2026-06-27T07:49:00,23.214672,72.66003,8842cc6117fffff,vehicle_theft,3,patrol,Sector 21 Market,chargesheeted,synthetic,1.0
44b67f29-acb1-5401-bc15-1965de88c6dc,GNR/2026/01000,2026-06-27T12:45:00,23.224559,72.641077,8842cc6157fffff,burglary,3,helpline,Sector 16 Commercial,chargesheeted,synthetic,1.0
06488b87-5cc4-5247-9725-fb180d412cf8,GNR/2026/01001,2026-06-27T15:04:00,23.232608,72.652193,8842cc6025fffff,assault,4,walk_in,Akshardham (Sector 20),under_investigation,synthetic,1.0
c50c5a3a-26a8-518b-bac0-98f46c97c937,GNR/2026/01002,2026-06-27T15:11:00,23.196673,72.635326,8842cc612bfffff,assault,4,helpline,Kudasan,closed,synthetic,1.0
3ed02c97-91af-588a-a6c6-afec2c453bc1,GNR/2026/01003,2026-06-27T17:16:00,23.170167,72.620556,8842cc6a1dfffff,pickpocketing,1,walk_in,Sargasan Crossroads,chargesheeted,synthetic,1.0
7bbc10db-e89c-5984-be93-8af224070481,GNR/2026/01004,2026-06-27T18:04:00,23.194805,72.634434,8842cc612bfffff,theft,2,helpline,Kudasan,chargesheeted,synthetic,1.0
49d1c8f2-b277-5a24-8c8f-dac61f51c105,GNR/2026/01005,2026-06-27T19:49:00,23.220419,72.655126,8842cc6111fffff,theft,2,patrol,Sector 21 Market,closed,synthetic,1.0
d5a130fd-df71-57ba-a623-0e2bf4096fa2,GNR/2026/01006,2026-06-27T20:53:00,23.186799,72.624152,8842cc612dfffff,assault,4,helpline,Infocity,closed,synthetic,1.0
0488cad0-e9d4-5a72-bcaf-0673a0ace281,GNR/2026/01007,2026-06-27T20:58:00,23.189892,72.632537,8842cc6121fffff,assault,4,patrol,Infocity,closed,synthetic,1.0
c41561e8-8c8b-54c2-bf6e-b843e151d675,GNR/2026/01008,2026-06-27T21:19:00,23.232666,72.643653,8842cc6153fffff,mobile_snatching,2,online,Sector 16 Commercial,chargesheeted,synthetic,1.0
26a42f9e-5e67-5bd1-b150-cc198278b5e1,GNR/2026/01009,2026-06-27T21:47:00,23.192683,72.640101,8842cc6123fffff,mobile_snatching,2,patrol,Kudasan,closed,synthetic,1.0
29ccc47c-f254-5244-afea-b9f812869a15,GNR/2026/01010,2026-06-27T22:00:00,23.230846,72.643395,8842cc6153fffff,robbery,4,online,Sector 16 Commercial,chargesheeted,synthetic,1.0
369ebbbd-999d-5257-b7ba-29353007dbd4,GNR/2026/01011,2026-06-27T22:01:00,23.238959,72.65707,8842cc6021fffff,mobile_snatching,2,helpline,Akshardham (Sector 20),chargesheeted,synthetic,1.0
7ffaf385-a10e-5d1b-b6d1-c36a93d06ddb,GNR/2026/01012,2026-06-28T02:25:00,23.233151,72.669895,8842cc61c9fffff,vandalism,2,walk_in,Akshardham (Sector 20),under_investigation,synthetic,1.0
549cce0d-aec4-592f-bb5c-e2458fc13720,GNR/2026/01013,2026-06-28T03:27:00,23.222235,72.632168,8842cc6155fffff,vehicle_theft,3,online,Sector 7 Secretariat,under_investigation,synthetic,1.0
6ec3cddd-e778-5132-a372-257323438f12,GNR/2026/01014,2026-06-28T04:15:00,23.219002,72.653849,8842cc6111fffff,theft,2,walk_in,Sector 21 Market,closed,synthetic,1.0
34c64837-e97a-5d70-b742-102513b94ddb,GNR/2026/01015,2026-06-28T05:27:00,23.231166,72.654034,8842cc6025fffff,pickpocketing,1,helpline,Akshardham (Sector 20),closed,synthetic,1.0
c4db64c0-da97-5be5-b50b-4a0ec72752c3,GNR/2026/01016,2026-06-28T07:48:00,23.217846,72.643909,8842cc611dfffff,burglary,3,patrol,Sector 21 Market,chargesheeted,synthetic,1.0
60def996-d30f-501c-ba5f-16025bc72bae,GNR/2026/01017,2026-06-28T11:41:00,23.211089,72.642178,8842cc6103fffff,robbery,4,walk_in,Sector 7 Secretariat,closed,synthetic,1.0
9bc1d437-b51f-5126-be1f-92421173e781,GNR/2026/01018,2026-06-28T12:25:00,23.209093,72.62421,8842cc610dfffff,theft,2,walk_in,Sector 7 Secretariat,closed,synthetic,1.0
9b3a2989-d848-5d0a-a9f0-cf5d558f1026,GNR/2026/01019,2026-06-28T12:37:00,23.187614,72.631988,8842cc6121fffff,vehicle_theft,3,helpline,Infocity,closed,synthetic,1.0
9e2cfffe-2094-5bfc-a63f-9aa1a42ab5f2,GNR/2026/01020,2026-06-28T12:44:00,23.224534,72.638416,8842cc6157fffff,pickpocketing,1,walk_in,Sector 16 Commercial,chargesheeted,synthetic,1.0
350e4dde-3649-5f6a-b7fe-65d0841ed973,GNR/2026/01021,2026-06-28T18:34:00,23.192468,72.641025,8842cc6123fffff,vehicle_theft,3,online,Kudasan,closed,synthetic,1.0
17125a63-2d0f-538d-bf0f-cb57c629e27b,GNR/2026/01022,2026-06-28T21:01:00,23.18828,72.622979,8842cc612dfffff,chain_snatching,3,walk_in,Infocity,chargesheeted,synthetic,1.0
55c31aeb-ebf4-56b9-a899-c5d7be47ce82,GNR/2026/01023,2026-06-28T22:27:00,23.226083,72.660711,8842cc611bfffff,mobile_snatching,2,patrol,Sector 21 Market,closed,synthetic,1.0
1944de95-95c7-55e3-8b6b-4e1980896964,GNR/2026/01024,2026-06-29T00:50:00,23.161327,72.677652,8842cc6a87fffff,robbery,4,patrol,GIFT City,under_investigation,synthetic,1.0
beea7416-44be-50c8-9f1b-fce57a719157,GNR/2026/01025,2026-06-29T06:06:00,23.173751,72.615088,8842cc6a57fffff,theft,2,helpline,Gandhinagar (other),chargesheeted,synthetic,1.0
d56de02d-efff-591f-9f3a-b96378222803,GNR/2026/01026,2026-06-29T08:28:00,23.203652,72.629138,8842cc6105fffff,chain_snatching,3,patrol,Sector 7 Secretariat,chargesheeted,synthetic,1.0
679eaf51-b8ea-59b1-a91c-cec90ab59185,GNR/2026/01027,2026-06-29T08:45:00,23.236062,72.629568,8842cc6159fffff,theft,2,helpline,Gandhinagar (other),closed,synthetic,1.0
3bcf9d38-1799-5174-945e-40b8db41beab,GNR/2026/01028,2026-06-29T14:28:00,23.197967,72.634816,8842cc612bfffff,theft,2,online,Kudasan,closed,synthetic,1.0
4631db0c-187d-50e9-85f3-df6a33444c82,GNR/2026/01029,2026-06-29T14:49:00,23.228948,72.646091,8842cc6153fffff,burglary,3,helpline,Sector 16 Commercial,chargesheeted,synthetic,1.0
9e30ac5b-0357-5df2-a07b-656eb22d6677,GNR/2026/01030,2026-06-29T15:29:00,23.212419,72.65134,8842cc6115fffff,burglary,3,walk_in,Sector 21 Market,chargesheeted,synthetic,1.0
1b0d45aa-d486-5a75-96e6-bdeba231167f,GNR/2026/01031,2026-06-29T16:41:00,23.201397,72.629623,8842cc6105fffff,pickpocketing,1,helpline,Sector 7 Secretariat,closed,synthetic,1.0
edbbc2bc-05ba-5cab-a92f-9b58f175c84f,GNR/2026/01032,2026-06-29T16:41:00,23.217021,72.636606,8842cc610bfffff,pickpocketing,1,patrol,Sector 7 Secretariat,under_investigation,synthetic,1.0
63f941b0-0b72-52eb-bd1d-e72ea5703a1a,GNR/2026/01033,2026-06-29T17:41:00,23.172777,72.624465,8842cc6a19fffff,pickpocketing,1,helpline,Sargasan Crossroads,chargesheeted,synthetic,1.0
16049c14-22d7-57be-92ca-77a2fad02a41,GNR/2026/01034,2026-06-29T19:29:00,23.23275,72.663137,8842cc6027fffff,mobile_snatching,2,walk_in,Akshardham (Sector 20),closed,synthetic,1.0
0471a20f-f732-509b-9a2d-d2adad5b75b6,GNR/2026/01035,2026-06-29T20:07:00,23.240847,72.665082,8842cc6023fffff,pickpocketing,1,online,Akshardham (Sector 20),closed,synthetic,1.0
f6e5424b-9a54-5be0-9e21-626f4edf4ff7,GNR/2026/01036,2026-06-30T06:23:00,23.165045,72.634466,8842cc6a17fffff,mobile_snatching,2,helpline,Sargasan Crossroads,chargesheeted,synthetic,1.0
4048b5e6-2b04-5354-95fd-f33af2d86263,GNR/2026/01037,2026-06-30T07:20:00,23.223164,72.629562,8842cc6155fffff,vehicle_theft,3,patrol,Sector 7 Secretariat,closed,synthetic,1.0
1d84773e-bf03-58e7-825d-9cf8f3ab4545,GNR/2026/01038,2026-06-30T11:14:00,23.234088,72.654883,8842cc6025fffff,theft,2,walk_in,Akshardham (Sector 20),closed,synthetic,1.0
9e4faa05-c8e9-55bb-95ab-7b04e80ac2f6,GNR/2026/01039,2026-06-30T11:19:00,23.247476,72.659682,8842cc602bfffff,theft,2,helpline,Akshardham (Sector 20),chargesheeted,synthetic,1.0
c4dede8b-7688-5931-96db-f6c907bee5ff,GNR/2026/01040,2026-06-30T11:22:00,23.21266,72.63943,8842cc6103fffff,harassment,3,patrol,Sector 7 Secretariat,chargesheeted,synthetic,1.0
0ddd9e0e-b90d-5400-9d9f-45035d985382,GNR/2026/01041,2026-06-30T13:01:00,23.22396,72.633486,8842cc6155fffff,theft,2,online,Sector 16 Commercial,chargesheeted,synthetic,1.0
fe04cd3e-2148-58e8-be20-ff3121932ea7,GNR/2026/01042,2026-06-30T15:20:00,23.213622,72.659644,8842cc6117fffff,harassment,3,patrol,Sector 21 Market,closed,synthetic,1.0
e438ddda-7e73-56c9-bf14-7059b748e769,GNR/2026/01043,2026-06-30T17:18:00,23.192998,72.649365,8842cc6135fffff,theft,2,online,Kudasan,chargesheeted,synthetic,1.0
c44ab72c-e4d2-5122-b2e9-8f81072da2df,GNR/2026/01044,2026-06-30T19:19:00,23.168389,72.679303,8842cc6a83fffff,vandalism,2,patrol,GIFT City,under_investigation,synthetic,1.0
2c497a20-5031-5927-bda6-eb4e7d03905f,GNR/2026/01045,2026-06-30T22:04:00,23.197535,72.636556,8842cc612bfffff,assault,4,helpline,Kudasan,closed,synthetic,1.0
434b546d-e845-53bc-aa8e-6666993f8d6b,GNR/2026/01046,2026-06-30T22:49:00,23.203992,72.639366,8842cc6107fffff,chain_snatching,3,patrol,Sector 7 Secretariat,chargesheeted,synthetic,1.0
56b77e7d-c655-5566-b871-617091d9c686,GNR/2026/01047,2026-06-30T22:51:00,23.18953,72.62993,8842cc6121fffff,vandalism,2,patrol,Infocity,chargesheeted,synthetic,1.0
e147c54c-a16d-5305-95a8-50f44c0a65e6,GNR/2026/01048,2026-07-01T02:20:00,23.237359,72.628103,8842cc6159fffff,pickpocketing,1,walk_in,Gandhinagar (other),chargesheeted,synthetic,1.0
5b17ef8e-8ce3-568b-a0b7-e8f3a3ab08f7,GNR/2026/01049,2026-07-01T03:33:00,23.212362,72.650096,8842cc6115fffff,pickpocketing,1,online,Sector 21 Market,closed,synthetic,1.0
b92bc822-32d5-5672-9d85-16672bb6842c,GNR/2026/01050,2026-07-01T10:58:00,23.22397,72.638905,8842cc6157fffff,burglary,3,helpline,Sector 16 Commercial,chargesheeted,synthetic,1.0
9846e713-21da-51d2-ae93-c1ed2f0da246,GNR/2026/01051,2026-07-01T13:05:00,23.220284,72.654975,8842cc6111fffff,theft,2,online,Sector 21 Market,chargesheeted,synthetic,1.0
2a4fea2f-072e-55e0-9133-278e00480dce,GNR/2026/01052,2026-07-01T13:24:00,23.233149,72.671383,8842cc61c9fffff,theft,2,patrol,Akshardham (Sector 20),chargesheeted,synthetic,1.0
81554d1a-a795-52e7-a7a1-200f0b2c252f,GNR/2026/01053,2026-07-01T14:01:00,23.217135,72.65561,8842cc6111fffff,theft,2,walk_in,Sector 21 Market,chargesheeted,synthetic,1.0
a2748710-8d9a-53a0-9263-a63723b5ff23,GNR/2026/01054,2026-07-01T17:00:00,23.217344,72.656104,8842cc6111fffff,mobile_snatching,2,helpline,Sector 21 Market,chargesheeted,synthetic,1.0
fac876fe-e4bc-5daf-bb99-062e7fd090b1,GNR/2026/01055,2026-07-01T17:53:00,23.189869,72.632079,8842cc6121fffff,theft,2,patrol,Infocity,closed,synthetic,1.0
6750ea70-aca3-5210-826c-2eb03cf66984,GNR/2026/01056,2026-07-01T18:44:00,23.189414,72.621446,8842cc612dfffff,pickpocketing,1,online,Infocity,chargesheeted,synthetic,1.0
77fc5233-e821-5b3d-bb0e-2b5188dcbd80,GNR/2026/01057,2026-07-01T19:22:00,23.217014,72.629083,8842cc6109fffff,theft,2,online,Sector 7 Secretariat,chargesheeted,synthetic,1.0
6860d48d-12c7-5063-8843-0742af073749,GNR/2026/01058,2026-07-02T00:51:00,23.191236,72.639758,8842cc6123fffff,robbery,4,patrol,Kudasan,closed,synthetic,1.0
411a6e7c-537a-50b6-b608-7dda380d5765,GNR/2026/01059,2026-07-02T04:06:00,23.169226,72.689376,8842cc6a95fffff,harassment,3,helpline,GIFT City,closed,synthetic,1.0
b018b2f5-9b5c-50b2-8d39-12ddae16d608,GNR/2026/01060,2026-07-02T15:09:00,23.240008,72.655866,8842cc6021fffff,pickpocketing,1,patrol,Akshardham (Sector 20),chargesheeted,synthetic,1.0
f7e6ed3b-027a-5c5b-80aa-69a0a3b10bae,GNR/2026/01061,2026-07-02T15:31:00,23.245112,72.660076,8842cc602bfffff,pickpocketing,1,helpline,Akshardham (Sector 20),closed,synthetic,1.0
a8a243b9-5130-58c4-8533-5ed8c62db1f0,GNR/2026/01062,2026-07-02T17:36:00,23.214468,72.628483,8842cc6109fffff,mobile_snatching,2,online,Sector 7 Secretariat,under_investigation,synthetic,1.0
a69c8963-0dd6-5e94-8715-c9cab7f30b30,GNR/2026/01063,2026-07-02T18:46:00,23.198558,72.636638,8842cc612bfffff,theft,2,online,Kudasan,chargesheeted,synthetic,1.0
3383605b-dd1b-5e4d-b674-4a6b6f0a6efd,GNR/2026/01064,2026-07-02T18:55:00,23.251173,72.662652,8842cc6007fffff,mobile_snatching,2,online,Akshardham (Sector 20),closed,synthetic,1.0
dbf36421-c1d6-52fa-a22f-40834b4a60a2,GNR/2026/01065,2026-07-02T23:14:00,23.162302,72.689338,8842cc6ab9fffff,pickpocketing,1,patrol,GIFT City,chargesheeted,synthetic,1.0
415a08bc-7aa9-50f7-b9b2-e4ac93dce87e,GNR/2026/01066,2026-07-03T00:38:00,23.165953,72.673177,8842cc6a81fffff,chain_snatching,3,walk_in,GIFT City,chargesheeted,synthetic,1.0
b527872b-85de-5799-8053-42201693ab87,GNR/2026/01067,2026-07-03T04:42:00,23.235654,72.660975,8842cc6027fffff,vehicle_theft,3,helpline,Akshardham (Sector 20),under_investigation,synthetic,1.0
b2e3f937-2d28-5e10-839a-0ae6a49c3a50,GNR/2026/01068,2026-07-03T13:15:00,23.194839,72.625509,8842cc6129fffff,pickpocketing,1,helpline,Infocity,chargesheeted,synthetic,1.0
a00a7c67-7364-5ee7-bdd6-7a09d3899c17,GNR/2026/01069,2026-07-03T14:40:00,23.216403,72.635417,8842cc610bfffff,pickpocketing,1,walk_in,Sector 7 Secretariat,under_investigation,synthetic,1.0
f707e098-2ab4-5a26-951e-cb294f2a871c,GNR/2026/01070,2026-07-03T15:59:00,23.177711,72.633829,8842cc6a1bfffff,pickpocketing,1,patrol,Sargasan Crossroads,closed,synthetic,1.0
19f0d7ee-9397-5a0a-a5b6-5c86cf3aa2b2,GNR/2026/01071,2026-07-03T16:40:00,23.223329,72.649052,8842cc6119fffff,mobile_snatching,2,patrol,Sector 21 Market,closed,synthetic,1.0
ea665d15-b992-50ef-9148-b227bb65331e,GNR/2026/01072,2026-07-03T17:15:00,23.179821,72.628969,8842cc6125fffff,robbery,4,walk_in,Infocity,closed,synthetic,1.0
f0f60a4f-d6af-569c-849e-b47f62488cb3,GNR/2026/01073,2026-07-03T17:28:00,23.196795,72.637216,8842cc612bfffff,harassment,3,walk_in,Kudasan,chargesheeted,synthetic,1.0
230281ef-3c6e-5fda-a791-5a3dac123614,GNR/2026/01074,2026-07-03T18:42:00,23.224728,72.657877,8842cc611bfffff,robbery,4,helpline,Sector 21 Market,closed,synthetic,1.0
2a0e563c-6fd5-501b-a58e-8f079581b978,GNR/2026/01075,2026-07-03T18:50:00,23.216774,72.645014,8842cc611dfffff,vehicle_theft,3,helpline,Sector 21 Market,chargesheeted,synthetic,1.0
668c156d-5f31-55e0-b8c4-0a631b5cd62f,GNR/2026/01076,2026-07-03T18:53:00,23.225898,72.640992,8842cc6157fffff,assault,4,online,Sector 16 Commercial,chargesheeted,synthetic,1.0
c6ca66fb-9679-54e9-84f2-9143306cc65b,GNR/2026/01077,2026-07-03T21:22:00,23.190381,72.632261,8842cc6121fffff,theft,2,helpline,Kudasan,closed,synthetic,1.0
ad2801f9-bb3d-59c8-834e-0775387714aa,GNR/2026/01078,2026-07-03T22:23:00,23.223573,72.665337,8842cc61cdfffff,robbery,4,helpline,Gandhinagar (other),chargesheeted,synthetic,1.0
0837a9aa-4dff-5cf8-a6cb-857e7a082dde,GNR/2026/01079,2026-07-03T23:03:00,23.241052,72.656909,8842cc6021fffff,chain_snatching,3,online,Akshardham (Sector 20),closed,synthetic,1.0
62960946-3efa-5548-b6ab-e5edd849f319,GNR/2026/01080,2026-07-04T07:33:00,23.235436,72.619206,8842cc6337fffff,pickpocketing,1,online,Gandhinagar (other),chargesheeted,synthetic,1.0
271ab542-6418-5445-8db1-c73e917b8380,GNR/2026/01081,2026-07-04T11:45:00,23.225281,72.648944,8842cc6119fffff,theft,2,helpline,Sector 21 Market,under_investigation,synthetic,1.0
679c8108-a509-5187-bb0f-6ebc87cbcc55,GNR/2026/01082,2026-07-04T12:07:00,23.174837,72.624725,8842cc6a19fffff,theft,2,patrol,Sargasan Crossroads,under_investigation,synthetic,1.0
4ee7589a-faca-5969-85d8-c29351594085,GNR/2026/01083,2026-07-04T13:28:00,23.217132,72.647504,8842cc611dfffff,burglary,3,patrol,Sector 21 Market,under_investigation,synthetic,1.0
de74f69e-5392-5915-9f95-cc9fae775f0a,GNR/2026/01084,2026-07-04T14:35:00,23.194495,72.626297,8842cc6129fffff,burglary,3,online,Infocity,closed,synthetic,1.0
39ccdf08-4201-5236-b0ce-559ec0534225,GNR/2026/01085,2026-07-04T16:04:00,23.183521,72.627384,8842cc6125fffff,theft,2,walk_in,Infocity,closed,synthetic,1.0
4aac79a2-db73-5c97-9191-7039bf76d22d,GNR/2026/01086,2026-07-04T19:19:00,23.196201,72.635941,8842cc612bfffff,chain_snatching,3,online,Kudasan,closed,synthetic,1.0
d4660352-d070-555d-afb1-42cae6334404,GNR/2026/01087,2026-07-04T20:15:00,23.194726,72.628882,8842cc6129fffff,chain_snatching,3,helpline,Infocity,closed,synthetic,1.0
0e965284-368f-585d-9a4b-b5cf116ef6bc,GNR/2026/01088,2026-07-04T23:26:00,23.238828,72.656444,8842cc6021fffff,vandalism,2,patrol,Akshardham (Sector 20),chargesheeted,synthetic,1.0
9c30dc83-2f51-5a01-a9ea-0a5df28d57a4,GNR/2026/01089,2026-07-05T00:29:00,23.167883,72.628419,8842cc6a11fffff,assault,4,online,Sargasan Crossroads,closed,synthetic,1.0
a7dce685-5b2c-5f0b-961a-284f2b3ff506,GNR/2026/01090,2026-07-05T02:16:00,23.189526,72.632548,8842cc6121fffff,vehicle_theft,3,helpline,Infocity,chargesheeted,synthetic,1.0
65670871-ca09-5492-8280-7847ea94d4a9,GNR/2026/01091,2026-07-05T02:49:00,23.159784,72.677566,8842cc6a87fffff,robbery,4,helpline,GIFT City,closed,synthetic,1.0
632a7d92-c7f0-5b6a-9750-ed2102341b99,GNR/2026/01092,2026-07-05T11:28:00,23.225403,72.64971,8842cc6119fffff,harassment,3,helpline,Sector 21 Market,under_investigation,synthetic,1.0
37c0f358-ec05-549a-8667-c540b6f9fa31,GNR/2026/01093,2026-07-05T13:04:00,23.237482,72.657045,8842cc6021fffff,harassment,3,patrol,Akshardham (Sector 20),chargesheeted,synthetic,1.0
20aa531c-c0c9-5ce5-b625-54bbf8196916,GNR/2026/01094,2026-07-05T15:32:00,23.182248,72.627463,8842cc6125fffff,theft,2,walk_in,Infocity,closed,synthetic,1.0
97e9278c-3374-57f7-b9e6-6a8c01fdfb0d,GNR/2026/01095,2026-07-05T16:08:00,23.230223,72.633764,8842cc6151fffff,theft,2,online,Sector 16 Commercial,under_investigation,synthetic,1.0
3cdba4aa-1cfb-5328-8a3c-975cc5b351b2,GNR/2026/01096,2026-07-05T17:08:00,23.176774,72.633264,8842cc6a1bfffff,pickpocketing,1,online,Sargasan Crossroads,closed,synthetic,1.0
c083954f-e9be-5aa5-9257-63bab283eb2f,GNR/2026/01097,2026-07-05T17:47:00,23.229268,72.636352,8842cc6151fffff,theft,2,patrol,Sector 16 Commercial,closed,synthetic,1.0
11b009fd-8b87-5ca3-bff2-f8b2b46b9fd6,GNR/2026/01098,2026-07-05T18:11:00,23.240603,72.665239,8842cc6023fffff,theft,2,online,Akshardham (Sector 20),closed,synthetic,1.0
c50ca412-fe53-5703-a6af-04a6df8478d9,GNR/2026/01099,2026-07-05T18:13:00,23.196051,72.635979,8842cc612bfffff,chain_snatching,3,online,Kudasan,closed,synthetic,1.0
89aef5ff-29be-53ca-a955-560ba4cdadbb,GNR/2026/01100,2026-07-05T18:15:00,23.233177,72.661755,8842cc6027fffff,vehicle_theft,3,walk_in,Akshardham (Sector 20),under_investigation,synthetic,1.0
36d3a879-99b9-5b6c-b86b-8ded9089a5ad,GNR/2026/01101,2026-07-05T18:26:00,23.196651,72.633039,8842cc612bfffff,pickpocketing,1,patrol,Kudasan,chargesheeted,synthetic,1.0
82f9d4a0-d0b8-5188-bbdc-418821ba852e,GNR/2026/01102,2026-07-05T18:28:00,23.194296,72.608596,8842cc6165fffff,mobile_snatching,2,walk_in,Gandhinagar (other),chargesheeted,synthetic,1.0
9a49e99e-2c6a-5aff-9bea-3a5843a4dbbf,GNR/2026/01103,2026-07-05T20:43:00,23.237752,72.663541,8842cc6023fffff,harassment,3,helpline,Akshardham (Sector 20),closed,synthetic,1.0
b650a70e-fad3-5d2d-95d1-2fd3eec8739a,GNR/2026/01104,2026-07-05T23:13:00,23.161607,72.68707,8842cc6ab9fffff,chain_snatching,3,patrol,GIFT City,closed,synthetic,1.0
8905a74e-d32f-5253-b4ed-6ba97c6d0571,GNR/2026/01105,2026-07-06T00:01:00,23.16264,72.678362,8842cc6a87fffff,mobile_snatching,2,walk_in,GIFT City,chargesheeted,synthetic,1.0
45d082fc-33e8-5269-b5f8-bbd55b283f41,GNR/2026/01106,2026-07-06T13:29:00,23.153352,72.681785,8842cc6abdfffff,pickpocketing,1,online,GIFT City,chargesheeted,synthetic,1.0
f9252f36-6986-5cfe-88a1-97b25b8ed43e,GNR/2026/01107,2026-07-06T13:46:00,23.22586,72.650591,8842cc6119fffff,theft,2,helpline,Sector 21 Market,closed,synthetic,1.0
197e0403-90f7-54ec-acc6-9e804ade20c4,GNR/2026/01108,2026-07-06T15:38:00,23.198089,72.635943,8842cc612bfffff,theft,2,helpline,Kudasan,chargesheeted,synthetic,1.0
2d2e7d72-61c5-58af-8704-7fc8112a130b,GNR/2026/01109,2026-07-06T16:48:00,23.233146,72.654573,8842cc6025fffff,theft,2,patrol,Akshardham (Sector 20),under_investigation,synthetic,1.0
ec2853da-fb4f-53a6-ae42-2091d184a88e,GNR/2026/01110,2026-07-06T21:24:00,23.181445,72.618414,8842cc6a53fffff,theft,2,patrol,Infocity,under_investigation,synthetic,1.0
f1a845b4-2cff-503b-9d74-80042146cb7a,GNR/2026/01111,2026-07-06T23:19:00,23.166892,72.671749,8842cc6a81fffff,robbery,4,patrol,GIFT City,chargesheeted,synthetic,1.0
8a10d03d-8f6b-5c05-b163-76f325034a9a,GNR/2026/01112,2026-07-07T03:22:00,23.18734,72.620252,8842cc612dfffff,assault,4,walk_in,Infocity,chargesheeted,synthetic,1.0
21b35792-0aa2-5379-b894-f5214f919969,GNR/2026/01113,2026-07-07T12:26:00,23.225719,72.650289,8842cc6119fffff,theft,2,helpline,Sector 21 Market,chargesheeted,synthetic,1.0
5955d05f-6373-579e-b8a8-882fee70215e,GNR/2026/01114,2026-07-07T16:42:00,23.189312,72.622151,8842cc612dfffff,burglary,3,patrol,Infocity,closed,synthetic,1.0
69cb953c-c688-5234-bec7-665a8b1913bd,GNR/2026/01115,2026-07-07T17:32:00,23.218507,72.645545,8842cc611dfffff,pickpocketing,1,helpline,Sector 21 Market,under_investigation,synthetic,1.0
acd923a0-bda1-5f92-9d8a-bbfd0fef989c,GNR/2026/01116,2026-07-07T17:32:00,23.205691,72.657169,8842cc613bfffff,pickpocketing,1,walk_in,Gandhinagar (other),chargesheeted,synthetic,1.0
d6ec1b42-d40d-5ea4-9eaa-dfdb0dfe3b84,GNR/2026/01117,2026-07-07T19:04:00,23.195717,72.616667,8842cc6167fffff,mobile_snatching,2,patrol,Gandhinagar (other),closed,synthetic,1.0
1b2fa672-0421-5387-8fab-9cbe11056258,GNR/2026/01118,2026-07-07T19:53:00,23.211127,72.650883,8842cc6115fffff,theft,2,walk_in,Sector 21 Market,closed,synthetic,1.0
edbf1ba1-e8e8-539c-82f2-ded0822b79d6,GNR/2026/01119,2026-07-07T22:09:00,23.230658,72.65307,8842cc6025fffff,chain_snatching,3,helpline,Akshardham (Sector 20),closed,synthetic,1.0
0c0a0c89-615e-56eb-a050-b9111398a29b,GNR/2026/01120,2026-07-07T22:26:00,23.242065,72.665916,8842cc6023fffff,mobile_snatching,2,helpline,Akshardham (Sector 20),closed,synthetic,1.0
f87d65fb-a414-5db6-a6ed-b5c337a35679,GNR/2026/01121,2026-07-07T23:11:00,23.223754,72.650338,8842cc6119fffff,vehicle_theft,3,online,Sector 21 Market,chargesheeted,synthetic,1.0
5ee07f20-83bb-5569-be78-038e966251c1,GNR/2026/01122,2026-07-07T23:53:00,23.221219,72.64624,8842cc611dfffff,vehicle_theft,3,online,Sector 21 Market,closed,synthetic,1.0
0a90223e-f6ba-50b2-9448-b2f974e25f1b,GNR/2026/01123,2026-07-08T06:01:00,23.215564,72.62628,8842cc6109fffff,robbery,4,patrol,Sector 7 Secretariat,closed,synthetic,1.0
f2d03191-8764-58e3-ab08-e798d9d966ea,GNR/2026/01124,2026-07-08T12:27:00,23.233311,72.654814,8842cc6025fffff,theft,2,online,Akshardham (Sector 20),under_investigation,synthetic,1.0
0cf0c9cb-5c75-5458-a1b8-c792190c0f1b,GNR/2026/01125,2026-07-08T13:54:00,23.193316,72.637104,8842cc612bfffff,theft,2,helpline,Kudasan,closed,synthetic,1.0
aaa3eaf8-ed37-5fbc-9def-2d9610f845e2,GNR/2026/01126,2026-07-08T15:13:00,23.188501,72.623033,8842cc612dfffff,theft,2,online,Infocity,chargesheeted,synthetic,1.0
1422b6c9-3d7a-5740-85c3-5853ff67a4b7,GNR/2026/01127,2026-07-08T21:08:00,23.184074,72.620334,8842cc6a53fffff,assault,4,helpline,Infocity,chargesheeted,synthetic,1.0
cdee23c3-cc5f-5205-b71d-62bafab12436,GNR/2026/01128,2026-07-08T23:17:00,23.208534,72.664752,8842cc61edfffff,assault,4,patrol,Gandhinagar (other),chargesheeted,synthetic,1.0
9576e6ef-611d-5ed7-b59b-ec54c4609b03,GNR/2026/01129,2026-07-09T02:49:00,23.239434,72.656456,8842cc6021fffff,assault,4,online,Akshardham (Sector 20),under_investigation,synthetic,1.0
eb245bbd-2411-5852-a595-1b19a11f7981,GNR/2026/01130,2026-07-09T05:51:00,23.24658,72.650957,8842cc6029fffff,vehicle_theft,3,walk_in,Akshardham (Sector 20),chargesheeted,synthetic,1.0
33e4143c-32e6-5950-b7df-e53db9973a51,GNR/2026/01131,2026-07-09T08:27:00,23.214311,72.651138,8842cc6115fffff,theft,2,helpline,Sector 21 Market,chargesheeted,synthetic,1.0
472ce4cb-dc16-5777-8864-4c25e4571b37,GNR/2026/01132,2026-07-09T18:56:00,23.176001,72.626193,8842cc6a19fffff,pickpocketing,1,walk_in,Sargasan Crossroads,closed,synthetic,1.0
e5187330-f6cb-5147-b9e5-80378087416f,GNR/2026/01133,2026-07-09T19:54:00,23.174706,72.62563,8842cc6a19fffff,theft,2,helpline,Sargasan Crossroads,closed,synthetic,1.0
0579022f-77ab-5e57-92d0-e5df2b694961,GNR/2026/01134,2026-07-09T20:58:00,23.254288,72.665032,8842cc6007fffff,theft,2,helpline,Gandhinagar (other),chargesheeted,synthetic,1.0
1df75caf-e560-5dd2-8a25-3b2962940904,GNR/2026/01135,2026-07-09T22:59:00,23.219775,72.654645,8842cc6111fffff,pickpocketing,1,patrol,Sector 21 Market,closed,synthetic,1.0
9a1d2e85-04ea-5a3c-864c-01cc501bfaf6,GNR/2026/01136,2026-07-09T23:26:00,23.232048,72.652637,8842cc6025fffff,harassment,3,online,Akshardham (Sector 20),chargesheeted,synthetic,1.0
0f1508a1-2c7d-5dfb-a6dd-30ad2f7b4786,GNR/2026/01137,2026-07-10T09:49:00,23.226321,72.650069,8842cc6119fffff,vandalism,2,walk_in,Sector 21 Market,chargesheeted,synthetic,1.0
7d17975b-609b-5476-818c-1844b96d8f12,GNR/2026/01138,2026-07-10T09:56:00,23.180222,72.625745,8842cc6125fffff,chain_snatching,3,walk_in,Infocity,chargesheeted,synthetic,1.0
8d870952-2a90-521d-adb4-7b8e8ce97acb,GNR/2026/01139,2026-07-10T12:09:00,23.239908,72.665085,8842cc6023fffff,mobile_snatching,2,online,Akshardham (Sector 20),closed,synthetic,1.0
1d0ac901-0c94-5cf3-83cb-0e56d0127f77,GNR/2026/01140,2026-07-10T17:51:00,23.210195,72.633977,8842cc6101fffff,chain_snatching,3,patrol,Sector 7 Secretariat,chargesheeted,synthetic,1.0
3f1e58ce-6010-5eb2-8e3b-bff78b096833,GNR/2026/01141,2026-07-10T18:26:00,23.241705,72.663382,8842cc6023fffff,theft,2,online,Akshardham (Sector 20),under_investigation,synthetic,1.0
9cca2896-278f-51b0-9e56-75c76a066dcf,GNR/2026/01142,2026-07-10T20:24:00,23.210025,72.633025,8842cc6101fffff,theft,2,online,Sector 7 Secretariat,closed,synthetic,1.0
8142d4d9-ee24-52f3-a145-e9960b6c7a6d,GNR/2026/01143,2026-07-10T21:19:00,23.171317,72.635589,8842cc6a13fffff,mobile_snatching,2,online,Sargasan Crossroads,closed,synthetic,1.0
44a56a7f-66a0-5917-98ce-beb9076217bb,GNR/2026/01144,2026-07-10T21:53:00,23.214123,72.669338,8842cc61e9fffff,robbery,4,helpline,Gandhinagar (other),closed,synthetic,1.0
1182814e-918f-5989-8d7b-bffab61fcec2,GNR/2026/01145,2026-07-10T22:32:00,23.218378,72.663889,8842cc6113fffff,assault,4,patrol,Sector 21 Market,closed,synthetic,1.0
5e669721-9e01-5e8f-ac94-d9c35fb8a6a6,GNR/2026/01146,2026-07-10T22:38:00,23.161595,72.677705,8842cc6a87fffff,assault,4,online,GIFT City,under_investigation,synthetic,1.0
b447f0a9-e789-59df-9a2c-116782e7b8b5,GNR/2026/01147,2026-07-11T00:48:00,23.218364,72.656616,8842cc6111fffff,vehicle_theft,3,walk_in,Sector 21 Market,under_investigation,synthetic,1.0
80fa7271-532d-5d2e-b05d-d60763621ce4,GNR/2026/01148,2026-07-11T04:03:00,23.196614,72.634229,8842cc612bfffff,vehicle_theft,3,helpline,Kudasan,closed,synthetic,1.0
c7730d9d-4755-5786-965b-18ed4e1ace66,GNR/2026/01149,2026-07-11T13:33:00,23.247371,72.668992,8842cc603dfffff,theft,2,helpline,Akshardham (Sector 20),closed,synthetic,1.0
6cf07732-c5e2-55b3-a54a-b422ec840c80,GNR/2026/01150,2026-07-11T15:43:00,23.187599,72.614915,8842cc6a5bfffff,burglary,3,online,Infocity,chargesheeted,synthetic,1.0
6f03c7a4-d3d6-5120-b025-0e0a1f83265b,GNR/2026/01151,2026-07-11T16:29:00,23.210103,72.643023,8842cc6103fffff,pickpocketing,1,online,Sector 7 Secretariat,chargesheeted,synthetic,1.0
ce578808-6e79-543f-a606-73143d3e58f2,GNR/2026/01152,2026-07-11T16:57:00,23.191278,72.630105,8842cc6121fffff,harassment,3,helpline,Infocity,chargesheeted,synthetic,1.0
b5547d66-c78e-5882-bdfd-4aee2603fc7e,GNR/2026/01153,2026-07-11T18:40:00,23.191526,72.640871,8842cc6123fffff,robbery,4,walk_in,Kudasan,closed,synthetic,1.0
f5eb8c4e-f050-5bcd-9279-628a2a21756a,GNR/2026/01154,2026-07-11T18:48:00,23.232697,72.660962,8842cc6027fffff,chain_snatching,3,helpline,Akshardham (Sector 20),closed,synthetic,1.0
dcec8815-54ac-5161-9baf-705f551ad87d,GNR/2026/01155,2026-07-11T18:52:00,23.21925,72.645008,8842cc611dfffff,pickpocketing,1,walk_in,Sector 21 Market,chargesheeted,synthetic,1.0
7f989dee-01c0-53f4-8a46-947d9e29dfa4,GNR/2026/01156,2026-07-11T20:12:00,23.19684,72.634693,8842cc612bfffff,theft,2,patrol,Kudasan,chargesheeted,synthetic,1.0
fe50d9f7-61fc-5481-a5b4-975b90893269,GNR/2026/01157,2026-07-11T20:41:00,23.203856,72.636781,8842cc6107fffff,theft,2,helpline,Sector 7 Secretariat,chargesheeted,synthetic,1.0
c4ebb642-15c2-558b-91bc-827d3be51828,GNR/2026/01158,2026-07-11T22:30:00,23.215042,72.627378,8842cc6109fffff,pickpocketing,1,helpline,Sector 7 Secretariat,chargesheeted,synthetic,1.0
cd1fa940-a4ee-5e90-8d1c-789bf88ed922,GNR/2026/01159,2026-07-11T23:55:00,23.149246,72.686812,8842cc6ab5fffff,assault,4,walk_in,Gandhinagar (other),closed,synthetic,1.0
4facd9ed-896a-5109-9292-f768e9fc1088,GNR/2026/01160,2026-07-12T02:53:00,23.218357,72.655342,8842cc6111fffff,chain_snatching,3,helpline,Sector 21 Market,chargesheeted,synthetic,1.0
ec035d0d-0f04-55b4-b6e3-0b67d80e30b1,GNR/2026/01161,2026-07-12T03:06:00,23.174647,72.622203,8842cc6a19fffff,theft,2,walk_in,Sargasan Crossroads,closed,synthetic,1.0
a178d5b4-de81-5faf-a3e3-ca80dd8b965a,GNR/2026/01162,2026-07-12T03:27:00,23.246794,72.668984,8842cc603dfffff,vandalism,2,online,Akshardham (Sector 20),under_investigation,synthetic,1.0
ba81895f-c561-5a26-9098-4ea6c0a23a17,GNR/2026/01163,2026-07-12T12:51:00,23.161553,72.67635,8842cc6a87fffff,burglary,3,online,GIFT City,under_investigation,synthetic,1.0
d5dafd49-2b8c-5f5a-98d8-e6c3ac571e3e,GNR/2026/01164,2026-07-12T14:47:00,23.219089,72.652644,8842cc6111fffff,mobile_snatching,2,patrol,Sector 21 Market,closed,synthetic,1.0
a388c473-3538-5bb1-abe2-b32269c24669,GNR/2026/01165,2026-07-12T18:21:00,23.236871,72.619769,8842cc6337fffff,pickpocketing,1,helpline,Gandhinagar (other),under_investigation,synthetic,1.0
a9a85e63-2576-528e-9533-ecf367daf800,GNR/2026/01166,2026-07-12T18:37:00,23.23921,72.655484,8842cc6021fffff,chain_snatching,3,helpline,Akshardham (Sector 20),chargesheeted,synthetic,1.0
50590987-0827-57a2-933a-490ffb2eee97,GNR/2026/01167,2026-07-12T20:00:00,23.219024,72.645318,8842cc611dfffff,mobile_snatching,2,patrol,Sector 21 Market,closed,synthetic,1.0
d5a8ff1a-6615-5786-b006-f5b634d3b6a0,GNR/2026/01168,2026-07-12T20:31:00,23.211055,72.642197,8842cc6103fffff,chain_snatching,3,online,Sector 7 Secretariat,closed,synthetic,1.0
c802233b-c910-5076-ac8e-6492bd492f22,GNR/2026/01169,2026-07-13T00:16:00,23.169839,72.639906,8842cc6a13fffff,chain_snatching,3,patrol,Sargasan Crossroads,closed,synthetic,1.0
44124391-fab2-5e9c-a068-66c5143207e0,GNR/2026/01170,2026-07-13T00:49:00,23.156222,72.681844,8842cc6abdfffff,vandalism,2,helpline,GIFT City,under_investigation,synthetic,1.0
b3156b65-b0e3-515e-98a7-7ca78e80049f,GNR/2026/01171,2026-07-13T01:03:00,23.169415,72.681276,8842cc6a83fffff,theft,2,patrol,GIFT City,closed,synthetic,1.0
056a544a-12c3-5105-bf51-cc6f2cb4e09e,GNR/2026/01172,2026-07-13T02:27:00,23.22064,72.654972,8842cc6111fffff,harassment,3,walk_in,Sector 21 Market,chargesheeted,synthetic,1.0
8458b3ca-25f1-5b80-8fdd-f4e915f1d9e3,GNR/2026/01173,2026-07-13T03:11:00,23.166549,72.67258,8842cc6a81fffff,vehicle_theft,3,patrol,GIFT City,under_investigation,synthetic,1.0
bc91a794-8915-5f17-9012-22849798f5f4,GNR/2026/01174,2026-07-13T16:06:00,23.252514,72.662567,8842cc6007fffff,theft,2,walk_in,Gandhinagar (other),closed,synthetic,1.0
9e2144fe-4f9d-5979-bce2-68143f4039cf,GNR/2026/01175,2026-07-13T18:48:00,23.191045,72.639112,8842cc6123fffff,chain_snatching,3,patrol,Kudasan,closed,synthetic,1.0
dd173662-1003-55c4-b261-59dbb1729706,GNR/2026/01176,2026-07-13T22:58:00,23.182658,72.637164,8842cc6127fffff,assault,4,patrol,Infocity,chargesheeted,synthetic,1.0
6a5f2cd0-67f7-53b4-9559-1087ce02f659,GNR/2026/01177,2026-07-13T23:00:00,23.241693,72.654674,8842cc6021fffff,vehicle_theft,3,online,Akshardham (Sector 20),chargesheeted,synthetic,1.0
bbbd4867-d5d6-529a-af6b-2d1ab52a9b23,GNR/2026/01178,2026-07-13T23:24:00,23.202773,72.621797,8842cc6163fffff,pickpocketing,1,online,Sector 7 Secretariat,closed,synthetic,1.0
348a48e7-33e4-5ff0-aa46-2c7d81b3ee2e,GNR/2026/01179,2026-07-14T00:46:00,23.161795,72.637775,8842cc6a17fffff,vehicle_theft,3,patrol,Sargasan Crossroads,chargesheeted,synthetic,1.0
f23f11bd-761f-5964-ac03-dcc380386c3a,GNR/2026/01180,2026-07-14T08:59:00,23.191034,72.622042,8842cc612dfffff,pickpocketing,1,online,Infocity,closed,synthetic,1.0
caa038f4-155b-5ce0-b453-109ee64e6e83,GNR/2026/01181,2026-07-14T10:03:00,23.210061,72.640804,8842cc6103fffff,pickpocketing,1,online,Sector 7 Secretariat,closed,synthetic,1.0
29ec32aa-3aae-5b5f-9354-db65b8a15e88,GNR/2026/01182,2026-07-14T10:34:00,23.209558,72.631585,8842cc6101fffff,robbery,4,walk_in,Sector 7 Secretariat,chargesheeted,synthetic,1.0
5c35040b-fe3a-526e-b6c5-1c3e0b893cac,GNR/2026/01183,2026-07-14T11:51:00,23.205304,72.640489,8842cc6107fffff,burglary,3,patrol,Sector 7 Secretariat,closed,synthetic,1.0
6d771c1b-78fb-59a7-8027-51a52b2d774b,GNR/2026/01184,2026-07-14T14:11:00,23.156683,72.641051,8842cc6aedfffff,mobile_snatching,2,online,Gandhinagar (other),closed,synthetic,1.0
28e832fa-0d8f-5320-a15b-32914e4c1473,GNR/2026/01185,2026-07-14T15:40:00,23.231293,72.635215,8842cc6151fffff,vehicle_theft,3,patrol,Sector 16 Commercial,chargesheeted,synthetic,1.0
f8e01ca7-9125-59d7-b9ff-4caa007f2210,GNR/2026/01186,2026-07-14T16:43:00,23.230514,72.653998,8842cc6025fffff,chain_snatching,3,helpline,Akshardham (Sector 20),under_investigation,synthetic,1.0
34967cd2-bcc9-57f3-8209-84d4ca8fb46f,GNR/2026/01187,2026-07-14T19:55:00,23.246791,72.660222,8842cc602bfffff,chain_snatching,3,patrol,Akshardham (Sector 20),under_investigation,synthetic,1.0
2ab0e9da-5e42-5537-98a5-105350aec5e2,GNR/2026/01188,2026-07-14T20:03:00,23.167955,72.680306,8842cc6a83fffff,chain_snatching,3,walk_in,GIFT City,closed,synthetic,1.0
65127dda-841c-578f-9411-ad79203c4298,GNR/2026/01189,2026-07-14T20:38:00,23.244283,72.639721,8842cc6067fffff,vehicle_theft,3,walk_in,Gandhinagar (other),chargesheeted,synthetic,1.0
3247d0e3-9b9d-5ae0-959d-33ae9268806e,GNR/2026/01190,2026-07-14T20:42:00,23.21141,72.660529,8842cc6117fffff,theft,2,patrol,Sector 21 Market,under_investigation,synthetic,1.0
c61530d1-e8b3-5c9d-a06b-b9a0c598f9a1,GNR/2026/01191,2026-07-14T21:45:00,23.179991,72.628487,8842cc6125fffff,theft,2,walk_in,Infocity,closed,synthetic,1.0
03d8b800-9ac6-5f86-8e6b-b7c79c26dd2f,GNR/2026/01192,2026-07-15T18:02:00,23.197618,72.643582,8842cc613dfffff,mobile_snatching,2,walk_in,Kudasan,under_investigation,synthetic,1.0
99ce5a2c-637a-580b-9f61-7fdbc011c50f,GNR/2026/01193,2026-07-15T18:15:00,23.230501,72.644059,8842cc6153fffff,mobile_snatching,2,patrol,Sector 16 Commercial,under_investigation,synthetic,1.0
634e3578-3993-578e-8ab8-13621cffd2d6,GNR/2026/01194,2026-07-15T19:31:00,23.229274,72.643796,8842cc6153fffff,theft,2,walk_in,Sector 16 Commercial,chargesheeted,synthetic,1.0
97789b20-ce1b-5756-88b1-0e5462762c45,GNR/2026/01195,2026-07-15T21:08:00,23.189421,72.630067,8842cc6121fffff,pickpocketing,1,walk_in,Infocity,chargesheeted,synthetic,1.0
fd6f1db8-24be-567a-84df-e7a206237381,GNR/2026/01196,2026-07-15T23:07:00,23.24888,72.651267,8842cc6029fffff,burglary,3,online,Gandhinagar (other),closed,synthetic,1.0
337323bb-34e3-5e6c-822f-901e5fd0b2b3,GNR/2026/01197,2026-07-15T23:48:00,23.184716,72.627933,8842cc6125fffff,chain_snatching,3,helpline,Infocity,closed,synthetic,1.0
58dd4cb7-6fd9-5f21-90be-958d3b855851,GNR/2026/01198,2026-07-16T08:22:00,23.210677,72.635774,8842cc6101fffff,vehicle_theft,3,patrol,Sector 7 Secretariat,chargesheeted,synthetic,1.0
0dcb5165-3725-5681-9c04-dd6a453d932c,GNR/2026/01199,2026-07-16T09:20:00,23.224656,72.650543,8842cc6119fffff,burglary,3,patrol,Sector 21 Market,under_investigation,synthetic,1.0
94fc4297-22c0-566b-bece-77afe607bcef,GNR/2026/01200,2026-07-16T10:03:00,23.23156,72.652838,8842cc6025fffff,vehicle_theft,3,helpline,Akshardham (Sector 20),closed,synthetic,1.0
01ca9a4c-434e-53f0-87e5-20e08ce20afc,GNR/2026/01201,2026-07-16T11:26:00,23.188103,72.633095,8842cc6121fffff,theft,2,online,Infocity,closed,synthetic,1.0
9d762701-0885-519a-8536-33706cf736f5,GNR/2026/01202,2026-07-16T12:11:00,23.23307,72.651187,8842cc6025fffff,theft,2,helpline,Akshardham (Sector 20),closed,synthetic,1.0
18c1bb26-7a7f-5f27-b161-bd60460905ec,GNR/2026/01203,2026-07-16T12:11:00,23.236344,72.671377,8842cc61c9fffff,theft,2,online,Akshardham (Sector 20),under_investigation,synthetic,1.0
df9f828d-f011-5263-96ed-07824ce62ca1,GNR/2026/01204,2026-07-16T14:03:00,23.219269,72.652576,8842cc6111fffff,theft,2,helpline,Sector 21 Market,closed,synthetic,1.0
147defc5-d147-56cd-aa9c-0d27761906ea,GNR/2026/01205,2026-07-16T17:15:00,23.180623,72.618835,8842cc6a53fffff,harassment,3,walk_in,Infocity,chargesheeted,synthetic,1.0
7f629fcd-e794-5658-8bcc-c39d12f45691,GNR/2026/01206,2026-07-16T18:00:00,23.205321,72.647424,8842cc6139fffff,theft,2,patrol,Gandhinagar (other),closed,synthetic,1.0
5b9c2b57-a1fd-5490-b457-d6c26097633a,GNR/2026/01207,2026-07-16T21:41:00,23.21844,72.654549,8842cc6111fffff,vehicle_theft,3,helpline,Sector 21 Market,closed,synthetic,1.0
40f8e2bf-fe9a-58ad-8b8a-98f256527a3c,GNR/2026/01208,2026-07-16T22:39:00,23.230754,72.642771,8842cc6153fffff,pickpocketing,1,walk_in,Sector 16 Commercial,chargesheeted,synthetic,1.0
dd78673c-f6a1-5c55-929c-70378d5077aa,GNR/2026/01209,2026-07-16T23:07:00,23.239985,72.658407,8842cc6021fffff,mobile_snatching,2,online,Akshardham (Sector 20),closed,synthetic,1.0
c162cb59-a7c2-5652-ba5b-48caec8da4b5,GNR/2026/01210,2026-07-16T23:41:00,23.218802,72.655292,8842cc6111fffff,mobile_snatching,2,walk_in,Sector 21 Market,closed,synthetic,1.0
702b1b1b-5688-57b3-b803-2aa1d1218639,GNR/2026/01211,2026-07-17T02:44:00,23.247442,72.650706,8842cc6029fffff,vehicle_theft,3,walk_in,Akshardham (Sector 20),closed,synthetic,1.0
bb2e3f8a-4e61-5153-8f0d-a6a62b21ed49,GNR/2026/01212,2026-07-17T06:06:00,23.186899,72.622629,8842cc612dfffff,harassment,3,helpline,Infocity,closed,synthetic,1.0
e2fe2b2e-3b6d-5b1e-ae42-82b341a9925f,GNR/2026/01213,2026-07-17T17:46:00,23.240287,72.665755,8842cc6023fffff,pickpocketing,1,patrol,Akshardham (Sector 20),closed,synthetic,1.0
3022f820-98bf-5ed6-b435-1faa826d137d,GNR/2026/01214,2026-07-17T17:52:00,23.239707,72.667352,8842cc6023fffff,chain_snatching,3,walk_in,Akshardham (Sector 20),under_investigation,synthetic,1.0
8cb49ba2-fce8-5570-9059-d5a841c45c27,GNR/2026/01215,2026-07-17T21:57:00,23.241653,72.665784,8842cc6023fffff,mobile_snatching,2,patrol,Akshardham (Sector 20),chargesheeted,synthetic,1.0
9d0566a5-2242-54a0-998d-c8cdf845fa0a,GNR/2026/01216,2026-07-17T22:33:00,23.217703,72.64681,8842cc611dfffff,vandalism,2,helpline,Sector 21 Market,closed,synthetic,1.0
0fdc7e10-6068-5fdf-a1cb-316dde9c1809,GNR/2026/01217,2026-07-17T22:47:00,23.177112,72.694296,8842cc6a91fffff,pickpocketing,1,walk_in,Gandhinagar (other),chargesheeted,synthetic,1.0
a6e4a83f-b900-5810-aa38-5db3c73a2860,GNR/2026/01218,2026-07-18T02:04:00,23.208733,72.632333,8842cc6101fffff,assault,4,patrol,Sector 7 Secretariat,under_investigation,synthetic,1.0
e8a57d65-06e8-558a-a376-5b86283afea7,GNR/2026/01219,2026-07-18T02:16:00,23.191618,72.641296,8842cc6123fffff,assault,4,online,Kudasan,closed,synthetic,1.0
f418f247-d97a-5d02-8652-5b5635399241,GNR/2026/01220,2026-07-18T04:08:00,23.223507,72.629922,8842cc6155fffff,vehicle_theft,3,patrol,Sector 7 Secretariat,closed,synthetic,1.0
0fa73950-e837-51db-a647-cb1dc2d411f7,GNR/2026/01221,2026-07-18T10:59:00,23.165163,72.672567,8842cc6a81fffff,theft,2,online,GIFT City,chargesheeted,synthetic,1.0
c86ece25-b9f1-50ae-a796-863a8baa74d2,GNR/2026/01222,2026-07-18T15:12:00,23.163048,72.635529,8842cc6a17fffff,assault,4,patrol,Sargasan Crossroads,closed,synthetic,1.0
887aa263-adf9-5603-b2f2-8726d90db65e,GNR/2026/01223,2026-07-18T16:01:00,23.230293,72.622361,8842cc615dfffff,mobile_snatching,2,walk_in,Gandhinagar (other),closed,synthetic,1.0
a8a270ca-13d0-5c3c-b2f2-2668acc3d367,GNR/2026/01224,2026-07-18T16:24:00,23.21262,72.651658,8842cc6115fffff,pickpocketing,1,helpline,Sector 21 Market,chargesheeted,synthetic,1.0
2d0c18f4-29c7-5a7b-a100-b50d61c4016b,GNR/2026/01225,2026-07-18T18:53:00,23.208485,72.624085,8842cc610dfffff,chain_snatching,3,walk_in,Sector 7 Secretariat,chargesheeted,synthetic,1.0
e4282813-8fc6-59f9-9032-ed791c698473,GNR/2026/01226,2026-07-18T19:38:00,23.225945,72.647899,8842cc6119fffff,chain_snatching,3,patrol,Sector 16 Commercial,under_investigation,synthetic,1.0
59c8580c-1a4f-547e-b828-54306131e786,GNR/2026/01227,2026-07-18T19:50:00,23.221646,72.632523,8842cc6155fffff,vehicle_theft,3,online,Sector 7 Secretariat,chargesheeted,synthetic,1.0
709bf0b3-c1d8-5dd1-b4b7-be30127c8457,GNR/2026/01228,2026-07-18T19:53:00,23.225578,72.660585,8842cc611bfffff,pickpocketing,1,online,Sector 21 Market,closed,synthetic,1.0
7b4a57e9-edc8-54af-b03f-6193b8e0bf27,GNR/2026/01229,2026-07-18T20:56:00,23.168098,72.680117,8842cc6a83fffff,burglary,3,helpline,GIFT City,chargesheeted,synthetic,1.0
60277eb8-4313-5ca7-9a97-6c8740695942,GNR/2026/01230,2026-07-19T03:45:00,23.231033,72.642645,8842cc6153fffff,burglary,3,online,Sector 16 Commercial,chargesheeted,synthetic,1.0
60e1f4c0-1b4d-5a35-85e5-86343bd91b74,GNR/2026/01231,2026-07-19T04:56:00,23.241904,72.666588,8842cc6023fffff,vehicle_theft,3,online,Akshardham (Sector 20),chargesheeted,synthetic,1.0
9be9f4b8-0cd8-5b40-a84e-dc70ca56f65c,GNR/2026/01232,2026-07-19T13:08:00,23.215965,72.646588,8842cc611dfffff,vehicle_theft,3,helpline,Sector 21 Market,under_investigation,synthetic,1.0
1fe15a69-e52d-50eb-8674-25607bf06bf4,GNR/2026/01233,2026-07-19T14:05:00,23.236427,72.671529,8842cc61c9fffff,theft,2,online,Akshardham (Sector 20),closed,synthetic,1.0
3256a055-ee18-52a0-a831-f8fb0fcde81c,GNR/2026/01234,2026-07-19T14:45:00,23.247119,72.661004,8842cc602bfffff,vandalism,2,walk_in,Akshardham (Sector 20),under_investigation,synthetic,1.0
c8291b0e-2a7f-5b7e-9e8d-8f04dc6cf80c,GNR/2026/01235,2026-07-19T17:28:00,23.210816,72.630439,8842cc6101fffff,burglary,3,walk_in,Sector 7 Secretariat,chargesheeted,synthetic,1.0
0640a4e0-e61f-5476-9f79-50ae7590250f,GNR/2026/01236,2026-07-19T20:06:00,23.156728,72.693293,8842cc6ab1fffff,mobile_snatching,2,patrol,GIFT City,chargesheeted,synthetic,1.0
7d7956d2-f78a-5fc0-8472-6480ea554a54,GNR/2026/01237,2026-07-19T21:32:00,23.218436,72.647897,8842cc611dfffff,vehicle_theft,3,patrol,Sector 21 Market,closed,synthetic,1.0
82cb2988-a5fc-590b-b83c-38be4bb8b1fc,GNR/2026/01238,2026-07-19T22:46:00,23.176255,72.632597,8842cc6a1bfffff,mobile_snatching,2,online,Sargasan Crossroads,closed,synthetic,1.0
2f2fe115-5d19-52ca-af31-5b016ef2d05a,GNR/2026/01239,2026-07-20T00:04:00,23.232637,72.65493,8842cc6025fffff,mobile_snatching,2,helpline,Akshardham (Sector 20),chargesheeted,synthetic,1.0
5553fc31-6428-5cc2-a11e-9ca724edc3f7,GNR/2026/01240,2026-07-20T00:52:00,23.167598,72.680705,8842cc6a83fffff,burglary,3,walk_in,GIFT City,chargesheeted,synthetic,1.0
c2b4ac69-b413-5b00-b419-a34eb0c65166,GNR/2026/01241,2026-07-20T01:05:00,23.219823,72.645102,8842cc611dfffff,mobile_snatching,2,walk_in,Sector 21 Market,closed,synthetic,1.0
286d6566-cecc-5e02-a90e-bab3cc3c917c,GNR/2026/01242,2026-07-20T01:30:00,23.232506,72.651713,8842cc6025fffff,vehicle_theft,3,patrol,Akshardham (Sector 20),chargesheeted,synthetic,1.0
441da0f4-cd0c-58bc-abf8-be979e542a39,GNR/2026/01243,2026-07-20T01:40:00,23.207701,72.633339,8842cc6101fffff,mobile_snatching,2,patrol,Sector 7 Secretariat,chargesheeted,synthetic,1.0
f96860f9-96ae-55f6-8ac6-56dad9ff5dc1,GNR/2026/01244,2026-07-20T03:28:00,23.213511,72.661635,8842cc6117fffff,mobile_snatching,2,walk_in,Sector 21 Market,under_investigation,synthetic,1.0
fc708d36-d671-599b-a135-7397e6311e9a,GNR/2026/01245,2026-07-20T09:42:00,23.219108,72.654494,8842cc6111fffff,pickpocketing,1,patrol,Sector 21 Market,closed,synthetic,1.0
36a83eb4-c25e-55ca-80f6-a590f9edea84,GNR/2026/01246,2026-07-20T12:05:00,23.225992,72.659575,8842cc611bfffff,pickpocketing,1,online,Sector 21 Market,under_investigation,synthetic,1.0
66e3227b-b18c-5b56-983f-240dfef19dbf,GNR/2026/01247,2026-07-20T12:49:00,23.16121,72.67837,8842cc6a87fffff,pickpocketing,1,helpline,GIFT City,chargesheeted,synthetic,1.0
02cd8212-a69c-5d6b-8c41-de17e715e870,GNR/2026/01248,2026-07-20T13:12:00,23.188229,72.625578,8842cc612dfffff,mobile_snatching,2,walk_in,Infocity,chargesheeted,synthetic,1.0
40c98583-0365-529e-b0a7-60175877a3da,GNR/2026/01249,2026-07-20T14:51:00,23.210202,72.653806,8842cc6115fffff,pickpocketing,1,patrol,Sector 21 Market,chargesheeted,synthetic,1.0
80503223-a6c8-5aa5-9377-f7b3734fe5a9,GNR/2026/01250,2026-07-20T17:57:00,23.225388,72.656934,8842cc611bfffff,harassment,3,patrol,Sector 21 Market,closed,synthetic,1.0
4166f30f-5802-5d3e-841a-0934881984ac,GNR/2026/01251,2026-07-20T19:42:00,23.201987,72.629212,8842cc6105fffff,harassment,3,helpline,Sector 7 Secretariat,closed,synthetic,1.0
29cf1279-9409-5c12-bdaa-5f66c6418ece,GNR/2026/01252,2026-07-20T19:47:00,23.217432,72.637057,8842cc610bfffff,harassment,3,walk_in,Sector 7 Secretariat,under_investigation,synthetic,1.0
2c2a6efb-3c65-56e7-8450-f222eec66769,GNR/2026/01253,2026-07-20T19:58:00,23.217002,72.645241,8842cc611dfffff,chain_snatching,3,patrol,Sector 21 Market,chargesheeted,synthetic,1.0
3140eb34-b931-52b7-9c55-7518d36a3524,GNR/2026/01254,2026-07-20T20:00:00,23.190924,72.631589,8842cc6121fffff,assault,4,helpline,Infocity,closed,synthetic,1.0
64d6ec29-4039-5fc9-9ce7-5417f620b749,GNR/2026/01255,2026-07-20T20:50:00,23.189396,72.633426,8842cc6121fffff,vehicle_theft,3,patrol,Kudasan,closed,synthetic,1.0
3b54801b-6793-5334-a422-31c17a5e3c63,GNR/2026/01256,2026-07-20T21:57:00,23.184061,72.627739,8842cc6125fffff,assault,4,walk_in,Infocity,chargesheeted,synthetic,1.0
8ead7b21-b24a-580b-899a-9265140250e4,GNR/2026/01257,2026-07-20T22:51:00,23.195798,72.634438,8842cc612bfffff,mobile_snatching,2,helpline,Kudasan,under_investigation,synthetic,1.0
3fd5dca1-3b41-5650-80b8-cc06367499b4,GNR/2026/01258,2026-07-21T06:10:00,23.211262,72.65029,8842cc6115fffff,burglary,3,walk_in,Sector 21 Market,chargesheeted,synthetic,1.0
b934b9a7-1fb2-5a07-9f25-06e5ad83d0e5,GNR/2026/01259,2026-07-21T10:38:00,23.167744,72.681675,8842cc6a83fffff,burglary,3,walk_in,GIFT City,closed,synthetic,1.0
f734aa76-44a6-58a6-b488-4e68db2eb707,GNR/2026/01260,2026-07-21T16:30:00,23.219354,72.657819,8842cc6111fffff,theft,2,helpline,Sector 21 Market,closed,synthetic,1.0
c970f9cb-d88c-511f-b4ec-a243d33a0841,GNR/2026/01261,2026-07-21T20:36:00,23.229571,72.658846,8842cc611bfffff,mobile_snatching,2,helpline,Akshardham (Sector 20),closed,synthetic,1.0
16bcb7db-eaaa-579f-8881-9d1c340e4f62,GNR/2026/01262,2026-07-21T21:03:00,23.221552,72.642497,8842cc6157fffff,harassment,3,helpline,Sector 16 Commercial,chargesheeted,synthetic,1.0
b7f6be49-002d-5b74-899e-1addf3de9f64,GNR/2026/01263,2026-07-21T22:40:00,23.159858,72.677427,8842cc6a87fffff,vehicle_theft,3,walk_in,GIFT City,chargesheeted,synthetic,1.0
703d770f-b38a-5e75-a45f-8f662a9e76ab,GNR/2026/01264,2026-07-22T00:16:00,23.241106,72.664986,8842cc6023fffff,mobile_snatching,2,helpline,Akshardham (Sector 20),chargesheeted,synthetic,1.0
938672d3-8fc4-5fe3-b9be-016986f59732,GNR/2026/01265,2026-07-22T02:07:00,23.182202,72.630193,8842cc6125fffff,chain_snatching,3,helpline,Infocity,chargesheeted,synthetic,1.0
cf324f3d-9baa-5c2c-ab65-9c5c0dea3eb9,GNR/2026/01266,2026-07-22T02:12:00,23.215825,72.636437,8842cc610bfffff,vandalism,2,helpline,Sector 7 Secretariat,chargesheeted,synthetic,1.0
8e02fe5e-6a86-596d-8e06-55a46f58c06b,GNR/2026/01267,2026-07-22T07:24:00,23.219585,72.663248,8842cc6113fffff,vehicle_theft,3,helpline,Sector 21 Market,under_investigation,synthetic,1.0
b5e8521d-6f7f-54fa-bf1e-431374beae96,GNR/2026/01268,2026-07-22T07:24:00,23.170816,72.630058,8842cc6a11fffff,assault,4,walk_in,Sargasan Crossroads,under_investigation,synthetic,1.0
461e449b-6f27-5566-b1c6-dc79126cec92,GNR/2026/01269,2026-07-22T14:52:00,23.219152,72.65651,8842cc6111fffff,theft,2,helpline,Sector 21 Market,closed,synthetic,1.0
de549d94-0fd0-5205-95a4-a7439845d032,GNR/2026/01270,2026-07-22T18:35:00,23.2411,72.664558,8842cc6023fffff,chain_snatching,3,patrol,Akshardham (Sector 20),closed,synthetic,1.0
6be5f2a2-cfed-54b1-a4a8-6c1a7b79ef85,GNR/2026/01271,2026-07-22T21:45:00,23.166692,72.671105,8842cc6a81fffff,robbery,4,patrol,GIFT City,chargesheeted,synthetic,1.0
a52b6226-830a-539d-a49f-52db77b2996f,GNR/2026/01272,2026-07-23T06:14:00,23.242661,72.633262,8842cc6065fffff,vehicle_theft,3,helpline,Gandhinagar (other),under_investigation,synthetic,1.0
ef34a3e2-bc1c-539e-95e9-46d1ecb34e2e,GNR/2026/01273,2026-07-23T14:06:00,23.214065,72.628688,8842cc6109fffff,theft,2,patrol,Sector 7 Secretariat,closed,synthetic,1.0
7a1cff95-cfea-5c2c-ace7-e219c52f1b19,GNR/2026/01274,2026-07-23T14:26:00,23.241264,72.67522,8842cc6035fffff,mobile_snatching,2,patrol,Gandhinagar (other),chargesheeted,synthetic,1.0
76404f3c-cfcc-593d-a814-25fc03d28401,GNR/2026/01275,2026-07-23T15:21:00,23.24001,72.658092,8842cc6021fffff,burglary,3,online,Akshardham (Sector 20),under_investigation,synthetic,1.0
c60f1f46-f391-57c9-a0d0-58897ede7f0d,GNR/2026/01276,2026-07-23T17:46:00,23.230838,72.634394,8842cc6151fffff,burglary,3,walk_in,Sector 16 Commercial,closed,synthetic,1.0
568b9cd1-2894-5a96-93b3-7e6673ccba4c,GNR/2026/01277,2026-07-23T20:50:00,23.181403,72.628643,8842cc6125fffff,burglary,3,online,Infocity,under_investigation,synthetic,1.0
14eacdf8-d9fe-555c-a6ac-694adba57bb5,GNR/2026/01278,2026-07-23T21:08:00,23.160016,72.687939,8842cc6ab9fffff,burglary,3,patrol,GIFT City,under_investigation,synthetic,1.0
4dd2f889-dba8-55be-9227-e349f3191f9e,GNR/2026/01279,2026-07-23T21:31:00,23.166372,72.672515,8842cc6a81fffff,burglary,3,helpline,GIFT City,chargesheeted,synthetic,1.0
27b001fd-8f3b-5475-af06-7a8082388205,GNR/2026/01280,2026-07-23T22:01:00,23.204674,72.64816,8842cc6139fffff,theft,2,online,Gandhinagar (other),chargesheeted,synthetic,1.0
9232e493-c581-5901-a4f2-6ab73830d960,GNR/2026/01281,2026-07-23T23:54:00,23.240029,72.663935,8842cc6023fffff,mobile_snatching,2,online,Akshardham (Sector 20),chargesheeted,synthetic,1.0
7414eff9-6bd7-534a-81a2-e64649511ee4,GNR/2026/01282,2026-07-24T00:17:00,23.224995,72.642001,8842cc6157fffff,chain_snatching,3,helpline,Sector 16 Commercial,closed,synthetic,1.0
bcdfbc1e-5c25-5ed6-b2d6-81f274f069b0,GNR/2026/01283,2026-07-24T21:30:00,23.224259,72.634373,8842cc6155fffff,robbery,4,helpline,Sector 16 Commercial,chargesheeted,synthetic,1.0
c5f7f283-42db-5b32-b67f-46d4ccd99ab1,GNR/2026/01284,2026-07-24T22:30:00,23.202068,72.619721,8842cc6163fffff,chain_snatching,3,helpline,Gandhinagar (other),under_investigation,synthetic,1.0
4f6c5097-42ff-5cf2-b859-d354c7c07437,GNR/2026/01285,2026-07-25T00:52:00,23.168064,72.672569,8842cc6a81fffff,theft,2,patrol,GIFT City,closed,synthetic,1.0
0172541f-9938-5582-ae8b-fba0b2f909ee,GNR/2026/01286,2026-07-25T02:52:00,23.230531,72.626163,8842cc615dfffff,vehicle_theft,3,helpline,Gandhinagar (other),under_investigation,synthetic,1.0
f5ef0655-3965-5733-8769-4d1ae7a5c3f0,GNR/2026/01287,2026-07-25T09:23:00,23.20483,72.636123,8842cc6107fffff,vandalism,2,helpline,Sector 7 Secretariat,closed,synthetic,1.0
f301d591-5a97-5e13-ac5f-9440a8985f2f,GNR/2026/01288,2026-07-25T10:10:00,23.170444,72.689036,8842cc6a95fffff,theft,2,walk_in,GIFT City,under_investigation,synthetic,1.0
1b9eedcd-a83e-5686-bd5d-bd35cdfdac05,GNR/2026/01289,2026-07-25T16:43:00,23.177445,72.633583,8842cc6a1bfffff,theft,2,walk_in,Sargasan Crossroads,under_investigation,synthetic,1.0
799bd5c8-8819-590f-b995-ac85d331e480,GNR/2026/01290,2026-07-25T19:01:00,23.162679,72.684224,8842cc6ab9fffff,burglary,3,patrol,GIFT City,under_investigation,synthetic,1.0
be58be63-e5bb-51eb-805e-a63841d76d97,GNR/2026/01291,2026-07-25T19:19:00,23.210594,72.651471,8842cc6115fffff,mobile_snatching,2,walk_in,Sector 21 Market,closed,synthetic,1.0
945d3e9d-457d-53af-8331-29929105071e,GNR/2026/01292,2026-07-25T20:44:00,23.168753,72.689934,8842cc6a95fffff,vehicle_theft,3,walk_in,GIFT City,under_investigation,synthetic,1.0
0fe2cc1a-2446-5c21-83df-63b7619d90b1,GNR/2026/01293,2026-07-25T22:21:00,23.204406,72.627171,8842cc6105fffff,mobile_snatching,2,walk_in,Sector 7 Secretariat,closed,synthetic,1.0
c627c458-8818-5d84-bc5b-0e2e93671876,GNR/2026/01294,2026-07-26T01:08:00,23.160167,72.6674,8842cc6a85fffff,vehicle_theft,3,helpline,Gandhinagar (other),under_investigation,synthetic,1.0
bfb43ff1-307d-5e55-bc32-851072ecb24b,GNR/2026/01295,2026-07-26T01:40:00,23.232216,72.644495,8842cc6153fffff,pickpocketing,1,online,Sector 16 Commercial,under_investigation,synthetic,1.0
d87400e8-8230-5052-90f5-5bf56ad752ef,GNR/2026/01296,2026-07-26T01:52:00,23.226246,72.649813,8842cc6119fffff,mobile_snatching,2,online,Sector 21 Market,chargesheeted,synthetic,1.0
b2b5d885-87e0-5cd8-abf8-f4e18bdcb453,GNR/2026/01297,2026-07-26T02:28:00,23.195994,72.637383,8842cc612bfffff,vandalism,2,online,Kudasan,chargesheeted,synthetic,1.0
04165c07-2b98-5224-abfe-d212146a3fd9,GNR/2026/01298,2026-07-26T04:19:00,23.225759,72.648297,8842cc6119fffff,vandalism,2,online,Sector 21 Market,under_investigation,synthetic,1.0
67f2af8a-02f8-586c-96ae-a40a22c1e651,GNR/2026/01299,2026-07-26T08:16:00,23.1986,72.644624,8842cc613dfffff,theft,2,helpline,Kudasan,under_investigation,synthetic,1.0
5be4d650-cb5c-5626-92cb-12c7e548e57f,GNR/2026/01300,2026-07-26T13:33:00,23.161708,72.68582,8842cc6ab9fffff,burglary,3,patrol,GIFT City,under_investigation,synthetic,1.0
fe699c6f-bc9c-5b66-a5ed-ac838dab657d,GNR/2026/01301,2026-07-26T17:34:00,23.225313,72.648456,8842cc6119fffff,theft,2,helpline,Sector 21 Market,under_investigation,synthetic,1.0
8a359379-b559-5ff1-8a9f-6100b49022fc,GNR/2026/01302,2026-07-27T00:27:00,23.190695,72.639346,8842cc6123fffff,vehicle_theft,3,patrol,Kudasan,chargesheeted,synthetic,1.0
d2fb2675-4937-5101-b555-14966e8c154e,GNR/2026/01303,2026-07-27T02:27:00,23.225706,72.649927,8842cc6119fffff,vehicle_theft,3,helpline,Sector 21 Market,under_investigation,synthetic,1.0
7b161853-fc34-596d-88e7-641994ee77e0,GNR/2026/01304,2026-07-27T05:57:00,23.237656,72.649236,8842cc602dfffff,assault,4,walk_in,Akshardham (Sector 20),under_investigation,synthetic,1.0
abdded59-8469-5194-b6c6-f6d930bdc8f7,GNR/2026/01305,2026-07-27T06:59:00,23.154387,72.684665,8842cc6abdfffff,vehicle_theft,3,walk_in,GIFT City,under_investigation,synthetic,1.0
93565d38-c2ac-5b6d-a28d-699d545600da,GNR/2026/01306,2026-07-27T11:54:00,23.183403,72.628389,8842cc6125fffff,pickpocketing,1,patrol,Infocity,under_investigation,synthetic,1.0
3b551d4d-2ca9-5078-890f-7727feb178c5,GNR/2026/01307,2026-07-27T13:40:00,23.195595,72.636136,8842cc612bfffff,burglary,3,walk_in,Kudasan,closed,synthetic,1.0
4be78533-2140-5149-a02d-1e7434a330af,GNR/2026/01308,2026-07-27T13:53:00,23.163648,72.685641,8842cc6ab9fffff,theft,2,helpline,GIFT City,under_investigation,synthetic,1.0
a7b6de3d-ffb8-54d5-be9c-0e9c3db5988d,GNR/2026/01309,2026-07-27T16:12:00,23.160218,72.677162,8842cc6a87fffff,burglary,3,patrol,GIFT City,closed,synthetic,1.0
a32f44c7-9fb6-51c3-a646-dc4e0ccaf7ac,GNR/2026/01310,2026-07-27T16:22:00,23.21827,72.646071,8842cc611dfffff,harassment,3,patrol,Sector 21 Market,closed,synthetic,1.0
1f8d836d-c668-51b0-93dc-5c80487a3e31,GNR/2026/01311,2026-07-27T16:46:00,23.222716,72.63892,8842cc6157fffff,assault,4,walk_in,Sector 16 Commercial,under_investigation,synthetic,1.0
c5eceb4a-917a-5c6e-b055-667b181deb52,GNR/2026/01312,2026-07-27T18:12:00,23.218805,72.654213,8842cc6111fffff,mobile_snatching,2,walk_in,Sector 21 Market,closed,synthetic,1.0
127212f3-7d99-59e3-92d6-fbf595513a0b,GNR/2026/01313,2026-07-27T19:59:00,23.174318,72.675677,8842cc6a8bfffff,mobile_snatching,2,online,GIFT City,chargesheeted,synthetic,1.0
27f2f219-985f-55fa-8d31-7eab71ae917a,GNR/2026/01314,2026-07-27T20:00:00,23.176609,72.634525,8842cc6a1bfffff,chain_snatching,3,helpline,Sargasan Crossroads,under_investigation,synthetic,1.0
501f87e5-5194-5207-b295-8861323ad053,GNR/2026/01315,2026-07-27T20:08:00,23.236853,72.638787,8842cc615bfffff,theft,2,helpline,Sector 16 Commercial,closed,synthetic,1.0
2b30317c-0404-5b1d-9360-3f42ba273462,GNR/2026/01316,2026-07-28T03:10:00,23.227682,72.636334,8842cc6151fffff,vandalism,2,patrol,Sector 16 Commercial,closed,synthetic,1.0
41f484d8-0470-5ed1-aa9d-bdd257c31129,GNR/2026/01317,2026-07-28T09:58:00,23.219395,72.643427,8842cc611dfffff,burglary,3,patrol,Sector 21 Market,closed,synthetic,1.0
eb93354d-6fee-5e68-8a22-4bc812f23cc4,GNR/2026/01318,2026-07-28T10:55:00,23.196653,72.637653,8842cc612bfffff,burglary,3,walk_in,Kudasan,closed,synthetic,1.0
2d9df8e2-bf27-54b9-a303-faaf89f16ef6,GNR/2026/01319,2026-07-28T11:03:00,23.170917,72.699519,8842cc6a97fffff,assault,4,walk_in,Gandhinagar (other),under_investigation,synthetic,1.0
d5487568-db13-5adb-b64e-3e9e301b2179,GNR/2026/01320,2026-07-28T13:03:00,23.182859,72.62989,8842cc6125fffff,burglary,3,helpline,Infocity,under_investigation,synthetic,1.0
9dae5c28-6f9c-5aca-9371-7f04ce5eb759,GNR/2026/01321,2026-07-28T15:40:00,23.239773,72.665363,8842cc6023fffff,theft,2,online,Akshardham (Sector 20),under_investigation,synthetic,1.0
e8101f5e-ca7d-548c-92ea-a9752f3b2e76,GNR/2026/01322,2026-07-28T16:44:00,23.238645,72.665615,8842cc6023fffff,theft,2,patrol,Akshardham (Sector 20),chargesheeted,synthetic,1.0
e0277555-4da1-58fc-891a-888b97f65258,GNR/2026/01323,2026-07-28T17:16:00,23.233918,72.653589,8842cc6025fffff,pickpocketing,1,online,Akshardham (Sector 20),closed,synthetic,1.0
514973b0-af98-56f8-918b-d6033e4d6790,GNR/2026/01324,2026-07-28T19:08:00,23.227604,72.658016,8842cc611bfffff,vehicle_theft,3,walk_in,Akshardham (Sector 20),under_investigation,synthetic,1.0
3cfc644e-bca8-5025-b475-845d420c5338,GNR/2026/01325,2026-07-28T20:40:00,23.227483,72.676362,8842cc61c1fffff,theft,2,online,Gandhinagar (other),closed,synthetic,1.0
50e6f3d8-b643-557e-906a-7d84d6ce6d96,GNR/2026/01326,2026-07-28T23:40:00,23.196974,72.636161,8842cc612bfffff,vandalism,2,walk_in,Kudasan,under_investigation,synthetic,1.0
200d7769-f03e-5eba-8694-17cdfc18be5c,GNR/2026/01327,2026-07-29T02:10:00,23.175802,72.616201,8842cc6a57fffff,assault,4,walk_in,Gandhinagar (other),chargesheeted,synthetic,1.0
0730c607-41b8-5cab-8115-f36bb0f2fe45,GNR/2026/01328,2026-07-29T03:08:00,23.241226,72.667312,8842cc6023fffff,vehicle_theft,3,walk_in,Akshardham (Sector 20),closed,synthetic,1.0
d9b85b4d-dfe1-5084-8154-e2a0c947df22,GNR/2026/01329,2026-07-29T07:40:00,23.168329,72.629408,8842cc6a11fffff,theft,2,patrol,Sargasan Crossroads,closed,synthetic,1.0
49f62d22-d4c1-5e02-8f5c-749c1fff4acf,GNR/2026/01330,2026-07-29T08:19:00,23.191892,72.633713,8842cc6121fffff,vandalism,2,walk_in,Kudasan,closed,synthetic,1.0
5d7663a1-6253-5ad9-907c-ef1a51b6e014,GNR/2026/01331,2026-07-29T13:52:00,23.244907,72.652034,8842cc6029fffff,burglary,3,walk_in,Akshardham (Sector 20),chargesheeted,synthetic,1.0
e0a72392-9384-565e-b7fd-bc57f6849d7d,GNR/2026/01332,2026-07-29T14:25:00,23.18857,72.622708,8842cc612dfffff,burglary,3,patrol,Infocity,under_investigation,synthetic,1.0
75a0dde4-27fd-5993-9ac9-e5b270f82315,GNR/2026/01333,2026-07-29T14:34:00,23.176222,72.63442,8842cc6a1bfffff,mobile_snatching,2,walk_in,Sargasan Crossroads,closed,synthetic,1.0
5c9cb196-fa07-5ca8-a9c1-860667f6ec33,GNR/2026/01334,2026-07-29T15:00:00,23.235711,72.627223,8842cc6159fffff,theft,2,online,Gandhinagar (other),chargesheeted,synthetic,1.0
4adebab9-8a2c-5dab-8a17-d7f4e72dd72d,GNR/2026/01335,2026-07-29T18:44:00,23.213462,72.649417,8842cc6115fffff,assault,4,helpline,Sector 21 Market,under_investigation,synthetic,1.0
26dbd736-146f-5556-b029-343b36c4d5eb,GNR/2026/01336,2026-07-29T19:40:00,23.186671,72.622338,8842cc612dfffff,theft,2,patrol,Infocity,under_investigation,synthetic,1.0
c284ec2d-38e2-54d3-b73d-64ec055c75e3,GNR/2026/01337,2026-07-29T22:44:00,23.180996,72.619059,8842cc6a53fffff,mobile_snatching,2,online,Infocity,closed,synthetic,1.0
340dbdde-4e47-502a-9705-a834c949ee15,GNR/2026/01338,2026-07-30T03:34:00,23.163229,72.695131,8842cc6abbfffff,pickpocketing,1,walk_in,GIFT City,chargesheeted,synthetic,1.0
0edc53ab-ba91-5603-bcfd-5aed3e2eef82,GNR/2026/01339,2026-07-30T09:38:00,23.203444,72.629232,8842cc6105fffff,chain_snatching,3,walk_in,Sector 7 Secretariat,under_investigation,synthetic,1.0
f1777190-8397-5849-a330-bc140ce389a7,GNR/2026/01340,2026-07-30T12:23:00,23.159405,72.685953,8842cc6ab9fffff,theft,2,patrol,GIFT City,closed,synthetic,1.0
d225a079-976b-5078-9693-ff29ec64055f,GNR/2026/01341,2026-07-30T12:28:00,23.162037,72.627321,8842cc6a15fffff,pickpocketing,1,online,Sargasan Crossroads,chargesheeted,synthetic,1.0
0aebe9be-73cd-5b0e-8536-c4b8f326049a,GNR/2026/01342,2026-07-30T19:20:00,23.219665,72.663513,8842cc6113fffff,theft,2,patrol,Sector 21 Market,under_investigation,synthetic,1.0
1c863e97-d422-5dfc-aeee-7cf570729293,GNR/2026/01343,2026-07-30T19:34:00,23.224914,72.641614,8842cc6157fffff,harassment,3,helpline,Sector 16 Commercial,under_investigation,synthetic,1.0
7c453b8d-6a22-5102-9792-efb71e8eba97,GNR/2026/01344,2026-07-30T22:26:00,23.232806,72.65286,8842cc6025fffff,harassment,3,helpline,Akshardham (Sector 20),under_investigation,synthetic,1.0
af2df339-dc3e-58e0-874e-2abd12753ccf,GNR/2026/01345,2026-07-31T02:48:00,23.220632,72.654327,8842cc6111fffff,vehicle_theft,3,walk_in,Sector 21 Market,chargesheeted,synthetic,1.0
4c468b01-5d03-5a89-a51f-bd0932505810,GNR/2026/01346,2026-07-31T06:01:00,23.184433,72.626921,8842cc6125fffff,harassment,3,online,Infocity,closed,synthetic,1.0
5b50628e-b56c-58b9-837a-7038773915af,GNR/2026/01347,2026-07-31T11:21:00,23.189349,72.640884,8842cc6123fffff,mobile_snatching,2,patrol,Kudasan,under_investigation,synthetic,1.0
df5635d1-3e8f-51eb-9148-867bde7450a8,GNR/2026/01348,2026-07-31T12:53:00,23.196683,72.628317,8842cc6129fffff,pickpocketing,1,helpline,Kudasan,under_investigation,synthetic,1.0
01bdbb2a-dab0-5a38-8b8b-c541ac505181,GNR/2026/01349,2026-07-31T18:00:00,23.18366,72.637634,8842cc6127fffff,theft,2,patrol,Kudasan,under_investigation,synthetic,1.0
73724515-6618-53f3-b8be-2033029b70ae,GNR/2026/01350,2026-07-31T20:59:00,23.170275,72.63109,8842cc6a11fffff,mobile_snatching,2,online,Sargasan Crossroads,chargesheeted,synthetic,1.0
d5bd8f57-9789-574a-8da2-3aec1a535077,GNR/2026/01351,2026-08-01T02:44:00,23.161241,72.677018,8842cc6a87fffff,vandalism,2,online,GIFT City,chargesheeted,synthetic,1.0
b0781402-97e1-5dba-95e9-61045af47757,GNR/2026/01352,2026-08-01T12:08:00,23.189397,72.631082,8842cc6121fffff,assault,4,helpline,Infocity,under_investigation,synthetic,1.0
1b185608-e83d-5be6-8e23-ed78ebfd5edd,GNR/2026/01353,2026-08-01T14:14:00,23.204002,72.63063,8842cc6105fffff,harassment,3,helpline,Sector 7 Secretariat,under_investigation,synthetic,1.0
8ce1df6a-8e93-56ee-bd8f-1681eca89c31,GNR/2026/01354,2026-08-01T14:26:00,23.19074,72.640287,8842cc6123fffff,mobile_snatching,2,online,Kudasan,under_investigation,synthetic,1.0
0cf9b176-4b35-5fa7-b2f4-0a36c0999a05,GNR/2026/01355,2026-08-01T17:26:00,23.192959,72.641115,8842cc6123fffff,harassment,3,walk_in,Kudasan,chargesheeted,synthetic,1.0
45e6a60c-3490-5b78-9a0d-e4561209ec84,GNR/2026/01356,2026-08-01T19:22:00,23.182181,72.619129,8842cc6a53fffff,pickpocketing,1,online,Infocity,chargesheeted,synthetic,1.0
cf3b718e-2897-58a2-b2e1-b8a80ebc93bb,GNR/2026/01357,2026-08-01T21:09:00,23.218161,72.644786,8842cc611dfffff,robbery,4,helpline,Sector 21 Market,chargesheeted,synthetic,1.0
ae0973f1-7f0b-5909-aa55-c5a5eeaddbd2,GNR/2026/01358,2026-08-02T01:04:00,23.230576,72.642996,8842cc6153fffff,vehicle_theft,3,walk_in,Sector 16 Commercial,under_investigation,synthetic,1.0
602ee00e-f7b2-5798-a88f-05eae8f69357,GNR/2026/01359,2026-08-02T02:51:00,23.19688,72.62725,8842cc6129fffff,vehicle_theft,3,online,Infocity,chargesheeted,synthetic,1.0
ca139a92-1b4f-5ad3-bd9e-f4e731441185,GNR/2026/01360,2026-08-02T04:04:00,23.219545,72.646935,8842cc611dfffff,vandalism,2,helpline,Sector 21 Market,chargesheeted,synthetic,1.0
57ae0d04-b439-5567-83aa-cebf1b0d0f77,GNR/2026/01361,2026-08-02T08:01:00,23.237891,72.637144,8842cc615bfffff,burglary,3,helpline,Sector 16 Commercial,chargesheeted,synthetic,1.0
4c1de5f1-f4d3-5275-b496-ed0fee71e6d7,GNR/2026/01362,2026-08-02T14:48:00,23.190558,72.620521,8842cc612dfffff,pickpocketing,1,online,Infocity,under_investigation,synthetic,1.0
a7211cb8-3928-52bc-8669-c6a45ba86f3e,GNR/2026/01363,2026-08-02T15:39:00,23.224197,72.639743,8842cc6157fffff,burglary,3,online,Sector 16 Commercial,under_investigation,synthetic,1.0
ce739919-966d-5bc7-b6d5-3e49b50f1a87,GNR/2026/01364,2026-08-02T16:44:00,23.188978,72.622611,8842cc612dfffff,pickpocketing,1,walk_in,Infocity,chargesheeted,synthetic,1.0
47200766-0379-53e7-a554-7a82986ef92f,GNR/2026/01365,2026-08-02T18:16:00,23.188639,72.613941,8842cc6a5bfffff,mobile_snatching,2,walk_in,Gandhinagar (other),under_investigation,synthetic,1.0
f2669f8c-05e2-53f3-b705-c01235b2cf7b,GNR/2026/01366,2026-08-02T21:41:00,23.204177,72.647508,8842cc6139fffff,chain_snatching,3,helpline,Gandhinagar (other),closed,synthetic,1.0
2a37d67b-548c-514c-9fee-0a44d7003123,GNR/2026/01367,2026-08-03T00:12:00,23.227074,72.648975,8842cc6119fffff,chain_snatching,3,helpline,Sector 16 Commercial,chargesheeted,synthetic,1.0
a164e895-d1c0-57a9-b517-b6e348ef3df8,GNR/2026/01368,2026-08-03T00:22:00,23.23087,72.645962,8842cc6153fffff,vehicle_theft,3,walk_in,Sector 16 Commercial,under_investigation,synthetic,1.0
76474b75-3440-5534-88c2-7d68cdb2a5e3,GNR/2026/01369,2026-08-03T00:34:00,23.163401,72.694759,8842cc6abbfffff,theft,2,walk_in,GIFT City,closed,synthetic,1.0
5667e3ba-aef9-5631-bc0d-b2dec772dd87,GNR/2026/01370,2026-08-03T05:35:00,23.214889,72.619814,8842cc6147fffff,chain_snatching,3,patrol,Sector 7 Secretariat,under_investigation,synthetic,1.0
ca060f06-d7a2-5980-b154-bc5376cb3ae7,GNR/2026/01371,2026-08-03T05:37:00,23.190016,72.631648,8842cc6121fffff,vehicle_theft,3,patrol,Infocity,chargesheeted,synthetic,1.0
7f1980fb-86d0-5614-ad75-a391324cd555,GNR/2026/01372,2026-08-03T07:19:00,23.189866,72.630445,8842cc6121fffff,chain_snatching,3,patrol,Infocity,chargesheeted,synthetic,1.0
ed34fb06-ba86-570d-8815-2b7b64ab7223,GNR/2026/01373,2026-08-03T13:10:00,23.174866,72.684058,8842cc6a9dfffff,burglary,3,online,GIFT City,under_investigation,synthetic,1.0
67466224-cd09-56fe-8dff-71850268c392,GNR/2026/01374,2026-08-03T16:14:00,23.238588,72.645794,8842cc602dfffff,harassment,3,helpline,Sector 16 Commercial,under_investigation,synthetic,1.0
3e6d53ba-73a9-5939-a8a8-18caa31a934f,GNR/2026/01375,2026-08-03T17:37:00,23.239893,72.666582,8842cc6023fffff,harassment,3,walk_in,Akshardham (Sector 20),under_investigation,synthetic,1.0
7369b978-cde2-5f29-ac42-0683799863c1,GNR/2026/01376,2026-08-03T17:51:00,23.235002,72.628921,8842cc6159fffff,pickpocketing,1,walk_in,Gandhinagar (other),under_investigation,synthetic,1.0
8b092584-c056-56c4-8423-115dfb1f28b7,GNR/2026/01377,2026-08-03T19:47:00,23.168157,72.679991,8842cc6a83fffff,mobile_snatching,2,walk_in,GIFT City,under_investigation,synthetic,1.0
8bfb7163-01c1-5476-abff-ad4245eacb51,GNR/2026/01378,2026-08-03T20:33:00,23.176857,72.634143,8842cc6a1bfffff,chain_snatching,3,walk_in,Sargasan Crossroads,under_investigation,synthetic,1.0
7ea33c94-e243-5f78-b7a1-467f865788aa,GNR/2026/01379,2026-08-03T20:34:00,23.174738,72.623605,8842cc6a19fffff,chain_snatching,3,online,Sargasan Crossroads,under_investigation,synthetic,1.0
355a7afa-66d9-59a3-bdba-7c5256fd8d99,GNR/2026/01380,2026-08-04T01:39:00,23.217238,72.644861,8842cc611dfffff,vandalism,2,online,Sector 21 Market,under_investigation,synthetic,1.0
bf2036fb-26a6-5407-8d1e-e3eeb6be7cd1,GNR/2026/01381,2026-08-04T02:25:00,23.212989,72.650732,8842cc6115fffff,robbery,4,patrol,Sector 21 Market,closed,synthetic,1.0
afbf6b24-f4ce-545b-865e-e07329c3c447,GNR/2026/01382,2026-08-04T02:30:00,23.232917,72.645769,8842cc6153fffff,vehicle_theft,3,walk_in,Sector 16 Commercial,under_investigation,synthetic,1.0
6c11369c-8782-55af-815d-93398281b05e,GNR/2026/01383,2026-08-04T03:25:00,23.168091,72.628409,8842cc6a11fffff,vandalism,2,online,Sargasan Crossroads,under_investigation,synthetic,1.0
f2b36980-d053-51c3-89ce-e1b36d8650b9,GNR/2026/01384,2026-08-04T17:57:00,23.23955,72.665524,8842cc6023fffff,chain_snatching,3,online,Akshardham (Sector 20),closed,synthetic,1.0
f94610da-f3f3-5619-b13a-2a5e857c7e0a,GNR/2026/01385,2026-08-04T23:18:00,23.219573,72.646849,8842cc611dfffff,chain_snatching,3,walk_in,Sector 21 Market,closed,synthetic,1.0
cc0d5745-7143-5a35-9646-70c04bd1961f,GNR/2026/01386,2026-08-05T11:07:00,23.223851,72.639425,8842cc6157fffff,burglary,3,online,Sector 16 Commercial,under_investigation,synthetic,1.0
0cae2eb3-caf5-549f-98cf-b01d5e280f1b,GNR/2026/01387,2026-08-05T13:31:00,23.189178,72.633459,8842cc6121fffff,burglary,3,walk_in,Kudasan,under_investigation,synthetic,1.0
fdb7f29e-564a-5a1e-9176-c2c5913b397d,GNR/2026/01388,2026-08-05T15:16:00,23.159576,72.678341,8842cc6a87fffff,burglary,3,walk_in,GIFT City,under_investigation,synthetic,1.0
2eff2dd1-a998-566c-9dbe-fe5d6f0647cb,GNR/2026/01389,2026-08-06T04:28:00,23.1757,72.633463,8842cc6a1bfffff,vandalism,2,walk_in,Sargasan Crossroads,chargesheeted,synthetic,1.0
8555849b-c693-5d4c-99f7-9a8fc7a50f89,GNR/2026/01390,2026-08-06T10:11:00,23.2099,72.632485,8842cc6101fffff,chain_snatching,3,online,Sector 7 Secretariat,closed,synthetic,1.0
f4eb55e4-0907-5214-9adf-218befd21fc1,GNR/2026/01391,2026-08-06T16:14:00,23.228009,72.661458,8842cc611bfffff,chain_snatching,3,online,Akshardham (Sector 20),under_investigation,synthetic,1.0
89088987-ff39-52cf-bc4a-718836866dc4,GNR/2026/01392,2026-08-06T21:21:00,23.224601,72.641752,8842cc6157fffff,robbery,4,online,Sector 16 Commercial,chargesheeted,synthetic,1.0
89f77fc9-2181-5a5a-954b-b03b2cd795c1,GNR/2026/01393,2026-08-07T00:15:00,23.234699,72.659933,8842cc6027fffff,vandalism,2,helpline,Akshardham (Sector 20),closed,synthetic,1.0
537ffc17-e9b3-51a9-888c-561684f0252b,GNR/2026/01394,2026-08-07T00:54:00,23.224472,72.648483,8842cc6119fffff,mobile_snatching,2,online,Sector 21 Market,under_investigation,synthetic,1.0
d1368cc8-2712-5e4a-ac14-ce0e163caba9,GNR/2026/01395,2026-08-07T00:57:00,23.21989,72.656555,8842cc6111fffff,vehicle_theft,3,patrol,Sector 21 Market,under_investigation,synthetic,1.0
8702e958-da0c-58a2-89b5-cf05eb643d5e,GNR/2026/01396,2026-08-07T01:41:00,23.215789,72.618051,8842cc6147fffff,vehicle_theft,3,online,Sector 7 Secretariat,under_investigation,synthetic,1.0
e8917fc5-1c32-5ed6-8056-372b95d4812e,GNR/2026/01397,2026-08-07T04:45:00,23.163365,72.70339,8842cc6f6dfffff,theft,2,online,Gandhinagar (other),under_investigation,synthetic,1.0
fd2ca7bb-6576-5bca-ad24-dcf5edbe579b,GNR/2026/01398,2026-08-07T08:00:00,23.168621,72.63071,8842cc6a11fffff,pickpocketing,1,walk_in,Sargasan Crossroads,under_investigation,synthetic,1.0
add8ebce-13f1-5801-bc82-98410dcf3539,GNR/2026/01399,2026-08-07T14:49:00,23.211627,72.651709,8842cc6115fffff,pickpocketing,1,helpline,Sector 21 Market,chargesheeted,synthetic,1.0
029bfb2e-e667-5ba6-ba03-55dbb4a73305,GNR/2026/01400,2026-08-07T15:41:00,23.189815,72.639287,8842cc6123fffff,burglary,3,patrol,Kudasan,under_investigation,synthetic,1.0
3f4ebcbc-0b08-59ff-8178-269206f5c29e,GNR/2026/01401,2026-08-07T19:01:00,23.173554,72.67519,8842cc6a8bfffff,vehicle_theft,3,walk_in,GIFT City,chargesheeted,synthetic,1.0
6f24d968-999c-5b94-88d6-6084b3fbcd75,GNR/2026/01402,2026-08-07T20:15:00,23.245631,72.659794,8842cc602bfffff,pickpocketing,1,online,Akshardham (Sector 20),under_investigation,synthetic,1.0
d79d5b58-9c56-5f47-a13c-adc80568a423,GNR/2026/01403,2026-08-07T22:39:00,23.16155,72.676758,8842cc6a87fffff,vandalism,2,patrol,GIFT City,chargesheeted,synthetic,1.0
d0c230e3-54e9-51c5-9a27-264df5fe8158,GNR/2026/01404,2026-08-08T03:05:00,23.213147,72.662458,8842cc6117fffff,assault,4,online,Sector 21 Market,chargesheeted,synthetic,1.0
ab810433-c569-50f5-b631-c87409c77207,GNR/2026/01405,2026-08-08T03:52:00,23.168241,72.679903,8842cc6a83fffff,burglary,3,patrol,GIFT City,closed,synthetic,1.0
cf8f7306-6c8b-59ea-be40-8d0e263c2e90,GNR/2026/01406,2026-08-08T06:59:00,23.232209,72.645897,8842cc6153fffff,vandalism,2,patrol,Sector 16 Commercial,chargesheeted,synthetic,1.0
28f6bcec-a399-5758-9f29-506e042b94bf,GNR/2026/01407,2026-08-08T16:22:00,23.210076,72.634148,8842cc6101fffff,pickpocketing,1,patrol,Sector 7 Secretariat,closed,synthetic,1.0
cb881f0f-635d-551e-8b20-4b0c70c0f1dd,GNR/2026/01408,2026-08-08T16:29:00,23.214849,72.637468,8842cc610bfffff,theft,2,helpline,Sector 7 Secretariat,closed,synthetic,1.0
24239a0f-e4fd-5d2c-8681-277cbf69dca7,GNR/2026/01409,2026-08-08T17:19:00,23.174078,72.634199,8842cc6a1bfffff,mobile_snatching,2,helpline,Sargasan Crossroads,under_investigation,synthetic,1.0
647f089b-31ed-566b-a71a-3ecf0ba03bab,GNR/2026/01410,2026-08-08T18:55:00,23.232347,72.653176,8842cc6025fffff,mobile_snatching,2,patrol,Akshardham (Sector 20),under_investigation,synthetic,1.0
ea41a0d5-91e7-5ad8-b8db-7cec403cb1ae,GNR/2026/01411,2026-08-08T21:49:00,23.219137,72.654282,8842cc6111fffff,chain_snatching,3,walk_in,Sector 21 Market,chargesheeted,synthetic,1.0
ae17ec6d-5580-5b9e-b10c-36e6f9aa19e9,GNR/2026/01412,2026-08-08T22:55:00,23.161866,72.696566,8842cc6abbfffff,chain_snatching,3,online,Gandhinagar (other),chargesheeted,synthetic,1.0
e35d4ed3-5fcf-5b6a-9b21-4366c11f6fa6,GNR/2026/01413,2026-08-09T02:13:00,23.217096,72.646442,8842cc611dfffff,mobile_snatching,2,patrol,Sector 21 Market,closed,synthetic,1.0
4253df4e-1bc1-56fc-81a6-8b56c4f4f97c,GNR/2026/01414,2026-08-09T11:02:00,23.191092,72.630448,8842cc6121fffff,pickpocketing,1,walk_in,Infocity,under_investigation,synthetic,1.0
c7630e86-e7f5-5293-a989-3d01cbd4a4c2,GNR/2026/01415,2026-08-09T12:52:00,23.210585,72.650966,8842cc6115fffff,pickpocketing,1,helpline,Sector 21 Market,under_investigation,synthetic,1.0
5e9675c9-4224-5e34-9c3a-283e2a3f3f04,GNR/2026/01416,2026-08-09T16:38:00,23.235386,72.663646,8842cc6027fffff,theft,2,patrol,Akshardham (Sector 20),chargesheeted,synthetic,1.0
02b2655d-8993-5b8f-95e8-1daf78cfdc2f,GNR/2026/01417,2026-08-09T17:41:00,23.15539,72.631529,8842cc6a3bfffff,pickpocketing,1,walk_in,Gandhinagar (other),closed,synthetic,1.0
ea9a3066-0058-5046-810a-b4b57b081fa5,GNR/2026/01418,2026-08-09T17:43:00,23.156363,72.692686,8842cc6ab1fffff,theft,2,walk_in,GIFT City,under_investigation,synthetic,1.0
e9fe683e-4a13-5ba7-ae14-cc1345d2c396,GNR/2026/01419,2026-08-09T18:47:00,23.184852,72.645719,8842cc6ac9fffff,burglary,3,walk_in,Kudasan,under_investigation,synthetic,1.0
0d689dcb-9e9d-5646-bf9d-e6773d6bb584,GNR/2026/01420,2026-08-09T18:57:00,23.231335,72.651592,8842cc6025fffff,chain_snatching,3,online,Sector 16 Commercial,under_investigation,synthetic,1.0
79d63850-b8a5-52e1-b004-f49e8f869a2b,GNR/2026/01421,2026-08-09T21:11:00,23.161161,72.676595,8842cc6a87fffff,pickpocketing,1,online,GIFT City,under_investigation,synthetic,1.0
fffe7920-78c6-5348-834e-0c347b254c5b,GNR/2026/01422,2026-08-09T23:16:00,23.203108,72.630209,8842cc6105fffff,vehicle_theft,3,online,Sector 7 Secretariat,chargesheeted,synthetic,1.0
c6dec0a3-ba74-522d-854b-b0a435a4fc4d,GNR/2026/01423,2026-08-10T02:10:00,23.230328,72.633437,8842cc6151fffff,theft,2,helpline,Sector 16 Commercial,chargesheeted,synthetic,1.0
993b83bf-56e2-5319-9f38-7be12dd137f3,GNR/2026/01424,2026-08-10T05:11:00,23.225061,72.63968,8842cc6157fffff,vehicle_theft,3,online,Sector 16 Commercial,under_investigation,synthetic,1.0
274fa2db-4fa4-5f37-985d-2a630f3bda33,GNR/2026/01425,2026-08-10T12:21:00,23.175912,72.612353,8842cc6a57fffff,mobile_snatching,2,walk_in,Gandhinagar (other),chargesheeted,synthetic,1.0
1ced263d-e99c-59a0-b898-5b0bf7071941,GNR/2026/01426,2026-08-10T14:55:00,23.234522,72.669686,8842cc61c9fffff,burglary,3,walk_in,Akshardham (Sector 20),closed,synthetic,1.0
37d150ca-49b2-550b-ae11-19881f0409b5,GNR/2026/01427,2026-08-10T16:32:00,23.240957,72.654914,8842cc6021fffff,theft,2,helpline,Akshardham (Sector 20),under_investigation,synthetic,1.0
baf33053-e1a7-5455-9476-a825587cae2a,GNR/2026/01428,2026-08-10T16:59:00,23.162312,72.682625,8842cc6ab9fffff,burglary,3,walk_in,GIFT City,closed,synthetic,1.0
79d553c6-c266-5106-bf06-08566d4d5a2c,GNR/2026/01429,2026-08-10T17:28:00,23.169243,72.671925,8842cc6a81fffff,burglary,3,patrol,GIFT City,under_investigation,synthetic,1.0
2916d933-7ead-5f7e-ba5b-75aecc1684d2,GNR/2026/01430,2026-08-10T18:08:00,23.231509,72.64486,8842cc6153fffff,pickpocketing,1,walk_in,Sector 16 Commercial,closed,synthetic,1.0
a4c256df-36ab-5af9-af2a-0f742cba43dc,GNR/2026/01431,2026-08-10T18:26:00,23.248295,72.668738,8842cc603dfffff,harassment,3,helpline,Akshardham (Sector 20),closed,synthetic,1.0
d47e3b7b-22f5-579a-b89e-ba2ca6a39837,GNR/2026/01432,2026-08-11T02:38:00,23.211341,72.650701,8842cc6115fffff,vehicle_theft,3,online,Sector 21 Market,closed,synthetic,1.0
ad3bd172-6fb6-516d-9485-e1f8f7a1d8eb,GNR/2026/01433,2026-08-11T14:59:00,23.216597,72.626718,8842cc6109fffff,theft,2,online,Sector 7 Secretariat,under_investigation,synthetic,1.0
c4a07901-4acf-54a8-8386-0fe27e003b73,GNR/2026/01434,2026-08-11T15:24:00,23.161826,72.678879,8842cc6a87fffff,chain_snatching,3,patrol,GIFT City,under_investigation,synthetic,1.0
5df12f8e-2e34-53cf-86e5-0dd6c4a09b3f,GNR/2026/01435,2026-08-11T17:45:00,23.230243,72.643757,8842cc6153fffff,theft,2,helpline,Sector 16 Commercial,chargesheeted,synthetic,1.0
e7357925-93c5-59e9-afff-d8d0cb8f583f,GNR/2026/01436,2026-08-11T18:25:00,23.224958,72.64813,8842cc6119fffff,theft,2,walk_in,Sector 21 Market,closed,synthetic,1.0
be07dace-90dd-5943-977e-d138f90d5cf0,GNR/2026/01437,2026-08-11T19:38:00,23.183552,72.626572,8842cc6125fffff,chain_snatching,3,walk_in,Infocity,under_investigation,synthetic,1.0
c65e6fa3-0cc5-5002-89bc-debf26356b49,GNR/2026/01438,2026-08-11T20:51:00,23.175319,72.624817,8842cc6a19fffff,harassment,3,helpline,Sargasan Crossroads,under_investigation,synthetic,1.0
b21a1044-af79-55e4-a8c0-00211b5fd9a6,GNR/2026/01439,2026-08-12T01:57:00,23.173769,72.67562,8842cc6a8bfffff,vehicle_theft,3,patrol,GIFT City,under_investigation,synthetic,1.0
f46a34ad-fb7c-5eb1-922d-8549d3455eb7,GNR/2026/01440,2026-08-12T09:09:00,23.197057,72.636257,8842cc612bfffff,pickpocketing,1,helpline,Kudasan,closed,synthetic,1.0
4a279064-a878-54ab-9c2c-49b2e9c8bc8a,GNR/2026/01441,2026-08-12T10:06:00,23.172884,72.615261,8842cc6a57fffff,mobile_snatching,2,helpline,Gandhinagar (other),chargesheeted,synthetic,1.0
27983314-0716-5835-868b-1e181f05ea0e,GNR/2026/01442,2026-08-12T14:12:00,23.229536,72.654609,8842cc6025fffff,pickpocketing,1,walk_in,Akshardham (Sector 20),under_investigation,synthetic,1.0
278b20d0-4699-593c-9d4e-e544bd4668c0,GNR/2026/01443,2026-08-12T14:14:00,23.224547,72.641038,8842cc6157fffff,pickpocketing,1,online,Sector 16 Commercial,under_investigation,synthetic,1.0
994fc275-6d41-5a9c-a513-5960dcdb64b9,GNR/2026/01444,2026-08-12T15:34:00,23.190061,72.64073,8842cc6123fffff,assault,4,walk_in,Kudasan,under_investigation,synthetic,1.0
b4d4a93f-2ead-5ee8-b7a2-5bb2c79a77a8,GNR/2026/01445,2026-08-12T18:57:00,23.218263,72.646577,8842cc611dfffff,harassment,3,patrol,Sector 21 Market,under_investigation,synthetic,1.0
a9191580-50bf-548a-bb15-87ecd9f2a14b,GNR/2026/01446,2026-08-12T20:26:00,23.204966,72.639478,8842cc6107fffff,chain_snatching,3,online,Sector 7 Secretariat,under_investigation,synthetic,1.0
42782682-a22a-5fba-93f9-44b70c79496d,GNR/2026/01447,2026-08-12T20:35:00,23.162953,72.70557,8842cc6f6dfffff,theft,2,helpline,Gandhinagar (other),chargesheeted,synthetic,1.0
6f983471-215f-5b60-9a31-5ff77072df8e,GNR/2026/01448,2026-08-12T21:56:00,23.179184,72.616968,8842cc6a53fffff,pickpocketing,1,patrol,Gandhinagar (other),under_investigation,synthetic,1.0
63f7c034-cc5b-5d24-95a1-a59c31d6e803,GNR/2026/01449,2026-08-13T07:20:00,23.223424,72.621508,8842cc6143fffff,vehicle_theft,3,patrol,Gandhinagar (other),under_investigation,synthetic,1.0
7279cb36-7309-5a1b-85c1-5595fba72457,GNR/2026/01450,2026-08-13T13:22:00,23.208799,72.63057,8842cc6101fffff,theft,2,online,Sector 7 Secretariat,under_investigation,synthetic,1.0
fd1801b3-30e6-52f9-b603-639b27ac8ac0,GNR/2026/01451,2026-08-13T14:10:00,23.171025,72.628867,8842cc6a11fffff,pickpocketing,1,online,Sargasan Crossroads,chargesheeted,synthetic,1.0
148de531-5a89-5ea5-998a-c929858c7215,GNR/2026/01452,2026-08-13T15:01:00,23.238822,72.64637,8842cc602dfffff,vehicle_theft,3,online,Sector 16 Commercial,under_investigation,synthetic,1.0
b7b9ca35-8104-5eb0-8ab9-46b2c8a5a70d,GNR/2026/01453,2026-08-13T17:53:00,23.187071,72.612791,8842cc6a5bfffff,pickpocketing,1,helpline,Gandhinagar (other),chargesheeted,synthetic,1.0
178f219e-b2af-51c9-bc48-2994b89e542e,GNR/2026/01454,2026-08-13T18:26:00,23.230793,72.653323,8842cc6025fffff,harassment,3,walk_in,Akshardham (Sector 20),chargesheeted,synthetic,1.0
aa765f46-779a-55ab-b70c-f226f823ddc7,GNR/2026/01455,2026-08-13T20:16:00,23.190207,72.631114,8842cc6121fffff,assault,4,online,Infocity,under_investigation,synthetic,1.0
be857528-27fc-5090-b144-fe2eaeb8a3a2,GNR/2026/01456,2026-08-13T20:25:00,23.181832,72.637559,8842cc6127fffff,theft,2,helpline,Infocity,under_investigation,synthetic,1.0
ea5cb133-cfd9-5d2c-8c85-4220a213f5ab,GNR/2026/01457,2026-08-13T22:53:00,23.217475,72.635483,8842cc610bfffff,robbery,4,helpline,Sector 7 Secretariat,chargesheeted,synthetic,1.0
7bf16bdb-7bca-5598-865b-a746f5f0b816,GNR/2026/01458,2026-08-14T04:39:00,23.224305,72.642183,8842cc6157fffff,mobile_snatching,2,walk_in,Sector 16 Commercial,chargesheeted,synthetic,1.0
d1d33897-0db2-5687-b19b-1a498f758506,GNR/2026/01459,2026-08-14T06:34:00,23.23257,72.634241,8842cc6151fffff,chain_snatching,3,patrol,Sector 16 Commercial,closed,synthetic,1.0
0bfdc6bb-749d-56d3-ac6b-29923901e389,GNR/2026/01460,2026-08-14T07:58:00,23.188758,72.631979,8842cc6121fffff,burglary,3,walk_in,Infocity,under_investigation,synthetic,1.0
978bde1a-05d5-51af-bbda-697b0b7dd549,GNR/2026/01461,2026-08-14T11:15:00,23.218697,72.653218,8842cc6111fffff,pickpocketing,1,patrol,Sector 21 Market,under_investigation,synthetic,1.0
7d2ef91f-5f5a-55eb-868c-78bff3f0394d,GNR/2026/01462,2026-08-14T11:31:00,23.182074,72.627659,8842cc6125fffff,mobile_snatching,2,helpline,Infocity,chargesheeted,synthetic,1.0
e815f87f-7f81-5a93-a468-e19d6a51bf2f,GNR/2026/01463,2026-08-14T13:19:00,23.170538,72.639088,8842cc6a13fffff,theft,2,patrol,Sargasan Crossroads,closed,synthetic,1.0
5288b79c-e637-5ed9-9e7b-13857f3efc82,GNR/2026/01464,2026-08-14T14:30:00,23.198925,72.635069,8842cc612bfffff,pickpocketing,1,walk_in,Kudasan,under_investigation,synthetic,1.0
1e73af4b-53e6-5220-9cef-ad387d8ab953,GNR/2026/01465,2026-08-14T16:07:00,23.212572,72.658087,8842cc6117fffff,vandalism,2,online,Sector 21 Market,under_investigation,synthetic,1.0
7c2000a2-aa12-5d7b-bdb4-3ba2275cc57c,GNR/2026/01466,2026-08-14T17:02:00,23.216681,72.637418,8842cc610bfffff,theft,2,patrol,Sector 7 Secretariat,chargesheeted,synthetic,1.0
f6e1307d-9341-5a3c-94ef-b7ce8b6f016d,GNR/2026/01467,2026-08-14T20:38:00,23.220026,72.654903,8842cc6111fffff,harassment,3,online,Sector 21 Market,closed,synthetic,1.0
f1b4f878-653a-5d51-8c07-eacf20c9cf90,GNR/2026/01468,2026-08-15T06:51:00,23.195549,72.617508,8842cc6167fffff,vehicle_theft,3,walk_in,Infocity,under_investigation,synthetic,1.0
552865a8-f51e-5dfe-b44c-3896be42e2f2,GNR/2026/01469,2026-08-15T10:41:00,23.229688,72.633283,8842cc6151fffff,theft,2,online,Sector 16 Commercial,chargesheeted,synthetic,1.0
b7a29199-9cde-5136-ac18-598e53f9782e,GNR/2026/01470,2026-08-15T10:57:00,23.168142,72.623603,8842cc6a1dfffff,burglary,3,patrol,Sargasan Crossroads,under_investigation,synthetic,1.0
386d1de9-31e1-50a0-84d2-dc1af596fdd3,GNR/2026/01471,2026-08-15T14:14:00,23.160298,72.626558,8842cc6a15fffff,pickpocketing,1,helpline,Sargasan Crossroads,under_investigation,synthetic,1.0
4632407e-1589-5a4c-942c-ca30f37b3395,GNR/2026/01472,2026-08-15T15:44:00,23.227046,72.649426,8842cc6119fffff,theft,2,helpline,Sector 16 Commercial,under_investigation,synthetic,1.0
702e6d2f-1b81-5e6d-bb6e-f902daed6ff7,GNR/2026/01473,2026-08-15T15:46:00,23.22471,72.642788,8842cc6157fffff,harassment,3,walk_in,Sector 16 Commercial,under_investigation,synthetic,1.0
08884d1c-79be-5543-9801-92b7ae777021,GNR/2026/01474,2026-08-15T16:33:00,23.182642,72.640366,8842cc6127fffff,mobile_snatching,2,walk_in,Kudasan,closed,synthetic,1.0
1304f0da-a896-5bcd-b009-3d01b32be7b7,GNR/2026/01475,2026-08-15T17:54:00,23.177431,72.632184,8842cc6a1bfffff,chain_snatching,3,walk_in,Sargasan Crossroads,closed,synthetic,1.0
a6073e06-36a1-51e9-8a6c-89e430e68104,GNR/2026/01476,2026-08-15T18:32:00,23.159661,72.678666,8842cc6a87fffff,chain_snatching,3,online,GIFT City,under_investigation,synthetic,1.0
cc833641-bf66-5d4c-b23e-6da529d1ee66,GNR/2026/01477,2026-08-15T19:21:00,23.217234,72.636612,8842cc610bfffff,pickpocketing,1,patrol,Sector 7 Secretariat,under_investigation,synthetic,1.0
3a664aad-de5f-556a-8351-4e793c6ae8a0,GNR/2026/01478,2026-08-15T19:52:00,23.169413,72.698164,8842cc6a97fffff,chain_snatching,3,helpline,Gandhinagar (other),chargesheeted,synthetic,1.0
a9d09524-7bbf-5a66-8e91-a03074145202,GNR/2026/01479,2026-08-15T21:06:00,23.191304,72.630553,8842cc6121fffff,theft,2,online,Infocity,under_investigation,synthetic,1.0
90adbff4-7ae6-5f9b-b848-d4a483a23594,GNR/2026/01480,2026-08-15T21:38:00,23.216394,72.629531,8842cc6109fffff,harassment,3,patrol,Sector 7 Secretariat,chargesheeted,synthetic,1.0
33391044-7be4-591e-8a18-e8329a2f364d,GNR/2026/01481,2026-08-15T23:24:00,23.154686,72.684801,8842cc6abdfffff,assault,4,patrol,GIFT City,closed,synthetic,1.0
b28b1527-41fb-57c2-bc7d-8ed6042d742f,GNR/2026/01482,2026-08-15T23:41:00,23.217443,72.637467,8842cc610bfffff,theft,2,helpline,Sector 7 Secretariat,under_investigation,synthetic,1.0
209806eb-5d02-5eaa-a8eb-fd31cb530462,GNR/2026/01483,2026-08-16T04:56:00,23.219806,72.64528,8842cc611dfffff,robbery,4,online,Sector 21 Market,under_investigation,synthetic,1.0
99684a46-1cf8-55ad-94b7-d41cb9e5d214,GNR/2026/01484,2026-08-16T14:16:00,23.210976,72.643104,8842cc6103fffff,theft,2,patrol,Sector 7 Secretariat,under_investigation,synthetic,1.0
fc87eea2-2510-5d68-bd86-b3189be57c4f,GNR/2026/01485,2026-08-16T16:39:00,23.189775,72.641962,8842cc6123fffff,harassment,3,patrol,Kudasan,closed,synthetic,1.0
476cfb15-859c-51e7-be21-6ca6463ae346,GNR/2026/01486,2026-08-16T16:47:00,23.218691,72.636435,8842cc610bfffff,theft,2,online,Sector 7 Secretariat,closed,synthetic,1.0
58726a2d-0a4f-5577-a445-4e9a318184ea,GNR/2026/01487,2026-08-17T05:08:00,23.162137,72.687241,8842cc6ab9fffff,vehicle_theft,3,online,GIFT City,closed,synthetic,1.0
989f6b33-1a7d-5cd6-ba5c-034ddc9cda3c,GNR/2026/01488,2026-08-17T07:49:00,23.177057,72.633928,8842cc6a1bfffff,pickpocketing,1,helpline,Sargasan Crossroads,under_investigation,synthetic,1.0
a463bdfb-1477-5860-a962-6282093f97ec,GNR/2026/01489,2026-08-17T10:59:00,23.226255,72.648949,8842cc6119fffff,burglary,3,patrol,Sector 21 Market,closed,synthetic,1.0
53d8e917-88e7-5091-9621-a893b2ea72e4,GNR/2026/01490,2026-08-17T11:04:00,23.197436,72.636454,8842cc612bfffff,burglary,3,walk_in,Kudasan,chargesheeted,synthetic,1.0
e2648dd3-14e1-55ca-8d28-776d5a6d2d49,GNR/2026/01491,2026-08-17T11:11:00,23.181162,72.629666,8842cc6125fffff,pickpocketing,1,patrol,Infocity,chargesheeted,synthetic,1.0
7e33650f-37da-5232-a477-56187829d8ea,GNR/2026/01492,2026-08-17T11:15:00,23.231524,72.662886,8842cc6027fffff,theft,2,patrol,Akshardham (Sector 20),closed,synthetic,1.0
a80e9242-5c24-5c3a-b7f7-2f3e0dc8e12c,GNR/2026/01493,2026-08-17T13:17:00,23.182642,72.645922,8842cc6ac9fffff,burglary,3,walk_in,Kudasan,chargesheeted,synthetic,1.0
7c765b1b-2b37-57ca-a40d-992f06acc8c6,GNR/2026/01494,2026-08-17T13:25:00,23.23367,72.680681,8842cc61cbfffff,burglary,3,patrol,Gandhinagar (other),chargesheeted,synthetic,1.0
b3304c92-3fe5-5f5d-9c64-44edf1a3cef8,GNR/2026/01495,2026-08-17T13:31:00,23.198601,72.64442,8842cc613dfffff,pickpocketing,1,helpline,Kudasan,closed,synthetic,1.0
121b14f4-9a4b-5124-bbe3-7e7a5118a711,GNR/2026/01496,2026-08-17T15:33:00,23.190894,72.641663,8842cc6123fffff,pickpocketing,1,helpline,Kudasan,under_investigation,synthetic,1.0
8e5f95e5-967a-5d57-9e0c-8da5259e0316,GNR/2026/01497,2026-08-17T22:55:00,23.216236,72.647573,8842cc611dfffff,mobile_snatching,2,patrol,Sector 21 Market,chargesheeted,synthetic,1.0
ff0d37f7-5b69-508a-9d4e-14ee2589de00,GNR/2026/01498,2026-08-18T01:33:00,23.18949,72.621721,8842cc612dfffff,robbery,4,walk_in,Infocity,closed,synthetic,1.0
455f77f7-ff31-5c33-aa34-2f6c566ed8ef,GNR/2026/01499,2026-08-18T02:15:00,23.187495,72.619846,8842cc612dfffff,robbery,4,helpline,Infocity,chargesheeted,synthetic,1.0
8a89d981-534b-5aff-9585-9439b51c1b0f,GNR/2026/01500,2026-08-18T07:29:00,23.205707,72.648862,8842cc6139fffff,burglary,3,patrol,Gandhinagar (other),under_investigation,synthetic,1.0
529bbc23-89e0-5c53-8da3-18f15e0ee4b5,GNR/2026/01501,2026-08-18T14:37:00,23.16923,72.669767,8842cc6a81fffff,burglary,3,online,GIFT City,chargesheeted,synthetic,1.0
3a2b4f17-994f-56fe-bcb6-4f247bb4ee9b,GNR/2026/01502,2026-08-18T15:47:00,23.206645,72.658269,8842cc613bfffff,pickpocketing,1,helpline,Gandhinagar (other),closed,synthetic,1.0
e443f5a9-69b0-57a3-a304-fe249fd7a377,GNR/2026/01503,2026-08-18T18:06:00,23.197072,72.635809,8842cc612bfffff,theft,2,walk_in,Kudasan,closed,synthetic,1.0
b6b39453-ab41-5e3d-83ae-50e3ce1a455b,GNR/2026/01504,2026-08-18T19:31:00,23.209421,72.63366,8842cc6101fffff,theft,2,helpline,Sector 7 Secretariat,closed,synthetic,1.0
f3e7ff7f-dae5-51ce-b04a-7df3a4180f1e,GNR/2026/01505,2026-08-18T22:01:00,23.16045,72.676654,8842cc6a87fffff,pickpocketing,1,online,GIFT City,under_investigation,synthetic,1.0
6d3fc4e0-f5de-5182-8ff3-fba056757e9d,GNR/2026/01506,2026-08-18T22:37:00,23.22488,72.638667,8842cc6157fffff,mobile_snatching,2,walk_in,Sector 16 Commercial,closed,synthetic,1.0
1c699e9e-2434-54b4-a326-f16cdc51cd28,GNR/2026/01507,2026-08-19T03:05:00,23.208588,72.642318,8842cc6103fffff,assault,4,patrol,Sector 7 Secretariat,chargesheeted,synthetic,1.0
7c306422-c610-5efa-8dcd-c6483fac9f06,GNR/2026/01508,2026-08-19T12:59:00,23.223322,72.632183,8842cc6155fffff,theft,2,helpline,Sector 16 Commercial,chargesheeted,synthetic,1.0
8aa5ba6a-9973-52d1-aff5-5bb4f5250111,GNR/2026/01509,2026-08-19T14:48:00,23.214817,72.628625,8842cc6109fffff,theft,2,walk_in,Sector 7 Secretariat,under_investigation,synthetic,1.0
26ec32ba-4d78-593b-b954-5ead22c032ce,GNR/2026/01510,2026-08-19T17:35:00,23.217139,72.627869,8842cc6109fffff,theft,2,walk_in,Sector 7 Secretariat,under_investigation,synthetic,1.0
cf5958a8-deda-5f9a-968e-349ff6ef477f,GNR/2026/01511,2026-08-19T20:19:00,23.204145,72.628956,8842cc6105fffff,assault,4,online,Sector 7 Secretariat,chargesheeted,synthetic,1.0
7830fa36-fc8d-53a0-8e0f-e3c3c7d88940,GNR/2026/01512,2026-08-19T21:42:00,23.205509,72.65625,8842cc613bfffff,theft,2,walk_in,Gandhinagar (other),under_investigation,synthetic,1.0
c716872a-7bc7-5a8c-a2bd-9f3a248f2994,GNR/2026/01513,2026-08-19T22:38:00,23.161012,72.685588,8842cc6ab9fffff,assault,4,helpline,GIFT City,chargesheeted,synthetic,1.0
cc25147a-bf11-57b9-9df7-67d9010ee12b,GNR/2026/01514,2026-08-20T09:07:00,23.201509,72.61952,8842cc6163fffff,pickpocketing,1,walk_in,Gandhinagar (other),under_investigation,synthetic,1.0
4b326686-983b-5234-aafb-e4edebe2eabe,GNR/2026/01515,2026-08-20T10:08:00,23.24139,72.662769,8842cc6023fffff,burglary,3,online,Akshardham (Sector 20),under_investigation,synthetic,1.0
b238bd81-f7ac-5e81-b641-f32238e29b39,GNR/2026/01516,2026-08-20T15:59:00,23.219883,72.645087,8842cc611dfffff,theft,2,online,Sector 21 Market,under_investigation,synthetic,1.0
9d76c0ce-f3ce-55cf-94ee-0ba1f9c2c38a,GNR/2026/01517,2026-08-20T16:24:00,23.211,72.63373,8842cc6101fffff,pickpocketing,1,helpline,Sector 7 Secretariat,chargesheeted,synthetic,1.0
6229bcc0-7e0c-531d-be31-501685d633c1,GNR/2026/01518,2026-08-21T01:06:00,23.181383,72.672081,8842cc6ad5fffff,vehicle_theft,3,helpline,Gandhinagar (other),chargesheeted,synthetic,1.0
436b01ae-a0fa-5dc9-b33b-d5ebfd7f06e2,GNR/2026/01519,2026-08-21T02:55:00,23.207774,72.658407,8842cc613bfffff,chain_snatching,3,online,Gandhinagar (other),under_investigation,synthetic,1.0
b9395914-be0b-5ccf-a197-7e187cbd6e71,GNR/2026/01520,2026-08-21T06:56:00,23.191641,72.642278,8842cc6123fffff,vehicle_theft,3,patrol,Kudasan,under_investigation,synthetic,1.0
0a72bbd2-fc4f-523e-a2ad-76e5046b7006,GNR/2026/01521,2026-08-21T10:08:00,23.233392,72.656553,8842cc6025fffff,theft,2,helpline,Akshardham (Sector 20),under_investigation,synthetic,1.0
0b85a00a-1346-5fcb-be1c-25bf8ffcd074,GNR/2026/01522,2026-08-21T11:28:00,23.173267,72.625286,8842cc6a19fffff,pickpocketing,1,online,Sargasan Crossroads,chargesheeted,synthetic,1.0
03aa2a3f-96c8-5de1-8d4c-9344b85a203a,GNR/2026/01523,2026-08-21T14:06:00,23.175891,72.624672,8842cc6a19fffff,pickpocketing,1,walk_in,Sargasan Crossroads,chargesheeted,synthetic,1.0
b08cf503-e1c9-5598-8f2b-d0c0a2ea8501,GNR/2026/01524,2026-08-21T14:28:00,23.209708,72.633337,8842cc6101fffff,theft,2,helpline,Sector 7 Secretariat,under_investigation,synthetic,1.0
56694af6-7796-5783-88e6-933883e131ea,GNR/2026/01525,2026-08-21T14:38:00,23.248418,72.670867,8842cc603dfffff,theft,2,helpline,Gandhinagar (other),under_investigation,synthetic,1.0
3f5afe73-86a1-5b99-9ffc-ab9c84abaa9a,GNR/2026/01526,2026-08-21T14:43:00,23.23828,72.646803,8842cc602dfffff,burglary,3,helpline,Sector 16 Commercial,under_investigation,synthetic,1.0
67e0f98d-bc81-53a9-afd1-79a4c00ddbe4,GNR/2026/01527,2026-08-21T15:22:00,23.16821,72.690776,8842cc6a95fffff,theft,2,patrol,GIFT City,under_investigation,synthetic,1.0
96706f87-03a6-5923-a19c-1839bb73d095,GNR/2026/01528,2026-08-21T17:07:00,23.166275,72.690226,8842cc6a95fffff,burglary,3,patrol,GIFT City,under_investigation,synthetic,1.0
7378af72-36b4-54c5-836c-905d5eefa079,GNR/2026/01529,2026-08-21T17:15:00,23.178905,72.65028,8842cc6ac1fffff,burglary,3,helpline,Gandhinagar (other),chargesheeted,synthetic,1.0
176914de-03b3-5291-bce2-c78f051fafdb,GNR/2026/01530,2026-08-21T19:11:00,23.220811,72.656044,8842cc6111fffff,chain_snatching,3,helpline,Sector 21 Market,closed,synthetic,1.0
63c024c0-88f3-51b7-b7cd-f5d1ef08d6ca,GNR/2026/01531,2026-08-21T20:43:00,23.246727,72.658681,8842cc602bfffff,mobile_snatching,2,patrol,Akshardham (Sector 20),closed,synthetic,1.0
33d341e9-c6d2-5ebe-b07c-2b221b2b1ff4,GNR/2026/01532,2026-08-21T21:14:00,23.211465,72.657778,8842cc6117fffff,pickpocketing,1,online,Sector 21 Market,chargesheeted,synthetic,1.0
b92e8150-9709-5df2-ba62-dcd6cf77d37e,GNR/2026/01533,2026-08-21T21:22:00,23.239665,72.656787,8842cc6021fffff,mobile_snatching,2,helpline,Akshardham (Sector 20),under_investigation,synthetic,1.0
752d60dd-7803-500b-b8fe-1ab9011848a6,GNR/2026/01534,2026-08-21T21:56:00,23.213149,72.660499,8842cc6117fffff,vehicle_theft,3,patrol,Sector 21 Market,under_investigation,synthetic,1.0
e0b1d08d-83ff-5899-a114-28ad9722f04f,GNR/2026/01535,2026-08-21T22:28:00,23.164457,72.636568,8842cc6a17fffff,mobile_snatching,2,walk_in,Sargasan Crossroads,chargesheeted,synthetic,1.0
d9691f58-b8d7-5ba2-b63c-cfb7550ff275,GNR/2026/01536,2026-08-22T00:02:00,23.230155,72.63427,8842cc6151fffff,mobile_snatching,2,helpline,Sector 16 Commercial,under_investigation,synthetic,1.0
8f8f6c89-f7b7-5575-87ba-d1ab50dca3f5,GNR/2026/01537,2026-08-22T02:49:00,23.220981,72.663745,8842cc6113fffff,vandalism,2,online,Sector 21 Market,under_investigation,synthetic,1.0
1ca7865c-1cfb-5314-b8de-5c181af2e8aa,GNR/2026/01538,2026-08-22T14:57:00,23.183836,72.626967,8842cc6125fffff,vandalism,2,patrol,Infocity,under_investigation,synthetic,1.0
cf1e393c-0822-5881-a634-cfe52b864c54,GNR/2026/01539,2026-08-22T15:12:00,23.23589,72.681226,8842cc61cbfffff,burglary,3,patrol,Gandhinagar (other),chargesheeted,synthetic,1.0
aaebfc3f-64bd-538d-b0b5-4cc26323b43d,GNR/2026/01540,2026-08-22T16:18:00,23.197053,72.634908,8842cc612bfffff,vehicle_theft,3,helpline,Kudasan,chargesheeted,synthetic,1.0
8be4d5e2-1029-53bd-b035-f697b3ad9df1,GNR/2026/01541,2026-08-22T19:20:00,23.153864,72.632074,8842cc6a3bfffff,chain_snatching,3,patrol,Gandhinagar (other),chargesheeted,synthetic,1.0
d4dbecb3-6801-5e0c-bedb-d0693d56197d,GNR/2026/01542,2026-08-22T19:22:00,23.163018,72.69646,8842cc6abbfffff,chain_snatching,3,online,GIFT City,under_investigation,synthetic,1.0
72efb93d-2de0-503c-88fb-79ad3a4298ca,GNR/2026/01543,2026-08-23T02:11:00,23.228272,72.633058,8842cc6151fffff,chain_snatching,3,helpline,Sector 16 Commercial,chargesheeted,synthetic,1.0
08543c4e-f9b2-5552-ad42-9312cbf49377,GNR/2026/01544,2026-08-23T03:14:00,23.161765,72.678958,8842cc6a87fffff,vehicle_theft,3,walk_in,GIFT City,under_investigation,synthetic,1.0
373e955f-8c1c-544d-a3b8-ba5ee53fe059,GNR/2026/01545,2026-08-23T06:24:00,23.188417,72.640664,8842cc6123fffff,pickpocketing,1,helpline,Kudasan,chargesheeted,synthetic,1.0
e0e885a0-aaf5-5eae-8320-0d80f77f6026,GNR/2026/01546,2026-08-23T08:18:00,23.244904,72.660629,8842cc602bfffff,pickpocketing,1,walk_in,Akshardham (Sector 20),closed,synthetic,1.0
6bc67191-7455-5bd0-b0bb-215e493cc54a,GNR/2026/01547,2026-08-23T15:20:00,23.190583,72.632878,8842cc6121fffff,burglary,3,online,Kudasan,under_investigation,synthetic,1.0
28c8cb93-5881-51cc-b9d9-98edd9ac0406,GNR/2026/01548,2026-08-23T18:55:00,23.189419,72.639198,8842cc6123fffff,theft,2,patrol,Kudasan,under_investigation,synthetic,1.0
9820969d-221c-58cc-91ba-55d8c33c644d,GNR/2026/01549,2026-08-23T20:42:00,23.245039,72.65058,8842cc6029fffff,chain_snatching,3,walk_in,Akshardham (Sector 20),under_investigation,synthetic,1.0
7cefddbc-c4d5-57da-8ba9-aa9607f97c2f,GNR/2026/01550,2026-08-24T02:43:00,23.161452,72.686415,8842cc6ab9fffff,theft,2,patrol,GIFT City,closed,synthetic,1.0
bca7cef6-74cc-5cd6-8115-b820f89cd013,GNR/2026/01551,2026-08-24T04:03:00,23.211659,72.642111,8842cc6103fffff,vehicle_theft,3,walk_in,Sector 7 Secretariat,under_investigation,synthetic,1.0
b10cc4e1-0372-5d00-9cbc-dd60430b4d0c,GNR/2026/01552,2026-08-24T18:18:00,23.155102,72.672648,8842cc6aabfffff,theft,2,patrol,GIFT City,under_investigation,synthetic,1.0
dcfcef72-8f4a-5966-9de2-6a3f274aa39b,GNR/2026/01553,2026-08-24T20:06:00,23.174844,72.627079,8842cc6a19fffff,theft,2,online,Sargasan Crossroads,under_investigation,synthetic,1.0
ceb1385d-e517-502b-be38-5cc5bc3d1364,GNR/2026/01554,2026-08-24T22:47:00,23.23756,72.656942,8842cc6021fffff,chain_snatching,3,patrol,Akshardham (Sector 20),chargesheeted,synthetic,1.0
25030cdf-b286-5c3b-ab72-5ddc76182898,GNR/2026/01555,2026-08-24T22:53:00,23.210943,72.641256,8842cc6103fffff,burglary,3,online,Sector 7 Secretariat,closed,synthetic,1.0
0f8883f4-a719-5f37-9588-a15d4f7632dd,GNR/2026/01556,2026-08-25T14:19:00,23.224427,72.649216,8842cc6119fffff,mobile_snatching,2,walk_in,Sector 21 Market,under_investigation,synthetic,1.0
4058e060-3a54-51e7-9fdf-79a2b17bf33e,GNR/2026/01557,2026-08-25T15:34:00,23.238601,72.66497,8842cc6023fffff,theft,2,walk_in,Akshardham (Sector 20),under_investigation,synthetic,1.0
2051039d-6c24-568e-b7d7-e76a2c806a68,GNR/2026/01558,2026-08-25T16:12:00,23.216869,72.637416,8842cc610bfffff,theft,2,helpline,Sector 7 Secretariat,under_investigation,synthetic,1.0
ac565eb9-3387-5b8d-ab73-355b1e37d11b,GNR/2026/01559,2026-08-25T18:35:00,23.175647,72.682273,8842cc6a9dfffff,mobile_snatching,2,patrol,GIFT City,chargesheeted,synthetic,1.0
fb8118c1-3c52-53bf-8049-9b4869c82af0,GNR/2026/01560,2026-08-25T19:48:00,23.161325,72.678514,8842cc6a87fffff,theft,2,patrol,GIFT City,under_investigation,synthetic,1.0
0e115274-20ff-5348-9e96-f3fffcb907df,GNR/2026/01561,2026-08-25T22:25:00,23.195258,72.635843,8842cc612bfffff,assault,4,patrol,Kudasan,under_investigation,synthetic,1.0
ea93e706-bfc2-5e55-91c8-65c16bc0f5a3,GNR/2026/01562,2026-08-25T23:25:00,23.231985,72.64191,8842cc6153fffff,vandalism,2,online,Sector 16 Commercial,under_investigation,synthetic,1.0
2ead75fd-2c7d-5d3c-a36a-bbbae721da27,GNR/2026/01563,2026-08-26T09:39:00,23.245944,72.642851,8842cc6067fffff,burglary,3,helpline,Gandhinagar (other),under_investigation,synthetic,1.0
bf851c00-a048-538c-a861-ff1b4494c35e,GNR/2026/01564,2026-08-26T16:44:00,23.232464,72.652514,8842cc6025fffff,theft,2,helpline,Akshardham (Sector 20),under_investigation,synthetic,1.0
3d6daa41-1fe2-52d2-b9a3-b5356b74c390,GNR/2026/01565,2026-08-26T16:56:00,23.232757,72.651616,8842cc6025fffff,theft,2,online,Akshardham (Sector 20),under_investigation,synthetic,1.0
160323ca-ae8d-5fd9-a23c-aef818bcc6eb,GNR/2026/01566,2026-08-26T20:40:00,23.169783,72.679465,8842cc6a83fffff,theft,2,helpline,GIFT City,under_investigation,synthetic,1.0
46b7c15e-0bc4-5f96-b81c-c4e4225ef42d,GNR/2026/01567,2026-08-26T20:47:00,23.224176,72.639723,8842cc6157fffff,assault,4,helpline,Sector 16 Commercial,under_investigation,synthetic,1.0
35727ace-e829-5e39-a769-80e52e868680,GNR/2026/01568,2026-08-26T22:07:00,23.216436,72.61662,8842cc6147fffff,robbery,4,helpline,Gandhinagar (other),under_investigation,synthetic,1.0
5579d31b-0fb8-5f5d-a2ce-a46de2bdf31b,GNR/2026/01569,2026-08-26T22:21:00,23.211036,72.640762,8842cc6103fffff,robbery,4,online,Sector 7 Secretariat,under_investigation,synthetic,1.0
71764dc8-7e48-5c25-9ddf-399aea2f744d,GNR/2026/01570,2026-08-27T05:39:00,23.202931,72.63012,8842cc6105fffff,vehicle_theft,3,helpline,Sector 7 Secretariat,under_investigation,synthetic,1.0
da11f395-a9c1-55d4-a2fe-35c0cc736241,GNR/2026/01571,2026-08-27T10:57:00,23.18873,72.631266,8842cc6121fffff,theft,2,online,Infocity,under_investigation,synthetic,1.0
4dc4dbf9-759a-53a2-bb4e-bd70fbdaf8a9,GNR/2026/01572,2026-08-27T12:02:00,23.233373,72.662453,8842cc6027fffff,theft,2,helpline,Akshardham (Sector 20),under_investigation,synthetic,1.0
0613ee65-517a-578f-bd48-93705ac6ce25,GNR/2026/01573,2026-08-27T12:22:00,23.181019,72.630013,8842cc6125fffff,burglary,3,online,Infocity,chargesheeted,synthetic,1.0
931d87ed-1246-5688-ab49-d10ebea762e2,GNR/2026/01574,2026-08-27T13:51:00,23.203868,72.631388,8842cc6105fffff,theft,2,online,Sector 7 Secretariat,chargesheeted,synthetic,1.0
1ce36eb0-2e82-5409-912f-d37b5487e4a3,GNR/2026/01575,2026-08-27T20:25:00,23.240265,72.655376,8842cc6021fffff,vandalism,2,online,Akshardham (Sector 20),closed,synthetic,1.0
a680f628-672f-5de0-8770-3db30823b50e,GNR/2026/01576,2026-08-27T20:28:00,23.167587,72.640503,8842cc6a13fffff,theft,2,walk_in,Sargasan Crossroads,under_investigation,synthetic,1.0
1565db5f-03bc-5cc2-a802-60d9aa109997,GNR/2026/01577,2026-08-27T21:01:00,23.217905,72.638489,8842cc610bfffff,theft,2,online,Sector 7 Secretariat,chargesheeted,synthetic,1.0
1af32439-4bf5-5902-9e90-3dd253751bdf,GNR/2026/01578,2026-08-27T21:25:00,23.200492,72.628896,8842cc6105fffff,robbery,4,patrol,Kudasan,under_investigation,synthetic,1.0
0a5cfc3c-a27d-5f20-84ea-42090c67e37b,GNR/2026/01579,2026-08-27T21:52:00,23.183568,72.63567,8842cc6127fffff,mobile_snatching,2,patrol,Infocity,chargesheeted,synthetic,1.0
52cd1cb7-df72-5cba-8e0f-7d246d837c96,GNR/2026/01580,2026-08-28T09:14:00,23.225672,72.640297,8842cc6157fffff,chain_snatching,3,walk_in,Sector 16 Commercial,under_investigation,synthetic,1.0
999e528f-ca2d-5368-9842-8f7aeb26e1af,GNR/2026/01581,2026-08-28T15:32:00,23.232956,72.661433,8842cc6027fffff,burglary,3,online,Akshardham (Sector 20),closed,synthetic,1.0
c44b0e5e-9f1e-51a9-bb2e-cfc7a603d724,GNR/2026/01582,2026-08-28T16:10:00,23.226332,72.650357,8842cc6119fffff,harassment,3,online,Sector 21 Market,under_investigation,synthetic,1.0
923b2909-6417-5aee-a0bc-dd4167e3ec9d,GNR/2026/01583,2026-08-28T18:05:00,23.227201,72.64051,8842cc6157fffff,harassment,3,helpline,Sector 16 Commercial,under_investigation,synthetic,1.0
df487c0c-a9f8-56b1-8e1c-1b6b65f0b222,GNR/2026/01584,2026-08-28T18:53:00,23.18344,72.627245,8842cc6125fffff,pickpocketing,1,walk_in,Infocity,under_investigation,synthetic,1.0
750bb639-db79-5450-9cdb-278e26d612ae,GNR/2026/01585,2026-08-28T20:01:00,23.222022,72.640479,8842cc6157fffff,chain_snatching,3,helpline,Sector 16 Commercial,under_investigation,synthetic,1.0
5bd351f9-2686-5716-9fea-e496d34b62b4,GNR/2026/01586,2026-08-28T20:26:00,23.238432,72.656356,8842cc6021fffff,theft,2,patrol,Akshardham (Sector 20),closed,synthetic,1.0
ddaf05f7-64e5-5619-817e-407c94de9318,GNR/2026/01587,2026-08-28T21:07:00,23.237282,72.663546,8842cc6023fffff,mobile_snatching,2,online,Akshardham (Sector 20),chargesheeted,synthetic,1.0
eb55b529-e4b7-5768-93eb-b1f1f5ea65ba,GNR/2026/01588,2026-08-28T21:34:00,23.212328,72.640152,8842cc6103fffff,chain_snatching,3,patrol,Sector 7 Secretariat,under_investigation,synthetic,1.0
8a3af22c-7058-5fdc-afa2-aa12d1b3ea2f,GNR/2026/01589,2026-08-28T21:50:00,23.218798,72.643681,8842cc611dfffff,theft,2,helpline,Sector 21 Market,chargesheeted,synthetic,1.0
34986131-7434-536a-abb2-2a2a179fa184,GNR/2026/01590,2026-08-28T22:28:00,23.234138,72.653007,8842cc6025fffff,vandalism,2,walk_in,Akshardham (Sector 20),closed,synthetic,1.0
511deb54-4314-569b-b969-3d4ec7cb584e,GNR/2026/01591,2026-08-28T22:54:00,23.209477,72.630764,8842cc6101fffff,burglary,3,walk_in,Sector 7 Secretariat,closed,synthetic,1.0
664f36c0-03d0-5c19-a64d-f09817af8fa7,GNR/2026/01592,2026-08-28T22:57:00,23.162076,72.676606,8842cc6a87fffff,pickpocketing,1,helpline,GIFT City,closed,synthetic,1.0
216a0032-c049-554a-a8b7-63fe2b62362d,GNR/2026/01593,2026-08-29T03:27:00,23.176316,72.633727,8842cc6a1bfffff,chain_snatching,3,walk_in,Sargasan Crossroads,chargesheeted,synthetic,1.0
21a989c0-517c-541d-a193-1b3427159808,GNR/2026/01594,2026-08-29T06:11:00,23.169554,72.68812,8842cc6a95fffff,assault,4,walk_in,GIFT City,under_investigation,synthetic,1.0
8f73db53-f1bf-5118-94fb-eae65b9855a1,GNR/2026/01595,2026-08-29T08:46:00,23.198384,72.63416,8842cc612bfffff,assault,4,helpline,Kudasan,under_investigation,synthetic,1.0
04d8da00-1db9-55b8-a800-6d179ab8453b,GNR/2026/01596,2026-08-29T15:03:00,23.219802,72.620511,8842cc6143fffff,harassment,3,online,Sector 7 Secretariat,under_investigation,synthetic,1.0
1a37e90c-2872-51fa-bd6f-bda4f0377cef,GNR/2026/01597,2026-08-29T16:00:00,23.239677,72.66479,8842cc6023fffff,mobile_snatching,2,patrol,Akshardham (Sector 20),under_investigation,synthetic,1.0
0931ce43-0d5e-5852-b093-7e9d6fe67540,GNR/2026/01598,2026-08-29T16:06:00,23.236904,72.657985,8842cc6021fffff,pickpocketing,1,online,Akshardham (Sector 20),closed,synthetic,1.0
68dc3590-d53f-59e2-a0be-e6b25fa21535,GNR/2026/01599,2026-08-29T21:49:00,23.225927,72.640255,8842cc6157fffff,harassment,3,online,Sector 16 Commercial,closed,synthetic,1.0
764ad6af-aa80-5d15-97ca-acd53198da12,GNR/2026/01600,2026-08-29T21:51:00,23.168952,72.621958,8842cc6a1dfffff,mobile_snatching,2,online,Sargasan Crossroads,under_investigation,synthetic,1.0
c775a541-e822-596f-8d17-06c699f9aaca,GNR/2026/01601,2026-08-30T07:44:00,23.211909,72.63528,8842cc6101fffff,chain_snatching,3,online,Sector 7 Secretariat,chargesheeted,synthetic,1.0
e68e6366-0d9c-5caa-8fcb-d6cc7b73a6d7,GNR/2026/01602,2026-08-30T09:07:00,23.191712,72.642402,8842cc6123fffff,assault,4,helpline,Kudasan,under_investigation,synthetic,1.0
4cf5ca44-65b3-5bfe-8d38-225141e2bea9,GNR/2026/01603,2026-08-30T11:27:00,23.218657,72.644769,8842cc611dfffff,theft,2,online,Sector 21 Market,closed,synthetic,1.0
799d594c-a757-503d-a4c2-c9ab926b8851,GNR/2026/01604,2026-08-30T17:32:00,23.240664,72.648305,8842cc602dfffff,theft,2,online,Akshardham (Sector 20),closed,synthetic,1.0
032d8c83-267a-5972-840f-c79d0ee9ee3d,GNR/2026/01605,2026-08-30T17:49:00,23.237181,72.635902,8842cc615bfffff,harassment,3,helpline,Sector 16 Commercial,under_investigation,synthetic,1.0
61bd7f8b-2109-5cdd-b0fa-3e4a2c41f48e,GNR/2026/01606,2026-08-30T18:52:00,23.230795,72.633905,8842cc6151fffff,chain_snatching,3,helpline,Sector 16 Commercial,closed,synthetic,1.0
9a3dd88b-89f9-5401-b9d7-461fb1007138,GNR/2026/01607,2026-08-30T19:57:00,23.231379,72.64294,8842cc6153fffff,mobile_snatching,2,helpline,Sector 16 Commercial,chargesheeted,synthetic,1.0
7d91764c-12da-5932-b617-1e9d968e56e3,GNR/2026/01608,2026-08-30T21:29:00,23.240546,72.655574,8842cc6021fffff,theft,2,online,Akshardham (Sector 20),under_investigation,synthetic,1.0
98e792cc-5950-5908-b7f8-8df90359719e,GNR/2026/01609,2026-08-30T23:43:00,23.234754,72.654507,8842cc6025fffff,assault,4,walk_in,Akshardham (Sector 20),chargesheeted,synthetic,1.0
0460ec70-3c33-509a-9458-4fada21c228c,GNR/2026/01610,2026-08-31T01:37:00,23.183172,72.635637,8842cc6127fffff,vehicle_theft,3,patrol,Infocity,under_investigation,synthetic,1.0
13a789ec-64c7-57a2-b342-3645bb60772e,GNR/2026/01611,2026-08-31T10:23:00,23.156305,72.680898,8842cc6abdfffff,theft,2,patrol,GIFT City,under_investigation,synthetic,1.0
0e4fe5be-64a9-521c-b68f-35da0827cf0f,GNR/2026/01612,2026-08-31T11:26:00,23.20965,72.624209,8842cc610dfffff,burglary,3,helpline,Sector 7 Secretariat,closed,synthetic,1.0
af2ad9ee-9bdc-5671-a966-39af6daad55a,GNR/2026/01613,2026-08-31T11:27:00,23.248514,72.669788,8842cc603dfffff,theft,2,walk_in,Gandhinagar (other),closed,synthetic,1.0
5bfb7be2-bb98-5ddf-b69f-c79ae88d7cbf,GNR/2026/01614,2026-08-31T11:44:00,23.223834,72.640489,8842cc6157fffff,theft,2,helpline,Sector 16 Commercial,closed,synthetic,1.0
1da8a40c-592b-5715-8f15-547d9e916c3e,GNR/2026/01615,2026-08-31T12:24:00,23.176687,72.694395,8842cc6a91fffff,harassment,3,patrol,Gandhinagar (other),closed,synthetic,1.0
07a67dff-3cf0-5d4b-8891-d5d834742bf3,GNR/2026/01616,2026-08-31T13:53:00,23.225084,72.640604,8842cc6157fffff,theft,2,walk_in,Sector 16 Commercial,under_investigation,synthetic,1.0
6a87587f-d1db-50f7-b0c9-7b38e700ef8a,GNR/2026/01617,2026-08-31T16:32:00,23.195953,72.617161,8842cc6167fffff,theft,2,walk_in,Infocity,closed,synthetic,1.0
14c9a1fc-3a16-5d5b-9880-a43c09df8291,GNR/2026/01618,2026-08-31T16:50:00,23.169913,72.629993,8842cc6a11fffff,burglary,3,walk_in,Sargasan Crossroads,under_investigation,synthetic,1.0
04ffab49-9195-5072-8e68-f0350290fc79,GNR/2026/01619,2026-08-31T18:41:00,23.246467,72.650051,8842cc6029fffff,chain_snatching,3,online,Akshardham (Sector 20),chargesheeted,synthetic,1.0
e83ad72a-a076-5922-be66-14c6ad656201,GNR/2026/01620,2026-08-31T22:50:00,23.169386,72.690686,8842cc6a95fffff,vehicle_theft,3,walk_in,GIFT City,closed,synthetic,1.0
79eeb8a0-16dd-5823-8d1b-20cd76b9505a,GNR/2026/01621,2026-08-31T23:53:00,23.22434,72.647776,8842cc6119fffff,theft,2,walk_in,Sector 21 Market,under_investigation,synthetic,1.0
f3111701-60e7-5b83-be21-d11bde5069c8,GNR/2026/01622,2026-09-01T04:06:00,23.18372,72.627215,8842cc6125fffff,burglary,3,patrol,Infocity,chargesheeted,synthetic,1.0
691e1c5f-20ef-5d4d-b2d7-46193fc1d8d6,GNR/2026/01623,2026-09-01T04:46:00,23.217621,72.637241,8842cc610bfffff,pickpocketing,1,online,Sector 7 Secretariat,closed,synthetic,1.0
d5e60677-4d3d-5f5b-a5b3-8410919b58a9,GNR/2026/01624,2026-09-01T12:41:00,23.20693,72.648005,8842cc6139fffff,burglary,3,walk_in,Sector 21 Market,under_investigation,synthetic,1.0
5dcf9f9e-e034-5d57-a9e9-6c385336e8f1,GNR/2026/01625,2026-09-01T13:21:00,23.168608,72.679987,8842cc6a83fffff,theft,2,online,GIFT City,chargesheeted,synthetic,1.0
97f445a3-79c1-5f3b-ad33-709090dde194,GNR/2026/01626,2026-09-01T20:24:00,23.214845,72.628258,8842cc6109fffff,mobile_snatching,2,helpline,Sector 7 Secretariat,chargesheeted,synthetic,1.0
18107f0b-aaa6-5f1d-830d-99521e293611,GNR/2026/01627,2026-09-01T23:40:00,23.162927,72.677899,8842cc6a87fffff,harassment,3,online,GIFT City,chargesheeted,synthetic,1.0
f45a5554-f2cc-5d3d-a350-6ddcfc499f8a,GNR/2026/01628,2026-09-02T00:00:00,23.188261,72.631095,8842cc6121fffff,chain_snatching,3,helpline,Infocity,under_investigation,synthetic,1.0
e27d5891-202b-592d-9602-0a40cd9bb270,GNR/2026/01629,2026-09-02T04:56:00,23.233408,72.651765,8842cc6025fffff,pickpocketing,1,helpline,Akshardham (Sector 20),under_investigation,synthetic,1.0
651ad5f9-54f7-527d-b19e-690f9ee99cdb,GNR/2026/01630,2026-09-02T05:52:00,23.230493,72.644971,8842cc6153fffff,robbery,4,online,Sector 16 Commercial,chargesheeted,synthetic,1.0
7992a02d-5904-5d09-ac8c-40addab62870,GNR/2026/01631,2026-09-02T08:28:00,23.195734,72.62521,8842cc6129fffff,mobile_snatching,2,patrol,Infocity,chargesheeted,synthetic,1.0
fd60c3f5-f69e-5ac3-bdf5-86ff7708cc5f,GNR/2026/01632,2026-09-02T12:30:00,23.16042,72.684536,8842cc6ab9fffff,theft,2,walk_in,GIFT City,under_investigation,synthetic,1.0
09cf5e99-5a6b-5fee-a21a-21b02abb2428,GNR/2026/01633,2026-09-02T16:19:00,23.203286,72.639749,8842cc6107fffff,burglary,3,online,Sector 7 Secretariat,chargesheeted,synthetic,1.0
91ca79bd-c9b9-5e77-8a7a-218a0dfa4dc4,GNR/2026/01634,2026-09-02T18:36:00,23.233575,72.654185,8842cc6025fffff,theft,2,helpline,Akshardham (Sector 20),under_investigation,synthetic,1.0
ff5d3e6e-8945-5a76-89c8-46a44bbe98bf,GNR/2026/01635,2026-09-02T18:54:00,23.189898,72.639139,8842cc6123fffff,mobile_snatching,2,walk_in,Kudasan,chargesheeted,synthetic,1.0
942a4007-2617-559f-b44a-5fa7ce6cb176,GNR/2026/01636,2026-09-02T19:37:00,23.218369,72.64688,8842cc611dfffff,mobile_snatching,2,patrol,Sector 21 Market,chargesheeted,synthetic,1.0
454f8df1-6b0e-5ea7-9fa6-2cd526b07424,GNR/2026/01637,2026-09-02T21:08:00,23.223569,72.639286,8842cc6157fffff,chain_snatching,3,helpline,Sector 16 Commercial,chargesheeted,synthetic,1.0
091c8c59-d930-5696-9126-498b95878a5e,GNR/2026/01638,2026-09-02T21:26:00,23.227069,72.655835,8842cc611bfffff,mobile_snatching,2,walk_in,Sector 21 Market,under_investigation,synthetic,1.0
4f4d16c9-a1e9-5fba-985d-09d1ff07b123,GNR/2026/01639,2026-09-02T22:12:00,23.175372,72.621494,8842cc6a19fffff,harassment,3,patrol,Sargasan Crossroads,under_investigation,synthetic,1.0
12a1e117-fa73-5a77-84e1-fb6f98ee81c5,GNR/2026/01640,2026-09-02T23:27:00,23.211543,72.634524,8842cc6101fffff,robbery,4,patrol,Sector 7 Secretariat,under_investigation,synthetic,1.0
2e60fd3a-98e5-5f80-b07c-50f6b67f3832,GNR/2026/01641,2026-09-03T01:39:00,23.167574,72.670334,8842cc6a81fffff,harassment,3,patrol,GIFT City,under_investigation,synthetic,1.0
48641dd8-cd52-5e3d-ad9e-c7442d91e659,GNR/2026/01642,2026-09-03T07:51:00,23.239516,72.657134,8842cc6021fffff,chain_snatching,3,helpline,Akshardham (Sector 20),under_investigation,synthetic,1.0
d2408639-ad1b-56ef-9e71-401e0eb7d345,GNR/2026/01643,2026-09-03T09:25:00,23.216452,72.637461,8842cc610bfffff,vandalism,2,patrol,Sector 7 Secretariat,chargesheeted,synthetic,1.0
0876f022-8ef4-5181-a0cd-d9366ffe6c16,GNR/2026/01644,2026-09-03T11:02:00,23.163096,72.684795,8842cc6ab9fffff,burglary,3,patrol,GIFT City,closed,synthetic,1.0
b32253ec-33e3-517d-a366-9472af83807e,GNR/2026/01645,2026-09-03T11:32:00,23.239804,72.656631,8842cc6021fffff,theft,2,walk_in,Akshardham (Sector 20),chargesheeted,synthetic,1.0
5e236540-402a-564c-b3ed-5fa3cf27db7d,GNR/2026/01646,2026-09-03T13:00:00,23.209588,72.624915,8842cc610dfffff,mobile_snatching,2,walk_in,Sector 7 Secretariat,under_investigation,synthetic,1.0
047d2c07-f38c-5d24-9f9a-330803a2a71b,GNR/2026/01647,2026-09-03T14:23:00,23.173296,72.673235,8842cc6a8bfffff,theft,2,online,GIFT City,closed,synthetic,1.0
0bfca5ee-ff94-5d57-bfe6-51d84152d754,GNR/2026/01648,2026-09-03T15:09:00,23.224953,72.630561,8842cc6155fffff,burglary,3,walk_in,Sector 16 Commercial,under_investigation,synthetic,1.0
fa9262b8-9c7c-5672-be1d-30e4c039da1f,GNR/2026/01649,2026-09-03T16:05:00,23.237581,72.656171,8842cc6021fffff,chain_snatching,3,patrol,Akshardham (Sector 20),closed,synthetic,1.0
4a4d4917-0e68-519a-a6c9-38343b4ab4b4,GNR/2026/01650,2026-09-03T16:15:00,23.229101,72.659721,8842cc611bfffff,theft,2,helpline,Akshardham (Sector 20),chargesheeted,synthetic,1.0
baa35ab7-887c-5b03-9884-ece19735d481,GNR/2026/01651,2026-09-03T18:52:00,23.169617,72.631779,8842cc6a11fffff,pickpocketing,1,online,Sargasan Crossroads,under_investigation,synthetic,1.0
36351076-3187-530f-8ef4-0dce015153a3,GNR/2026/01652,2026-09-03T19:00:00,23.191261,72.648526,8842cc6135fffff,pickpocketing,1,patrol,Kudasan,under_investigation,synthetic,1.0
6b52a1ef-c28c-5829-819a-04b950f25405,GNR/2026/01653,2026-09-03T20:52:00,23.198471,72.644839,8842cc613dfffff,pickpocketing,1,walk_in,Kudasan,chargesheeted,synthetic,1.0
14bbd997-33db-589a-846e-3bf0ec3bd14b,GNR/2026/01654,2026-09-03T22:18:00,23.227637,72.658622,8842cc611bfffff,theft,2,patrol,Akshardham (Sector 20),under_investigation,synthetic,1.0
95f2480a-fea3-5c30-a8cd-e369c657af06,GNR/2026/01655,2026-09-03T22:26:00,23.218374,72.654322,8842cc6111fffff,mobile_snatching,2,walk_in,Sector 21 Market,closed,synthetic,1.0
852bcd5e-d871-5ada-bdd7-6b332e1a4d86,GNR/2026/01656,2026-09-04T00:26:00,23.216375,72.637134,8842cc610bfffff,theft,2,walk_in,Sector 7 Secretariat,chargesheeted,synthetic,1.0
5003329c-a13d-55dd-8fb8-4fbbc15f370b,GNR/2026/01657,2026-09-04T01:07:00,23.170415,72.69121,8842cc6a95fffff,vandalism,2,online,GIFT City,under_investigation,synthetic,1.0
b3a1cf5d-87ab-58cf-8378-f7fe74d0ed96,GNR/2026/01658,2026-09-04T01:28:00,23.225807,72.657681,8842cc611bfffff,chain_snatching,3,patrol,Sector 21 Market,chargesheeted,synthetic,1.0
e9ab1d6b-768a-563b-ac54-8214a55b03b3,GNR/2026/01659,2026-09-04T02:11:00,23.201768,72.620463,8842cc6163fffff,vandalism,2,helpline,Gandhinagar (other),under_investigation,synthetic,1.0
e7ba42ac-97fd-53f4-add6-28e3d70c1bcf,GNR/2026/01660,2026-09-04T05:20:00,23.196466,72.654537,8842cc6131fffff,assault,4,patrol,Gandhinagar (other),under_investigation,synthetic,1.0
df58a6d4-f14b-50c0-983d-429d37646c72,GNR/2026/01661,2026-09-04T06:17:00,23.218758,72.645316,8842cc611dfffff,theft,2,helpline,Sector 21 Market,closed,synthetic,1.0
7c36a040-2b4e-546f-8210-6bc955307964,GNR/2026/01662,2026-09-04T10:36:00,23.167649,72.681562,8842cc6a83fffff,burglary,3,patrol,GIFT City,under_investigation,synthetic,1.0
ab956eb1-f6fa-52a9-abfc-2858aa3f55a5,GNR/2026/01663,2026-09-04T13:06:00,23.244762,72.649499,8842cc6029fffff,pickpocketing,1,helpline,Akshardham (Sector 20),under_investigation,synthetic,1.0
55d76ff4-f963-53e2-9906-b9262bd6333b,GNR/2026/01664,2026-09-04T13:50:00,23.182032,72.619505,8842cc6a53fffff,burglary,3,online,Infocity,under_investigation,synthetic,1.0
c1d519b4-9cc9-5a21-aa1e-99a2464e74a6,GNR/2026/01665,2026-09-04T14:07:00,23.211025,72.651978,8842cc6115fffff,burglary,3,patrol,Sector 21 Market,closed,synthetic,1.0
20701545-51da-5958-8768-592ad721da96,GNR/2026/01666,2026-09-04T14:09:00,23.243355,72.641777,8842cc6067fffff,burglary,3,helpline,Gandhinagar (other),under_investigation,synthetic,1.0
a2e73a0a-034c-5e9f-baa4-0699c10c2bd5,GNR/2026/01667,2026-09-04T15:19:00,23.169516,72.641081,8842cc6a13fffff,burglary,3,helpline,Sargasan Crossroads,under_investigation,synthetic,1.0
6e1a7004-53b8-56e4-9b0b-c30c8ee77df1,GNR/2026/01668,2026-09-04T16:36:00,23.225023,72.640377,8842cc6157fffff,pickpocketing,1,helpline,Sector 16 Commercial,chargesheeted,synthetic,1.0
31124595-064d-55be-887a-54df808b90f3,GNR/2026/01669,2026-09-04T22:21:00,23.224815,72.659952,8842cc611bfffff,theft,2,patrol,Sector 21 Market,closed,synthetic,1.0
282c6250-c4d2-58c5-a05f-774b2eeb34d3,GNR/2026/01670,2026-09-05T01:08:00,23.173762,72.625219,8842cc6a19fffff,pickpocketing,1,patrol,Sargasan Crossroads,chargesheeted,synthetic,1.0
411320be-16ff-5d40-9748-b968c0698f16,GNR/2026/01671,2026-09-05T01:29:00,23.227171,72.660538,8842cc611bfffff,harassment,3,online,Akshardham (Sector 20),chargesheeted,synthetic,1.0
d0c32c4b-4bb6-5607-a699-3bafcbf25938,GNR/2026/01672,2026-09-05T05:01:00,23.173443,72.675606,8842cc6a8bfffff,vehicle_theft,3,walk_in,GIFT City,closed,synthetic,1.0
ac289d7f-8db0-5c4e-9a2d-59915d1c5d2d,GNR/2026/01673,2026-09-05T06:17:00,23.236742,72.638339,8842cc615bfffff,vehicle_theft,3,patrol,Sector 16 Commercial,chargesheeted,synthetic,1.0
97b2de83-129c-5271-9b93-ca15f758d17d,GNR/2026/01674,2026-09-05T06:24:00,23.222485,72.64044,8842cc6157fffff,mobile_snatching,2,helpline,Sector 16 Commercial,closed,synthetic,1.0
54a3e62a-1e8a-549b-b919-252192a7034c,GNR/2026/01675,2026-09-05T09:22:00,23.223796,72.630794,8842cc6155fffff,chain_snatching,3,helpline,Sector 16 Commercial,under_investigation,synthetic,1.0
9a16c469-6439-5257-9f2c-821d94a7fff7,GNR/2026/01676,2026-09-05T13:29:00,23.216306,72.627478,8842cc6109fffff,theft,2,helpline,Sector 7 Secretariat,under_investigation,synthetic,1.0
3ae89300-1e30-5cc3-9960-877eeac42f17,GNR/2026/01677,2026-09-05T15:35:00,23.183116,72.628518,8842cc6125fffff,burglary,3,helpline,Infocity,under_investigation,synthetic,1.0
0a4655fc-a404-5d7c-9703-85b7c426878c,GNR/2026/01678,2026-09-05T17:42:00,23.223175,72.640176,8842cc6157fffff,chain_snatching,3,walk_in,Sector 16 Commercial,chargesheeted,synthetic,1.0
889c5ffd-c7e7-51db-b442-79f0ff9c2d94,GNR/2026/01679,2026-09-05T18:26:00,23.167919,72.619535,8842cc6a1dfffff,pickpocketing,1,helpline,Sargasan Crossroads,chargesheeted,synthetic,1.0
a89e4480-410c-52e1-95c1-88978a19414e,GNR/2026/01680,2026-09-06T09:42:00,23.248095,72.65222,8842cc6029fffff,vandalism,2,patrol,Akshardham (Sector 20),registered,synthetic,1.0
c566769e-2e75-5069-bd7d-48e66eb4f537,GNR/2026/01681,2026-09-06T14:49:00,23.223665,72.641109,8842cc6157fffff,pickpocketing,1,patrol,Sector 16 Commercial,under_investigation,synthetic,1.0
9e2dcc1c-e4e1-5d6f-aeef-916d90c4bd6f,GNR/2026/01682,2026-09-06T17:26:00,23.197673,72.642759,8842cc613dfffff,pickpocketing,1,online,Kudasan,under_investigation,synthetic,1.0
26a5d494-2c65-5552-8d97-bfb610234307,GNR/2026/01683,2026-09-06T18:12:00,23.161734,72.678569,8842cc6a87fffff,mobile_snatching,2,helpline,GIFT City,under_investigation,synthetic,1.0
0d0a9a4c-9e87-56a4-bbeb-2db5294c972b,GNR/2026/01684,2026-09-06T19:02:00,23.224361,72.657538,8842cc611bfffff,pickpocketing,1,helpline,Sector 21 Market,under_investigation,synthetic,1.0
bf8727b8-bcbc-55ea-aeed-811b01a0a096,GNR/2026/01685,2026-09-06T19:57:00,23.220401,72.644654,8842cc611dfffff,mobile_snatching,2,patrol,Sector 21 Market,under_investigation,synthetic,1.0
f2116ed2-dd58-5974-a01e-dd58a5d09dcb,GNR/2026/01686,2026-09-06T20:08:00,23.23939,72.655018,8842cc6021fffff,chain_snatching,3,patrol,Akshardham (Sector 20),under_investigation,synthetic,1.0
875ebdd0-555c-5850-a99a-1cede244a615,GNR/2026/01687,2026-09-06T20:38:00,23.219624,72.654541,8842cc6111fffff,vandalism,2,walk_in,Sector 21 Market,under_investigation,synthetic,1.0
81cf730a-aa3e-5f6f-910f-04ab630ea6b3,GNR/2026/01688,2026-09-07T00:48:00,23.225523,72.649632,8842cc6119fffff,vehicle_theft,3,patrol,Sector 21 Market,under_investigation,synthetic,1.0
ca77359b-e951-5969-bb6a-0052f76f8ec3,GNR/2026/01689,2026-09-07T04:40:00,23.197132,72.637935,8842cc612bfffff,theft,2,patrol,Kudasan,under_investigation,synthetic,1.0
2c8d98c1-a850-5c44-b5db-e297e1d4c46a,GNR/2026/01690,2026-09-07T05:45:00,23.196364,72.626332,8842cc6129fffff,chain_snatching,3,helpline,Infocity,registered,synthetic,1.0
18cd1ba1-fc3f-5094-b8f3-b27e5d3d984e,GNR/2026/01691,2026-09-07T12:36:00,23.183007,72.626383,8842cc6125fffff,burglary,3,helpline,Infocity,registered,synthetic,1.0
a92a1882-a7bd-5280-a988-9c34b03f2143,GNR/2026/01692,2026-09-07T14:11:00,23.230909,72.640959,8842cc6153fffff,theft,2,helpline,Sector 16 Commercial,under_investigation,synthetic,1.0
b915c8f6-c2c5-50d0-8010-095fa8b78503,GNR/2026/01693,2026-09-07T14:18:00,23.230044,72.644557,8842cc6153fffff,theft,2,helpline,Sector 16 Commercial,under_investigation,synthetic,1.0
199dc976-a49b-5546-9c2c-f9434a3165c9,GNR/2026/01694,2026-09-07T14:19:00,23.241794,72.632893,8842cc6065fffff,pickpocketing,1,walk_in,Gandhinagar (other),under_investigation,synthetic,1.0
1894f5db-ae32-55b4-a1bb-0a9ebe1023e8,GNR/2026/01695,2026-09-07T15:04:00,23.234132,72.662153,8842cc6027fffff,pickpocketing,1,helpline,Akshardham (Sector 20),under_investigation,synthetic,1.0
3d66c87e-dee8-5b18-8d1b-8f4d7f5df20a,GNR/2026/01696,2026-09-07T16:32:00,23.189575,72.632654,8842cc6121fffff,chain_snatching,3,online,Infocity,under_investigation,synthetic,1.0
3da54ef7-4b37-5a24-b1be-486e1b73e129,GNR/2026/01697,2026-09-07T16:56:00,23.159694,72.675394,8842cc6a87fffff,vehicle_theft,3,patrol,GIFT City,under_investigation,synthetic,1.0
0675433e-a333-5495-8700-77907e57834e,GNR/2026/01698,2026-09-07T18:12:00,23.224618,72.639333,8842cc6157fffff,harassment,3,walk_in,Sector 16 Commercial,under_investigation,synthetic,1.0
83e9a546-6f4f-5526-bf40-5f56fb3f1988,GNR/2026/01699,2026-09-07T18:15:00,23.191937,72.649418,8842cc6135fffff,mobile_snatching,2,walk_in,Kudasan,under_investigation,synthetic,1.0
21549f63-6e3b-5e19-85b9-70dc1253a34c,GNR/2026/01700,2026-09-07T20:19:00,23.176353,72.633706,8842cc6a1bfffff,assault,4,online,Sargasan Crossroads,registered,synthetic,1.0
c9e6841e-1e6c-53db-a336-9263d2b75d6d,GNR/2026/01701,2026-09-07T21:06:00,23.161015,72.676984,8842cc6a87fffff,assault,4,online,GIFT City,under_investigation,synthetic,1.0
69f52a96-555b-5524-89c3-bb6e66c6f7db,GNR/2026/01702,2026-09-07T21:10:00,23.208569,72.632076,8842cc6101fffff,assault,4,patrol,Sector 7 Secretariat,under_investigation,synthetic,1.0
c9a153f3-8a19-598b-a38e-6277c45adee2,GNR/2026/01703,2026-09-07T23:09:00,23.154176,72.691999,8842cc6ab1fffff,theft,2,helpline,Gandhinagar (other),under_investigation,synthetic,1.0
0c2bdc1e-dc7b-5c04-b52a-748e63101125,GNR/2026/01704,2026-09-07T23:59:00,23.188676,72.629626,8842cc6121fffff,robbery,4,helpline,Infocity,under_investigation,synthetic,1.0
2855d69a-de65-570c-a303-caa3b99ce096,GNR/2026/01705,2026-09-08T00:47:00,23.191026,72.639588,8842cc6123fffff,theft,2,helpline,Kudasan,registered,synthetic,1.0
ad8d04cd-6f69-5fb2-8737-4d6880a7168f,GNR/2026/01706,2026-09-08T01:41:00,23.233589,72.662863,8842cc6027fffff,mobile_snatching,2,online,Akshardham (Sector 20),registered,synthetic,1.0
0e4f0402-ce21-55cf-b59f-df68aed8d5c7,GNR/2026/01707,2026-09-08T04:44:00,23.234291,72.644696,8842cc6153fffff,theft,2,patrol,Sector 16 Commercial,registered,synthetic,1.0
2baca5a0-322e-5fd1-9b38-3b5956e2ca4b,GNR/2026/01708,2026-09-08T13:00:00,23.190525,72.631351,8842cc6121fffff,theft,2,online,Infocity,under_investigation,synthetic,1.0
d75cc6b5-9219-52d1-8f66-f45c7a9f41fc,GNR/2026/01709,2026-09-08T13:14:00,23.239178,72.653982,8842cc6021fffff,pickpocketing,1,helpline,Akshardham (Sector 20),under_investigation,synthetic,1.0
e4c942c4-91c4-5cce-a3c2-f02d94155d2b,GNR/2026/01710,2026-09-08T14:11:00,23.211225,72.651044,8842cc6115fffff,theft,2,helpline,Sector 21 Market,registered,synthetic,1.0
7afdcb5b-20df-5ee5-8fd3-fd5c97dacf96,GNR/2026/01711,2026-09-08T15:07:00,23.167701,72.674201,8842cc6a81fffff,theft,2,helpline,GIFT City,under_investigation,synthetic,1.0
c70b7ff6-dea5-5957-aa8a-d73114d57265,GNR/2026/01712,2026-09-08T15:49:00,23.168075,72.689451,8842cc6a95fffff,pickpocketing,1,walk_in,GIFT City,registered,synthetic,1.0
d132933c-bb84-5621-8c37-668b439f8763,GNR/2026/01713,2026-09-08T16:42:00,23.218856,72.643287,8842cc611dfffff,vehicle_theft,3,patrol,Sector 21 Market,under_investigation,synthetic,1.0
ebf30177-a48e-5002-a8c3-65b3f5b648f2,GNR/2026/01714,2026-09-08T17:46:00,23.20883,72.622975,8842cc610dfffff,robbery,4,patrol,Sector 7 Secretariat,registered,synthetic,1.0
349af11e-be37-5ae8-a351-2fe1fc9549c7,GNR/2026/01715,2026-09-09T00:36:00,23.218457,72.656373,8842cc6111fffff,mobile_snatching,2,patrol,Sector 21 Market,under_investigation,synthetic,1.0
e42572c5-8c88-5e3a-b9d8-f03142b5b846,GNR/2026/01716,2026-09-09T02:08:00,23.154473,72.682736,8842cc6abdfffff,vandalism,2,online,GIFT City,registered,synthetic,1.0
4404a69e-fe38-5f0a-9778-3e6cbb065407,GNR/2026/01717,2026-09-09T02:10:00,23.215178,72.637093,8842cc610bfffff,vehicle_theft,3,online,Sector 7 Secretariat,registered,synthetic,1.0
b9dd8459-e400-5440-9264-2dc318bd31f6,GNR/2026/01718,2026-09-09T04:02:00,23.170701,72.638816,8842cc6a13fffff,vehicle_theft,3,walk_in,Sargasan Crossroads,under_investigation,synthetic,1.0
ee038b77-bdc3-5b40-8acf-83cda74ff026,GNR/2026/01719,2026-09-09T10:24:00,23.182868,72.63432,8842cc6127fffff,burglary,3,walk_in,Infocity,under_investigation,synthetic,1.0
bcc949c2-05a8-55cf-b67f-159623a10133,GNR/2026/01720,2026-09-09T10:30:00,23.194663,72.634399,8842cc612bfffff,mobile_snatching,2,helpline,Kudasan,registered,synthetic,1.0
3a291518-6dd1-54af-8f0f-b65e9dcf379d,GNR/2026/01721,2026-09-09T18:11:00,23.225447,72.64758,8842cc6119fffff,pickpocketing,1,walk_in,Sector 16 Commercial,under_investigation,synthetic,1.0
eaed0705-7206-526a-9aac-2e64e2131bb5,GNR/2026/01722,2026-09-09T18:38:00,23.176335,72.682105,8842cc6a9dfffff,theft,2,walk_in,GIFT City,registered,synthetic,1.0
8c28e37f-003e-554a-80b7-9f1eff45111f,GNR/2026/01723,2026-09-09T18:56:00,23.172449,72.615463,8842cc6a57fffff,theft,2,walk_in,Gandhinagar (other),under_investigation,synthetic,1.0
4d4da3ed-1295-516c-b10c-b3e670f44821,GNR/2026/01724,2026-09-09T20:11:00,23.169747,72.638629,8842cc6a13fffff,theft,2,walk_in,Sargasan Crossroads,under_investigation,synthetic,1.0
2e90fd86-e9aa-5f5e-b439-eca8a84c09d9,GNR/2026/01725,2026-09-09T20:18:00,23.190935,72.630793,8842cc6121fffff,theft,2,patrol,Infocity,registered,synthetic,1.0
f1ffc626-08c4-5e07-870c-c7e295386808,GNR/2026/01726,2026-09-09T22:05:00,23.182138,72.629677,8842cc6125fffff,chain_snatching,3,online,Infocity,registered,synthetic,1.0
43b16385-22f5-5d91-8341-5c142658e356,GNR/2026/01727,2026-09-09T22:49:00,23.236869,72.638157,8842cc615bfffff,pickpocketing,1,helpline,Sector 16 Commercial,under_investigation,synthetic,1.0
1a54d63c-0d47-5654-9705-5a163152439c,GNR/2026/01728,2026-09-09T23:01:00,23.226829,72.658012,8842cc611bfffff,vandalism,2,patrol,Sector 21 Market,under_investigation,synthetic,1.0
6a3ebcf6-f3c7-59d3-a5ea-4e03c1fbbc98,GNR/2026/01729,2026-09-09T23:51:00,23.161408,72.685176,8842cc6ab9fffff,theft,2,patrol,GIFT City,under_investigation,synthetic,1.0
c5c4d9ed-21af-54bc-ba48-aee8aa0e2207,GNR/2026/01730,2026-09-10T00:48:00,23.167327,72.682152,8842cc6a83fffff,vehicle_theft,3,patrol,GIFT City,registered,synthetic,1.0
17f4ad2a-1102-5eec-9767-86d19a7a3247,GNR/2026/01731,2026-09-10T01:06:00,23.194757,72.63506,8842cc612bfffff,vehicle_theft,3,helpline,Kudasan,registered,synthetic,1.0
9e3fd8c5-8cd0-5c85-8e51-20dae412efc7,GNR/2026/01732,2026-09-10T02:14:00,23.217075,72.636889,8842cc610bfffff,pickpocketing,1,helpline,Sector 7 Secretariat,registered,synthetic,1.0
f736f8f1-eaee-566f-b101-cf348b6328d7,GNR/2026/01733,2026-09-10T03:38:00,23.195222,72.627188,8842cc6129fffff,chain_snatching,3,patrol,Infocity,registered,synthetic,1.0
6524e091-0079-513c-b99e-f4bbb5b55c80,GNR/2026/01734,2026-09-10T11:51:00,23.230986,72.633043,8842cc6151fffff,theft,2,helpline,Sector 16 Commercial,registered,synthetic,1.0
1801dd91-8a51-5657-9b2e-709722f06025,GNR/2026/01735,2026-09-10T12:24:00,23.218669,72.646929,8842cc611dfffff,burglary,3,helpline,Sector 21 Market,under_investigation,synthetic,1.0
90411ea7-1574-51f1-b353-c80ab50a82c7,GNR/2026/01736,2026-09-10T12:54:00,23.159516,72.667168,8842cc6a85fffff,assault,4,helpline,Gandhinagar (other),under_investigation,synthetic,1.0
bc62e592-744f-51e6-b4a2-d11895fac892,GNR/2026/01737,2026-09-10T13:28:00,23.218383,72.646164,8842cc611dfffff,theft,2,helpline,Sector 21 Market,under_investigation,synthetic,1.0
ff288e12-005c-54db-b834-8136f25d498f,GNR/2026/01738,2026-09-10T14:59:00,23.154548,72.683093,8842cc6abdfffff,pickpocketing,1,helpline,GIFT City,under_investigation,synthetic,1.0
41140b51-b7be-551f-9a28-d6f1abd73895,GNR/2026/01739,2026-09-10T17:15:00,23.183745,72.636314,8842cc6127fffff,mobile_snatching,2,patrol,Infocity,registered,synthetic,1.0
8168b778-bda4-50b1-9724-ee6dc8cf8d0a,GNR/2026/01740,2026-09-10T18:41:00,23.217283,72.645088,8842cc611dfffff,pickpocketing,1,patrol,Sector 21 Market,under_investigation,synthetic,1.0
0264e6ae-2781-5b88-b3e1-186c02376879,GNR/2026/01741,2026-09-10T19:26:00,23.173294,72.624036,8842cc6a19fffff,burglary,3,patrol,Sargasan Crossroads,under_investigation,synthetic,1.0
d60b5bf8-012e-5bcd-89f5-bd87bebc9f53,GNR/2026/01742,2026-09-10T20:07:00,23.182927,72.637879,8842cc6127fffff,mobile_snatching,2,patrol,Kudasan,registered,synthetic,1.0
17164136-6071-513d-96ca-e996785a400b,GNR/2026/01743,2026-09-10T21:41:00,23.172188,72.67584,8842cc6a8bfffff,theft,2,online,GIFT City,registered,synthetic,1.0
82398175-556a-51ee-833b-df79730f9c20,GNR/2026/01744,2026-09-10T22:03:00,23.18932,72.632943,8842cc6121fffff,harassment,3,helpline,Infocity,under_investigation,synthetic,1.0
d963b837-700a-5ac0-8545-4ce467aa568d,GNR/2026/01745,2026-09-10T23:09:00,23.212293,72.651543,8842cc6115fffff,theft,2,helpline,Sector 21 Market,under_investigation,synthetic,1.0
0254eb5f-d9f9-5a83-b508-eefe9ccd6232,GNR/2026/01746,2026-09-11T03:11:00,23.217278,72.646275,8842cc611dfffff,vehicle_theft,3,patrol,Sector 21 Market,under_investigation,synthetic,1.0
791f605e-e382-5e20-8ddf-75a1921ea1c2,GNR/2026/01747,2026-09-11T07:28:00,23.21583,72.636529,8842cc610bfffff,theft,2,helpline,Sector 7 Secretariat,under_investigation,synthetic,1.0
792b7927-edab-5adc-b4d1-291ab59593d7,GNR/2026/01748,2026-09-11T08:38:00,23.160988,72.676174,8842cc6a87fffff,vehicle_theft,3,walk_in,GIFT City,under_investigation,synthetic,1.0
ff06aabb-6133-5f19-b1b6-2e490e1634f8,GNR/2026/01749,2026-09-11T10:57:00,23.190792,72.621323,8842cc612dfffff,theft,2,patrol,Infocity,under_investigation,synthetic,1.0
4c6a7e7d-0fa3-59bd-a72d-8a1472fed17e,GNR/2026/01750,2026-09-11T14:25:00,23.232706,72.652226,8842cc6025fffff,theft,2,patrol,Akshardham (Sector 20),registered,synthetic,1.0
1bf53273-aa76-5217-82f6-1b9eee18052f,GNR/2026/01751,2026-09-11T15:23:00,23.162571,72.684985,8842cc6ab9fffff,theft,2,walk_in,GIFT City,registered,synthetic,1.0
fb6557bb-8bad-592c-afe5-789f40ab3ae5,GNR/2026/01752,2026-09-11T16:17:00,23.16833,72.630674,8842cc6a11fffff,pickpocketing,1,patrol,Sargasan Crossroads,under_investigation,synthetic,1.0
20eb19dd-1d90-5887-ac78-9add02b7e3f8,GNR/2026/01753,2026-09-11T16:45:00,23.184212,72.636474,8842cc6127fffff,chain_snatching,3,helpline,Kudasan,under_investigation,synthetic,1.0
eb492b0c-1ffe-5c63-9404-bc4faf05786d,GNR/2026/01754,2026-09-11T17:56:00,23.186226,72.621338,8842cc612dfffff,chain_snatching,3,helpline,Infocity,registered,synthetic,1.0
cbfe6aff-6e22-5fc9-91af-c86b9a0823dd,GNR/2026/01755,2026-09-11T18:17:00,23.238276,72.639895,8842cc615bfffff,pickpocketing,1,helpline,Sector 16 Commercial,under_investigation,synthetic,1.0
26127dd1-88db-5887-8033-75d9ac389c0c,GNR/2026/01756,2026-09-11T19:10:00,23.21782,72.637782,8842cc610bfffff,robbery,4,online,Sector 7 Secretariat,under_investigation,synthetic,1.0
1dd5f70b-1c82-574c-b072-55c8be6602a0,GNR/2026/01757,2026-09-11T19:34:00,23.24646,72.667883,8842cc603dfffff,robbery,4,helpline,Akshardham (Sector 20),under_investigation,synthetic,1.0
b20d1ecd-34cf-58e7-a54c-2c9e7656e5f5,GNR/2026/01758,2026-09-11T20:09:00,23.246137,72.651285,8842cc6029fffff,burglary,3,online,Akshardham (Sector 20),under_investigation,synthetic,1.0
877fcc6e-e0a6-553a-93de-453071eb9513,GNR/2026/01759,2026-09-11T22:17:00,23.213014,72.658397,8842cc6117fffff,mobile_snatching,2,helpline,Sector 21 Market,under_investigation,synthetic,1.0
093c8368-920b-5e1e-876c-ca55ef3dac1d,GNR/2026/01760,2026-09-12T00:51:00,23.219673,72.663802,8842cc6113fffff,vandalism,2,patrol,Sector 21 Market,under_investigation,synthetic,1.0
cc9cef59-a4c3-5a6a-95a1-58cd56beb5e8,GNR/2026/01761,2026-09-12T01:38:00,23.189288,72.631153,8842cc6121fffff,vehicle_theft,3,walk_in,Infocity,under_investigation,synthetic,1.0
eeb0d9dc-e182-5b2b-8970-868a397adfd2,GNR/2026/01762,2026-09-12T06:58:00,23.217527,72.645567,8842cc611dfffff,theft,2,walk_in,Sector 21 Market,under_investigation,synthetic,1.0
aa4bd553-9205-504b-a5a3-aa892f90a306,GNR/2026/01763,2026-09-12T07:48:00,23.217982,72.637179,8842cc610bfffff,vandalism,2,walk_in,Sector 7 Secretariat,under_investigation,synthetic,1.0
bd9f3df4-e298-5997-85cf-b61a1a740537,GNR/2026/01764,2026-09-12T08:28:00,23.232236,72.634937,8842cc6151fffff,pickpocketing,1,helpline,Sector 16 Commercial,under_investigation,synthetic,1.0
a203dda6-5af1-5f36-8c98-2bf49eb92bca,GNR/2026/01765,2026-09-12T11:05:00,23.191205,72.632199,8842cc6121fffff,theft,2,helpline,Kudasan,registered,synthetic,1.0
ba698987-9476-536e-982a-008e52cca444,GNR/2026/01766,2026-09-12T11:46:00,23.224777,72.651675,8842cc6119fffff,theft,2,patrol,Sector 21 Market,registered,synthetic,1.0
ccd25bb1-7ead-5ed1-b046-26d95853b284,GNR/2026/01767,2026-09-12T12:45:00,23.19397,72.626446,8842cc6129fffff,pickpocketing,1,walk_in,Infocity,under_investigation,synthetic,1.0
2437be9e-c8d6-50df-87cb-ffaea856092b,GNR/2026/01768,2026-09-12T13:33:00,23.208586,72.634776,8842cc6101fffff,theft,2,helpline,Sector 7 Secretariat,under_investigation,synthetic,1.0
39749524-41fa-5674-975f-3c0f2b225f1a,GNR/2026/01769,2026-09-12T17:42:00,23.225172,72.648412,8842cc6119fffff,theft,2,helpline,Sector 21 Market,under_investigation,synthetic,1.0
bb46aa86-0d6d-512d-ac90-d92039340ad0,GNR/2026/01770,2026-09-12T17:59:00,23.210336,72.623445,8842cc610dfffff,chain_snatching,3,helpline,Sector 7 Secretariat,registered,synthetic,1.0
c67c5fe3-50b6-545e-9e8f-99eb97741f6a,GNR/2026/01771,2026-09-12T20:13:00,23.232876,72.645253,8842cc6153fffff,theft,2,helpline,Sector 16 Commercial,under_investigation,synthetic,1.0
ac752dc5-8766-57af-8c28-d043a7969448,GNR/2026/01772,2026-09-12T20:20:00,23.211581,72.641055,8842cc6103fffff,theft,2,helpline,Sector 7 Secretariat,under_investigation,synthetic,1.0
a6273ae8-9e2d-5ce3-bbec-ddbd60ae7045,GNR/2026/01773,2026-09-12T20:37:00,23.213691,72.659698,8842cc6117fffff,assault,4,online,Sector 21 Market,registered,synthetic,1.0
0000846a-1131-5361-9b3d-cf911ba8e594,GNR/2026/01774,2026-09-12T21:36:00,23.181589,72.629265,8842cc6125fffff,burglary,3,patrol,Infocity,under_investigation,synthetic,1.0
b2c3fc37-b379-5db0-9ab7-c2331e03724d,GNR/2026/01775,2026-09-12T22:30:00,23.184873,72.635667,8842cc6127fffff,chain_snatching,3,patrol,Infocity,under_investigation,synthetic,1.0
9a310a8a-6e0d-53b0-b76e-5450fa69cdef,GNR/2026/01776,2026-09-13T03:54:00,23.167206,72.681553,8842cc6a83fffff,mobile_snatching,2,online,GIFT City,registered,synthetic,1.0
f5994cc4-15dd-500b-a6fe-6f9ac65517f3,GNR/2026/01777,2026-09-13T10:06:00,23.166079,72.681869,8842cc6a83fffff,theft,2,patrol,GIFT City,under_investigation,synthetic,1.0
38a728d7-020d-5077-836d-33ac1a7b4127,GNR/2026/01778,2026-09-13T11:05:00,23.189022,72.632184,8842cc6121fffff,chain_snatching,3,patrol,Infocity,under_investigation,synthetic,1.0
5877337b-ab7f-55a4-b796-eb050129fe6d,GNR/2026/01779,2026-09-13T13:42:00,23.211441,72.651461,8842cc6115fffff,burglary,3,patrol,Sector 21 Market,under_investigation,synthetic,1.0
3c73f4a2-1c94-5518-85ab-aef67ec10a64,GNR/2026/01780,2026-09-13T16:46:00,23.170897,72.647943,8842cc6ac5fffff,burglary,3,walk_in,Gandhinagar (other),registered,synthetic,1.0
69473dca-063a-5fd5-98fc-7baca48bcd7b,GNR/2026/01781,2026-09-13T17:41:00,23.225556,72.64984,8842cc6119fffff,pickpocketing,1,online,Sector 21 Market,under_investigation,synthetic,1.0
28edc38c-a81d-5e85-ba46-66a9124e8094,GNR/2026/01782,2026-09-13T19:41:00,23.233139,72.634028,8842cc6151fffff,chain_snatching,3,walk_in,Sector 16 Commercial,under_investigation,synthetic,1.0
0c488757-2d10-5acc-b4ee-ca5e19182d0c,GNR/2026/01783,2026-09-13T21:12:00,23.233534,72.651841,8842cc6025fffff,pickpocketing,1,walk_in,Akshardham (Sector 20),under_investigation,synthetic,1.0
8ec483cd-0729-5256-95ad-460ac6cc5a53,GNR/2026/01784,2026-09-13T21:14:00,23.228962,72.625323,8842cc615dfffff,robbery,4,helpline,Gandhinagar (other),registered,synthetic,1.0
2b1e0963-4b07-522e-b120-b3c5c35f0f3f,GNR/2026/01785,2026-09-13T21:48:00,23.183985,72.645453,8842cc6ac9fffff,harassment,3,online,Kudasan,registered,synthetic,1.0
d8f7a3eb-f4f4-55b5-a303-12ab41eda87e,GNR/2026/01786,2026-09-13T21:59:00,23.240317,72.664629,8842cc6023fffff,mobile_snatching,2,online,Akshardham (Sector 20),under_investigation,synthetic,1.0
c33379cc-116c-5164-a964-3a7b62717d04,GNR/2026/01787,2026-09-14T02:40:00,23.218541,72.645693,8842cc611dfffff,pickpocketing,1,helpline,Sector 21 Market,registered,synthetic,1.0
8405486f-159c-5c97-b7ed-b20569c86758,GNR/2026/01788,2026-09-14T04:44:00,23.212221,72.650974,8842cc6115fffff,theft,2,online,Sector 21 Market,under_investigation,synthetic,1.0
328c4243-21cd-51aa-a291-ad0e79bc3c98,GNR/2026/01789,2026-09-14T06:33:00,23.203103,72.647613,8842cc6139fffff,vehicle_theft,3,helpline,Gandhinagar (other),registered,synthetic,1.0
cdaaf79d-2b20-5e2c-a261-0f8021571fd8,GNR/2026/01790,2026-09-14T10:25:00,23.148876,72.687995,8842cc6ab5fffff,robbery,4,patrol,Gandhinagar (other),under_investigation,synthetic,1.0
9debc06e-fdd3-58ea-9cf2-883b9d9f1170,GNR/2026/01791,2026-09-14T11:28:00,23.216684,72.645457,8842cc611dfffff,pickpocketing,1,patrol,Sector 21 Market,registered,synthetic,1.0
f1202ee3-99c6-5363-9b47-bc6c82e5842a,GNR/2026/01792,2026-09-14T11:39:00,23.202917,72.619841,8842cc6163fffff,theft,2,walk_in,Gandhinagar (other),under_investigation,synthetic,1.0
53099812-9e7b-5a1e-afb4-9f8a1b610c5a,GNR/2026/01793,2026-09-14T13:53:00,23.177034,72.623038,8842cc6a19fffff,pickpocketing,1,helpline,Sargasan Crossroads,registered,synthetic,1.0
2f36160f-7b81-5e4a-a758-3d21e9257f65,GNR/2026/01794,2026-09-14T14:47:00,23.147891,72.679357,8842cc6aa3fffff,theft,2,helpline,Gandhinagar (other),under_investigation,synthetic,1.0
5c7d5364-1a50-5762-955f-a7d8a59ad025,GNR/2026/01795,2026-09-14T15:09:00,23.233133,72.652237,8842cc6025fffff,mobile_snatching,2,patrol,Akshardham (Sector 20),registered,synthetic,1.0
0fd0c5ba-3705-5f5f-8a03-0455f0a04de0,GNR/2026/01796,2026-09-14T16:48:00,23.184559,72.627265,8842cc6125fffff,pickpocketing,1,online,Infocity,registered,synthetic,1.0
17b2e859-7905-5f49-abef-2ac8f82bc247,GNR/2026/01797,2026-09-14T18:30:00,23.175531,72.63509,8842cc6a1bfffff,pickpocketing,1,helpline,Sargasan Crossroads,registered,synthetic,1.0
b02e658b-4b0a-5182-bce8-a3f39bb52f32,GNR/2026/01798,2026-09-14T19:18:00,23.255804,72.663011,8842cc6007fffff,harassment,3,online,Gandhinagar (other),under_investigation,synthetic,1.0
f9e1e2db-49e9-5079-9232-a163d2d410e4,GNR/2026/01799,2026-09-14T19:57:00,23.225228,72.631436,8842cc6155fffff,mobile_snatching,2,online,Sector 16 Commercial,under_investigation,synthetic,1.0
690c76c9-1e5b-55eb-8bfe-69a678cecd10,GNR/2026/01800,2026-09-14T19:58:00,23.147401,72.679863,8842cc6aa3fffff,pickpocketing,1,online,Gandhinagar (other),registered,synthetic,1.0
d0cecb51-1634-56f1-9e98-40c5c95d23f8,GNR/2026/01801,2026-09-14T20:06:00,23.161352,72.68658,8842cc6ab9fffff,theft,2,online,GIFT City,under_investigation,synthetic,1.0
8e659e7b-4108-5bff-9f5f-2dc2777976cc,GNR/2026/01802,2026-09-14T21:23:00,23.22716,72.658906,8842cc611bfffff,vehicle_theft,3,walk_in,Sector 21 Market,under_investigation,synthetic,1.0
4ce82b2f-6805-5edc-9886-2382926ca502,GNR/2026/01803,2026-09-14T22:27:00,23.215735,72.637301,8842cc610bfffff,harassment,3,helpline,Sector 7 Secretariat,registered,synthetic,1.0
2c1b1006-a936-556e-839e-01f72ed8d48a,GNR/2026/01804,2026-09-14T23:31:00,23.188872,72.631076,8842cc6121fffff,pickpocketing,1,helpline,Infocity,registered,synthetic,1.0
9563939b-4fce-547d-b4bd-e6094a1aeb79,GNR/2026/01805,2026-09-15T01:49:00,23.218229,72.655679,8842cc6111fffff,robbery,4,walk_in,Sector 21 Market,registered,synthetic,1.0
541fa3ad-be4c-522b-bdaf-91573ae10886,GNR/2026/01806,2026-09-15T02:04:00,23.235218,72.663523,8842cc6027fffff,assault,4,online,Akshardham (Sector 20),registered,synthetic,1.0
974133de-e6cf-532a-b653-07f751186041,GNR/2026/01807,2026-09-15T02:08:00,23.195708,72.63351,8842cc612bfffff,mobile_snatching,2,online,Kudasan,registered,synthetic,1.0
222e020d-342a-572c-8103-9e5ece7b4369,GNR/2026/01808,2026-09-15T02:49:00,23.203419,72.630088,8842cc6105fffff,harassment,3,patrol,Sector 7 Secretariat,under_investigation,synthetic,1.0
2505d727-c540-5a0e-a7e0-13e72fefce2e,GNR/2026/01809,2026-09-15T07:04:00,23.16613,72.69784,8842cc6abbfffff,burglary,3,patrol,Gandhinagar (other),registered,synthetic,1.0
a9a68a12-9269-56b9-b7a9-fb1b940f083a,GNR/2026/01810,2026-09-15T07:55:00,23.181565,72.678845,8842cc6ad7fffff,theft,2,patrol,Gandhinagar (other),registered,synthetic,1.0
16dec56e-d287-54d1-8325-f4dfd4e707ec,GNR/2026/01811,2026-09-15T10:35:00,23.224518,72.630396,8842cc6155fffff,theft,2,walk_in,Sector 16 Commercial,under_investigation,synthetic,1.0
7b3d8a91-a698-53c0-a3db-6cd541750201,GNR/2026/01812,2026-09-15T11:51:00,23.222527,72.642292,8842cc6157fffff,robbery,4,online,Sector 16 Commercial,registered,synthetic,1.0
b9eccaef-9adb-5902-8673-df37d4897596,GNR/2026/01813,2026-09-15T12:44:00,23.21993,72.655628,8842cc6111fffff,theft,2,online,Sector 21 Market,under_investigation,synthetic,1.0
babd191f-273b-550e-a91d-7b4c0ae93659,GNR/2026/01814,2026-09-15T13:29:00,23.224598,72.641264,8842cc6157fffff,pickpocketing,1,helpline,Sector 16 Commercial,under_investigation,synthetic,1.0
89e423a2-6511-5dda-906e-a480abcc70d6,GNR/2026/01815,2026-09-15T14:56:00,23.215668,72.618209,8842cc6147fffff,theft,2,helpline,Sector 7 Secretariat,under_investigation,synthetic,1.0
7ceef8c3-5096-57b0-8761-bb243215e6f0,GNR/2026/01816,2026-09-15T15:14:00,23.183916,72.63604,8842cc6127fffff,pickpocketing,1,walk_in,Infocity,registered,synthetic,1.0
0a322501-a282-5aad-80cd-976364c3ac22,GNR/2026/01817,2026-09-15T15:32:00,23.231751,72.642556,8842cc6153fffff,theft,2,walk_in,Sector 16 Commercial,under_investigation,synthetic,1.0
e54799eb-8371-51e9-abef-59ca2a1a75f7,GNR/2026/01818,2026-09-15T19:54:00,23.22201,72.654683,8842cc6111fffff,mobile_snatching,2,helpline,Sector 21 Market,under_investigation,synthetic,1.0
5a49fea3-e5ac-571d-b918-f7d788826d21,GNR/2026/01819,2026-09-15T19:57:00,23.240143,72.647727,8842cc602dfffff,theft,2,online,Akshardham (Sector 20),under_investigation,synthetic,1.0
12111850-8fa7-5307-97d3-7b97e01c5a68,GNR/2026/01820,2026-09-15T23:22:00,23.22441,72.647672,8842cc6119fffff,chain_snatching,3,helpline,Sector 21 Market,registered,synthetic,1.0
be9282ce-f2cf-5f83-ac40-73fcec661630,GNR/2026/01821,2026-09-16T01:54:00,23.219326,72.622705,8842cc6143fffff,theft,2,patrol,Sector 7 Secretariat,under_investigation,synthetic,1.0
95b28de4-e77b-55bb-b26c-e248acc3605e,GNR/2026/01822,2026-09-16T05:31:00,23.217177,72.636684,8842cc610bfffff,vehicle_theft,3,helpline,Sector 7 Secretariat,under_investigation,synthetic,1.0
48cbbc9a-a99f-543c-9d33-da60afea523a,GNR/2026/01823,2026-09-16T05:41:00,23.246158,72.65051,8842cc6029fffff,pickpocketing,1,walk_in,Akshardham (Sector 20),under_investigation,synthetic,1.0
af63a3cc-743f-5d8f-9219-e5158f000a7f,GNR/2026/01824,2026-09-16T08:43:00,23.246816,72.668505,8842cc603dfffff,theft,2,helpline,Akshardham (Sector 20),under_investigation,synthetic,1.0
6070f058-10ae-55d0-99d3-b2c49b02fef4,GNR/2026/01825,2026-09-16T11:51:00,23.21558,72.67043,8842cc61e9fffff,theft,2,walk_in,Gandhinagar (other),under_investigation,synthetic,1.0
fbfef3ab-7310-58d9-a71e-7e0492be17d8,GNR/2026/01826,2026-09-16T15:24:00,23.21758,72.644672,8842cc611dfffff,burglary,3,patrol,Sector 21 Market,registered,synthetic,1.0
e4b84d96-9997-5647-bae6-0554968edc43,GNR/2026/01827,2026-09-16T16:30:00,23.236838,72.637664,8842cc615bfffff,theft,2,walk_in,Sector 16 Commercial,under_investigation,synthetic,1.0
f6eb9963-f1fa-537b-ac1c-5fbed1b8d487,GNR/2026/01828,2026-09-16T16:44:00,23.183945,72.637045,8842cc6127fffff,theft,2,patrol,Kudasan,under_investigation,synthetic,1.0
3a6f0fcc-ced0-51e5-958a-655b917a3b96,GNR/2026/01829,2026-09-16T19:04:00,23.170434,72.639305,8842cc6a13fffff,mobile_snatching,2,helpline,Sargasan Crossroads,registered,synthetic,1.0
8c959c17-bb96-526a-ac64-f22bb8ebb13b,GNR/2026/01830,2026-09-16T19:30:00,23.183227,72.627231,8842cc6125fffff,theft,2,helpline,Infocity,under_investigation,synthetic,1.0
2a14bd5d-94ac-570c-b4ab-dd98a16db0cb,GNR/2026/01831,2026-09-16T19:46:00,23.183037,72.619137,8842cc6a53fffff,theft,2,patrol,Infocity,registered,synthetic,1.0
de6ed184-968b-5344-859e-db1a4cbc0297,GNR/2026/01832,2026-09-16T21:51:00,23.234132,72.66338,8842cc6027fffff,vehicle_theft,3,walk_in,Akshardham (Sector 20),under_investigation,synthetic,1.0
bc2d95a5-d73e-54c5-b6b2-15666c1473a9,GNR/2026/01833,2026-09-16T21:56:00,23.224162,72.64175,8842cc6157fffff,chain_snatching,3,walk_in,Sector 16 Commercial,under_investigation,synthetic,1.0
dcfdb0ea-d30a-5339-bf20-5b0360ef512c,GNR/2026/01834,2026-09-16T23:57:00,23.162516,72.634432,8842cc6a17fffff,assault,4,helpline,Sargasan Crossroads,under_investigation,synthetic,1.0
0baf6ae6-e1fb-52f5-8ac6-30c36554f6bc,GNR/2026/01835,2026-09-17T01:20:00,23.161757,72.686151,8842cc6ab9fffff,vehicle_theft,3,online,GIFT City,under_investigation,synthetic,1.0
925d4ee0-9489-5e99-be47-1dc8e3307240,GNR/2026/01836,2026-09-17T02:15:00,23.179849,72.61024,8842cc6a51fffff,vehicle_theft,3,helpline,Gandhinagar (other),under_investigation,synthetic,1.0
111d45a1-8979-595c-aaa7-57a2f95298f0,GNR/2026/01837,2026-09-17T03:29:00,23.225736,72.642697,8842cc6157fffff,chain_snatching,3,walk_in,Sector 16 Commercial,under_investigation,synthetic,1.0
5e9139f2-9be2-5761-baf3-18169dc5eb74,GNR/2026/01838,2026-09-17T03:29:00,23.181737,72.617079,8842cc6a53fffff,burglary,3,walk_in,Infocity,under_investigation,synthetic,1.0
1f2dc64c-9c90-5eb8-81d4-d14cfcb51f77,GNR/2026/01839,2026-09-17T04:02:00,23.22667,72.651346,8842cc6119fffff,vehicle_theft,3,patrol,Sector 21 Market,registered,synthetic,1.0
394589fe-18d1-5253-8491-95e2ab5e51ad,GNR/2026/01840,2026-09-17T04:13:00,23.245745,72.66146,8842cc602bfffff,burglary,3,helpline,Akshardham (Sector 20),under_investigation,synthetic,1.0
2636da10-f40f-5cfe-8483-b13fb86b1b5f,GNR/2026/01841,2026-09-17T11:47:00,23.211635,72.64365,8842cc6103fffff,burglary,3,patrol,Sector 21 Market,under_investigation,synthetic,1.0
4006eaac-57c3-5aaf-943a-34e8dc4aceaf,GNR/2026/01842,2026-09-17T12:15:00,23.211488,72.642394,8842cc6103fffff,theft,2,walk_in,Sector 7 Secretariat,registered,synthetic,1.0
3796b627-017b-520d-b65b-f0d73fc1d515,GNR/2026/01843,2026-09-17T13:28:00,23.181692,72.628689,8842cc6125fffff,pickpocketing,1,patrol,Infocity,under_investigation,synthetic,1.0
c48287bb-3db7-56ca-b45b-b7f32a6e6463,GNR/2026/01844,2026-09-17T14:16:00,23.21794,72.637095,8842cc610bfffff,burglary,3,walk_in,Sector 7 Secretariat,registered,synthetic,1.0
cacecdf8-f711-5f09-b9cb-b87abdb45f8c,GNR/2026/01845,2026-09-17T16:31:00,23.22326,72.628318,8842cc6155fffff,theft,2,walk_in,Sector 7 Secretariat,registered,synthetic,1.0
65916be3-1497-5fc6-b537-f16e5530baab,GNR/2026/01846,2026-09-17T19:30:00,23.161316,72.676456,8842cc6a87fffff,theft,2,online,GIFT City,registered,synthetic,1.0
b8eb7c0f-be32-5ec2-9a14-d729009f9033,GNR/2026/01847,2026-09-18T01:49:00,23.188764,72.631329,8842cc6121fffff,vehicle_theft,3,patrol,Infocity,under_investigation,synthetic,1.0
56f035e3-6994-52e5-b1d6-7e34b1d45525,GNR/2026/01848,2026-09-18T03:36:00,23.218437,72.657553,8842cc6111fffff,vehicle_theft,3,walk_in,Sector 21 Market,under_investigation,synthetic,1.0
c284d2ca-baae-5392-b7f7-d8b57b555042,GNR/2026/01849,2026-09-18T04:47:00,23.154939,72.682995,8842cc6abdfffff,vehicle_theft,3,helpline,GIFT City,registered,synthetic,1.0
6763bc2d-262a-5de4-b282-8c8dcdfbab00,GNR/2026/01850,2026-09-18T07:18:00,23.169332,72.698837,8842cc6a97fffff,vehicle_theft,3,patrol,Gandhinagar (other),under_investigation,synthetic,1.0
010511f8-55cf-5953-838b-4302250766f8,GNR/2026/01851,2026-09-18T10:30:00,23.240143,72.665253,8842cc6023fffff,theft,2,walk_in,Akshardham (Sector 20),under_investigation,synthetic,1.0
a2acf6c2-c153-54f3-bd7c-ffd3ae2313c1,GNR/2026/01852,2026-09-18T11:47:00,23.246299,72.660758,8842cc602bfffff,pickpocketing,1,patrol,Akshardham (Sector 20),under_investigation,synthetic,1.0
d76c38cf-cb96-593f-9701-2466d36954e7,GNR/2026/01853,2026-09-18T13:35:00,23.176115,72.624528,8842cc6a19fffff,burglary,3,walk_in,Sargasan Crossroads,under_investigation,synthetic,1.0
cb26742a-0a5f-5c67-8f78-f29b72c7a98a,GNR/2026/01854,2026-09-18T14:39:00,23.220258,72.657403,8842cc6111fffff,pickpocketing,1,patrol,Sector 21 Market,under_investigation,synthetic,1.0
9848ab99-3790-57f3-ab0c-e628cf9281f4,GNR/2026/01855,2026-09-18T15:16:00,23.224609,72.631343,8842cc6155fffff,burglary,3,online,Sector 16 Commercial,under_investigation,synthetic,1.0
4f06d8d6-c4aa-5aa2-853a-e9b0ef0104ca,GNR/2026/01856,2026-09-18T18:10:00,23.194909,72.626555,8842cc6129fffff,robbery,4,online,Infocity,under_investigation,synthetic,1.0
c2106d2a-485f-5594-9544-21327ad07bc5,GNR/2026/01857,2026-09-18T18:45:00,23.224632,72.649079,8842cc6119fffff,mobile_snatching,2,patrol,Sector 21 Market,registered,synthetic,1.0
3e250a34-5bc6-5e43-8b73-043852cb3af3,GNR/2026/01858,2026-09-18T18:53:00,23.166775,72.61981,8842cc6a1dfffff,theft,2,patrol,Sargasan Crossroads,under_investigation,synthetic,1.0
7bd08752-6b3a-5255-aedc-5529fb7dd492,GNR/2026/01859,2026-09-18T19:08:00,23.182531,72.627735,8842cc6125fffff,robbery,4,patrol,Infocity,registered,synthetic,1.0
f60bcfdf-e173-537a-ad26-226fc537b424,GNR/2026/01860,2026-09-18T20:33:00,23.208996,72.641481,8842cc6103fffff,harassment,3,online,Sector 7 Secretariat,under_investigation,synthetic,1.0
e54bd7f9-506f-5e16-91c6-bfaab8849f07,GNR/2026/01861,2026-09-19T11:21:00,23.223136,72.631876,8842cc6155fffff,theft,2,patrol,Sector 16 Commercial,registered,synthetic,1.0
b90bbdef-eaee-5f82-8ce4-cc70df52114c,GNR/2026/01862,2026-09-19T12:40:00,23.213168,72.650634,8842cc6115fffff,burglary,3,patrol,Sector 21 Market,under_investigation,synthetic,1.0
58ca01ef-6e8d-57d9-a4bf-4f5b20485d54,GNR/2026/01863,2026-09-19T14:00:00,23.201702,72.612177,8842cc6161fffff,theft,2,online,Gandhinagar (other),registered,synthetic,1.0
92dac8c3-8cd4-5ac1-8cd3-1f73732bd64b,GNR/2026/01864,2026-09-19T16:24:00,23.233682,72.645163,8842cc6153fffff,harassment,3,patrol,Sector 16 Commercial,under_investigation,synthetic,1.0
6b5b599b-9157-5c88-a516-c1fecb42a7d9,GNR/2026/01865,2026-09-19T18:08:00,23.175388,72.624695,8842cc6a19fffff,pickpocketing,1,patrol,Sargasan Crossroads,registered,synthetic,1.0
ac4fb64a-be8b-58b7-bb79-1e063e9372a1,GNR/2026/01866,2026-09-19T18:13:00,23.240772,72.666246,8842cc6023fffff,mobile_snatching,2,helpline,Akshardham (Sector 20),under_investigation,synthetic,1.0
5df4e239-f492-5675-a155-9d03b78654fb,GNR/2026/01867,2026-09-19T19:02:00,23.226217,72.668873,8842cc61cdfffff,chain_snatching,3,online,Gandhinagar (other),registered,synthetic,1.0
dd052aa1-087f-53ff-b7ae-cdeba1c44cf3,GNR/2026/01868,2026-09-19T20:01:00,23.189923,72.623305,8842cc612dfffff,theft,2,walk_in,Infocity,registered,synthetic,1.0
23a33882-82ec-568a-9b0d-b35ab7a7842f,GNR/2026/01869,2026-09-19T20:27:00,23.175943,72.623379,8842cc6a19fffff,mobile_snatching,2,helpline,Sargasan Crossroads,registered,synthetic,1.0
f54a47ba-bb26-5abc-ac40-c4cedfa715fa,GNR/2026/01870,2026-09-19T20:55:00,23.217266,72.64629,8842cc611dfffff,chain_snatching,3,online,Sector 21 Market,under_investigation,synthetic,1.0
ad8474cb-372d-5cb6-9493-85087ef6188f,GNR/2026/01871,2026-09-19T21:20:00,23.163365,72.69791,8842cc6abbfffff,harassment,3,walk_in,Gandhinagar (other),under_investigation,synthetic,1.0
3e140e05-112f-5a82-b872-b1c80ccb8f8a,GNR/2026/01872,2026-09-20T06:12:00,23.182709,72.638519,8842cc6127fffff,theft,2,walk_in,Kudasan,under_investigation,synthetic,1.0
b7f07f6d-9f0e-5f5e-bdf2-30d9b59fd6c3,GNR/2026/01873,2026-09-20T09:24:00,23.194405,72.626995,8842cc6129fffff,theft,2,online,Infocity,under_investigation,synthetic,1.0
f0a886b7-271c-5a9f-bd32-9426e7279d41,GNR/2026/01874,2026-09-20T12:40:00,23.168778,72.629765,8842cc6a11fffff,pickpocketing,1,patrol,Sargasan Crossroads,registered,synthetic,1.0
ea5e5818-90cd-59c0-9a5e-f4d2a0748863,GNR/2026/01875,2026-09-20T13:21:00,23.216321,72.633509,8842cc610bfffff,mobile_snatching,2,helpline,Sector 7 Secretariat,under_investigation,synthetic,1.0
f663f689-a0ae-51a1-b212-78e74da156ca,GNR/2026/01876,2026-09-20T16:26:00,23.162881,72.63556,8842cc6a17fffff,theft,2,helpline,Sargasan Crossroads,under_investigation,synthetic,1.0
9268d0c6-fd79-568e-9b5f-84414d516222,GNR/2026/01877,2026-09-20T18:40:00,23.217689,72.646179,8842cc611dfffff,vehicle_theft,3,helpline,Sector 21 Market,under_investigation,synthetic,1.0
797bde4a-f2ac-5806-b685-32c654881aca,GNR/2026/01878,2026-09-20T18:50:00,23.227196,72.658279,8842cc611bfffff,pickpocketing,1,helpline,Sector 21 Market,under_investigation,synthetic,1.0
a02d5fd1-8e94-5796-a6c1-257f14777068,GNR/2026/01879,2026-09-20T19:08:00,23.213818,72.651504,8842cc6115fffff,mobile_snatching,2,helpline,Sector 21 Market,registered,synthetic,1.0
82c7594a-22da-5b2b-8d7f-63fb4cffe978,GNR/2026/01880,2026-09-20T21:06:00,23.174065,72.674481,8842cc6a8bfffff,mobile_snatching,2,walk_in,GIFT City,under_investigation,synthetic,1.0
